"endpoint","domain","source_test","data_type","endpoint_type","comparison","dataset_a","dataset_b","treatment","exposure","statistic","estimate","ci_low","ci_high","bootstrap_R_requested","bootstrap_R_valid"
"attempts","endurance","RN","count","count_or_discrete","BT1_vs_BT3","BT1","BT3","0","1h","mean_difference_b_minus_a",-0.107142857142857,-0.526785714285714,0.303571428571429,2000,2000
"attempts","endurance","RN","count","count_or_discrete","BT1_vs_BT3","BT1","BT3","0","1h","median_difference_b_minus_a",0,-0.5,0,2000,2000
"attempts","endurance","RN","count","count_or_discrete","BT1_vs_BT3","BT1","BT3","0","1h","hedges_g",-0.172599293964381,-0.947022350384992,0.491914676660466,2000,2000
"attempts","endurance","RN","count","count_or_discrete","BT1_vs_BT3","BT1","BT3","0","1h","cliffs_delta",-0.09375,-0.401785714285714,0.205468749999999,2000,2000
"attempts","endurance","RN","count","count_or_discrete","BT1_vs_BT3","BT1","BT3","0","24h","mean_difference_b_minus_a",0.133333333333333,-0.6,0.866666666666667,2000,2000
"attempts","endurance","RN","count","count_or_discrete","BT1_vs_BT3","BT1","BT3","0","24h","median_difference_b_minus_a",0,0,0,2000,2000
"attempts","endurance","RN","count","count_or_discrete","BT1_vs_BT3","BT1","BT3","0","24h","hedges_g",0.124231411460554,-0.521407752952541,0.858081506291219,2000,1975
"attempts","endurance","RN","count","count_or_discrete","BT1_vs_BT3","BT1","BT3","0","24h","cliffs_delta",0.124444444444444,-0.0935555555555555,0.386666666666667,2000,2000
"attempts","endurance","RN","count","count_or_discrete","BT1_vs_BT3","BT1","BT3","0","96h","mean_difference_b_minus_a",0.0625,0,0.1875,2000,2000
"attempts","endurance","RN","count","count_or_discrete","BT1_vs_BT3","BT1","BT3","0","96h","median_difference_b_minus_a",0,0,0,2000,2000
"attempts","endurance","RN","count","count_or_discrete","BT1_vs_BT3","BT1","BT3","0","96h","hedges_g",0.344640279906048,0.344640279906048,0.641210484703458,2000,1263
"attempts","endurance","RN","count","count_or_discrete","BT1_vs_BT3","BT1","BT3","0","96h","cliffs_delta",0.0625,0,0.1875,2000,2000
"attempts","endurance","RN","count","count_or_discrete","BT1_vs_BT3","BT1","BT3","0.5","1h","mean_difference_b_minus_a",0.3125,0,0.625,2000,2000
"attempts","endurance","RN","count","count_or_discrete","BT1_vs_BT3","BT1","BT3","0.5","1h","median_difference_b_minus_a",0,0,1,2000,2000
"attempts","endurance","RN","count","count_or_discrete","BT1_vs_BT3","BT1","BT3","0.5","1h","hedges_g",0.645193196814959,0,1.19523848641183,2000,1997
"attempts","endurance","RN","count","count_or_discrete","BT1_vs_BT3","BT1","BT3","0.5","1h","cliffs_delta",0.25390625,0,0.5,2000,2000
"attempts","endurance","RN","count","count_or_discrete","BT1_vs_BT3","BT1","BT3","0.5","24h","mean_difference_b_minus_a",0.642857142857143,0,1.5,2000,2000
"attempts","endurance","RN","count","count_or_discrete","BT1_vs_BT3","BT1","BT3","0.5","24h","median_difference_b_minus_a",0,0,0,2000,2000
"attempts","endurance","RN","count","count_or_discrete","BT1_vs_BT3","BT1","BT3","0.5","24h","hedges_g",0.622368276311732,0.37436544017777,1.00607689025614,2000,1913
"attempts","endurance","RN","count","count_or_discrete","BT1_vs_BT3","BT1","BT3","0.5","24h","cliffs_delta",0.214285714285714,0,0.428571428571429,2000,2000
"attempts","endurance","RN","count","count_or_discrete","BT1_vs_BT3","BT1","BT3","0.5","96h","mean_difference_b_minus_a",1.125,0.3125,1.9375,2000,2000
"attempts","endurance","RN","count","count_or_discrete","BT1_vs_BT3","BT1","BT3","0.5","96h","median_difference_b_minus_a",1,1,2,2000,2000
"attempts","endurance","RN","count","count_or_discrete","BT1_vs_BT3","BT1","BT3","0.5","96h","hedges_g",0.888032025952509,0.211910661137614,1.78125671103789,2000,2000
"attempts","endurance","RN","count","count_or_discrete","BT1_vs_BT3","BT1","BT3","0.5","96h","cliffs_delta",0.57421875,0.26552734375,0.84375,2000,2000
"attempts","endurance","RN","count","count_or_discrete","BT1_vs_BT3","BT1","BT3","1","1h","mean_difference_b_minus_a",1.8875,0.9540625,2.8,2000,2000
"attempts","endurance","RN","count","count_or_discrete","BT1_vs_BT3","BT1","BT3","1","1h","median_difference_b_minus_a",2,1,4,2000,2000
"attempts","endurance","RN","count","count_or_discrete","BT1_vs_BT3","BT1","BT3","1","1h","hedges_g",1.37494117348026,0.563886717755229,2.65558505434277,2000,2000
"attempts","endurance","RN","count","count_or_discrete","BT1_vs_BT3","BT1","BT3","1","1h","cliffs_delta",0.683333333333333,0.4040625,0.925104166666666,2000,2000
"attempts","endurance","RN","count","count_or_discrete","BT1_vs_BT3","BT1","BT3","1","24h","mean_difference_b_minus_a",0.940476190476191,-0.0119047619047619,1.89285714285714,2000,2000
"attempts","endurance","RN","count","count_or_discrete","BT1_vs_BT3","BT1","BT3","1","24h","median_difference_b_minus_a",1,0,3,2000,2000
"attempts","endurance","RN","count","count_or_discrete","BT1_vs_BT3","BT1","BT3","1","24h","hedges_g",0.722568162318082,-0.0175955962665763,1.91098499445343,2000,2000
"attempts","endurance","RN","count","count_or_discrete","BT1_vs_BT3","BT1","BT3","1","24h","cliffs_delta",0.43452380952381,0.0416666666666667,0.785714285714286,2000,2000
"attempts","endurance","RN","count","count_or_discrete","BT1_vs_BT3","BT1","BT3","1","96h","mean_difference_b_minus_a",0.285714285714286,-0.519047619047619,1.14773809523809,2000,2000
"attempts","endurance","RN","count","count_or_discrete","BT1_vs_BT3","BT1","BT3","1","96h","median_difference_b_minus_a",-0.5,-1,2,2000,2000
"attempts","endurance","RN","count","count_or_discrete","BT1_vs_BT3","BT1","BT3","1","96h","hedges_g",0.23148772527447,-0.567369350699674,0.853730288081457,2000,2000
"attempts","endurance","RN","count","count_or_discrete","BT1_vs_BT3","BT1","BT3","1","96h","cliffs_delta",0.00952380952380952,-0.39047619047619,0.381071428571428,2000,2000
"dist_total","NTT locomotion","NTT","continuous","continuous_or_derived","BT1_vs_BT2","BT1","BT2","0","1h","mean_difference_b_minus_a",2344.41785714286,970.420825892856,3717.15683035714,2000,2000
"dist_total","NTT locomotion","NTT","continuous","continuous_or_derived","BT1_vs_BT2","BT1","BT2","0","1h","median_difference_b_minus_a",2285.95,265.67375,4948.35,2000,2000
"dist_total","NTT locomotion","NTT","continuous","continuous_or_derived","BT1_vs_BT2","BT1","BT2","0","1h","hedges_g",1.13610474087772,0.437924174255192,2.11777076555784,2000,2000
"dist_total","NTT locomotion","NTT","continuous","continuous_or_derived","BT1_vs_BT2","BT1","BT2","0","1h","cliffs_delta",0.580357142857143,0.2140625,0.875,2000,2000
"dist_total","NTT locomotion","NTT","continuous","continuous_or_derived","BT1_vs_BT2","BT1","BT2","0","24h","mean_difference_b_minus_a",337.323416666667,-1130.300546875,1640.767046875,2000,2000
"dist_total","NTT locomotion","NTT","continuous","continuous_or_derived","BT1_vs_BT2","BT1","BT2","0","24h","median_difference_b_minus_a",397.16,-970.85,2050.25,2000,2000
"dist_total","NTT locomotion","NTT","continuous","continuous_or_derived","BT1_vs_BT2","BT1","BT2","0","24h","hedges_g",0.167945055773565,-0.487653924183081,1.09095719601565,2000,2000
"dist_total","NTT locomotion","NTT","continuous","continuous_or_derived","BT1_vs_BT2","BT1","BT2","0","24h","cliffs_delta",0.158333333333333,-0.283333333333333,0.541666666666667,2000,2000
"dist_total","NTT locomotion","NTT","continuous","continuous_or_derived","BT1_vs_BT2","BT1","BT2","0","96h","mean_difference_b_minus_a",644.57125,-702.10959375,2132.25853125,2000,2000
"dist_total","NTT locomotion","NTT","continuous","continuous_or_derived","BT1_vs_BT2","BT1","BT2","0","96h","median_difference_b_minus_a",57.0299999999997,-911.530625,1201.2335,2000,2000
"dist_total","NTT locomotion","NTT","continuous","continuous_or_derived","BT1_vs_BT2","BT1","BT2","0","96h","hedges_g",0.303837557904555,-0.414832356367799,0.907431559180858,2000,2000
"dist_total","NTT locomotion","NTT","continuous","continuous_or_derived","BT1_vs_BT2","BT1","BT2","0","96h","cliffs_delta",0.0390625,-0.3515625,0.4765625,2000,2000
"dist_total","NTT locomotion","NTT","continuous","continuous_or_derived","BT1_vs_BT2","BT1","BT2","0.5","1h","mean_difference_b_minus_a",450.610625,-899.22446875,1945.709125,2000,2000
"dist_total","NTT locomotion","NTT","continuous","continuous_or_derived","BT1_vs_BT2","BT1","BT2","0.5","1h","median_difference_b_minus_a",-13.4500000000007,-1087.715,1358.6,2000,2000
"dist_total","NTT locomotion","NTT","continuous","continuous_or_derived","BT1_vs_BT2","BT1","BT2","0.5","1h","hedges_g",0.208063643062829,-0.478354946353968,0.899214579645404,2000,2000
"dist_total","NTT locomotion","NTT","continuous","continuous_or_derived","BT1_vs_BT2","BT1","BT2","0.5","1h","cliffs_delta",0.1328125,-0.3046875,0.515625,2000,2000
"dist_total","NTT locomotion","NTT","continuous","continuous_or_derived","BT1_vs_BT2","BT1","BT2","0.5","24h","mean_difference_b_minus_a",-1215.37133333333,-2261.46443333333,-244.41265,2000,2000
"dist_total","NTT locomotion","NTT","continuous","continuous_or_derived","BT1_vs_BT2","BT1","BT2","0.5","24h","median_difference_b_minus_a",-1001.58,-2483.48,226.49,2000,2000
"dist_total","NTT locomotion","NTT","continuous","continuous_or_derived","BT1_vs_BT2","BT1","BT2","0.5","24h","hedges_g",-0.851131271534905,-1.53717580351732,-0.201519285217039,2000,2000
"dist_total","NTT locomotion","NTT","continuous","continuous_or_derived","BT1_vs_BT2","BT1","BT2","0.5","24h","cliffs_delta",-0.475555555555556,-0.804444444444444,-0.0755555555555556,2000,2000
"dist_total","NTT locomotion","NTT","continuous","continuous_or_derived","BT1_vs_BT2","BT1","BT2","0.5","96h","mean_difference_b_minus_a",885.60875,251.633078125,1493.84175,2000,2000
"dist_total","NTT locomotion","NTT","continuous","continuous_or_derived","BT1_vs_BT2","BT1","BT2","0.5","96h","median_difference_b_minus_a",885.9,146.47,1580.0885,2000,2000
"dist_total","NTT locomotion","NTT","continuous","continuous_or_derived","BT1_vs_BT2","BT1","BT2","0.5","96h","hedges_g",0.928532952878694,0.285142539942278,1.76932881010267,2000,2000
"dist_total","NTT locomotion","NTT","continuous","continuous_or_derived","BT1_vs_BT2","BT1","BT2","0.5","96h","cliffs_delta",0.5234375,0.140625,0.8359375,2000,2000
"dist_total","NTT locomotion","NTT","continuous","continuous_or_derived","BT1_vs_BT2","BT1","BT2","1","1h","mean_difference_b_minus_a",-1714.499375,-3739.892765625,495.351765625,2000,2000
"dist_total","NTT locomotion","NTT","continuous","continuous_or_derived","BT1_vs_BT2","BT1","BT2","1","1h","median_difference_b_minus_a",-2295.8,-5504.097875,1021.59849999999,2000,2000
"dist_total","NTT locomotion","NTT","continuous","continuous_or_derived","BT1_vs_BT2","BT1","BT2","1","1h","hedges_g",-0.524322367782262,-1.46520485283587,0.139854907406872,2000,2000
"dist_total","NTT locomotion","NTT","continuous","continuous_or_derived","BT1_vs_BT2","BT1","BT2","1","1h","cliffs_delta",-0.328125,-0.7109375,0.0861328124999989,2000,2000
"dist_total","NTT locomotion","NTT","continuous","continuous_or_derived","BT1_vs_BT2","BT1","BT2","1","24h","mean_difference_b_minus_a",-800.615476190476,-2151.78761309524,491.34225,2000,2000
"dist_total","NTT locomotion","NTT","continuous","continuous_or_derived","BT1_vs_BT2","BT1","BT2","1","24h","median_difference_b_minus_a",10.0200000000004,-2739.747,1393.015,2000,2000
"dist_total","NTT locomotion","NTT","continuous","continuous_or_derived","BT1_vs_BT2","BT1","BT2","1","24h","hedges_g",-0.458956614744318,-1.19595632735857,0.261741832191368,2000,2000
"dist_total","NTT locomotion","NTT","continuous","continuous_or_derived","BT1_vs_BT2","BT1","BT2","1","24h","cliffs_delta",-0.130952380952381,-0.571428571428571,0.345238095238095,2000,2000
"dist_total","NTT locomotion","NTT","continuous","continuous_or_derived","BT1_vs_BT2","BT1","BT2","1","96h","mean_difference_b_minus_a",-27.8764285714287,-895.486705357143,827.351017857143,2000,2000
"dist_total","NTT locomotion","NTT","continuous","continuous_or_derived","BT1_vs_BT2","BT1","BT2","1","96h","median_difference_b_minus_a",161.295,-639.852375000001,793.195249999998,2000,2000
"dist_total","NTT locomotion","NTT","continuous","continuous_or_derived","BT1_vs_BT2","BT1","BT2","1","96h","hedges_g",-0.0211496252462778,-0.614709632397399,0.752493546228054,2000,2000
"dist_total","NTT locomotion","NTT","continuous","continuous_or_derived","BT1_vs_BT2","BT1","BT2","1","96h","cliffs_delta",0.107142857142857,-0.3125,0.526785714285714,2000,2000
"first_choice_binary","LDT first choice","LDT","binary","binary","BT1_vs_BT2","BT1","BT2","0","1h","risk_difference_b_minus_a",-0.0982142857142857,-0.419642857142857,0.223214285714286,2000,2000
"first_choice_binary","LDT first choice","LDT","binary","binary","BT1_vs_BT2","BT1","BT2","0","24h","risk_difference_b_minus_a",0.0333333333333333,-0.304166666666667,0.358437499999999,2000,2000
"first_choice_binary","LDT first choice","LDT","binary","binary","BT1_vs_BT2","BT1","BT2","0","96h","risk_difference_b_minus_a",0.375,0.0625,0.625,2000,2000
"first_choice_binary","LDT first choice","LDT","binary","binary","BT1_vs_BT2","BT1","BT2","0.5","1h","risk_difference_b_minus_a",0.2875,-0.0416666666666666,0.6125,2000,2000
"first_choice_binary","LDT first choice","LDT","binary","binary","BT1_vs_BT2","BT1","BT2","0.5","24h","risk_difference_b_minus_a",-0.2,-0.533333333333333,0.133333333333333,2000,2000
"first_choice_binary","LDT first choice","LDT","binary","binary","BT1_vs_BT2","BT1","BT2","0.5","96h","risk_difference_b_minus_a",0.0625,0,0.1875,2000,2000
"first_choice_binary","LDT first choice","LDT","binary","binary","BT1_vs_BT2","BT1","BT2","1","1h","risk_difference_b_minus_a",0.4375,0.125,0.6875,2000,2000
"first_choice_binary","LDT first choice","LDT","binary","binary","BT1_vs_BT2","BT1","BT2","1","24h","risk_difference_b_minus_a",-0.25,-0.5,0,2000,2000
"first_choice_binary","LDT first choice","LDT","binary","binary","BT1_vs_BT2","BT1","BT2","1","96h","risk_difference_b_minus_a",-0.123809523809524,-0.395238095238095,0.152380952380952,2000,2000
"last_flux","endurance","RN","ordinal/step","count_or_discrete","BT1_vs_BT3","BT1","BT3","0","1h","mean_difference_b_minus_a",-1.9375,-3.58080357142857,-0.365848214285716,2000,2000
"last_flux","endurance","RN","ordinal/step","count_or_discrete","BT1_vs_BT3","BT1","BT3","0","1h","median_difference_b_minus_a",-2,-4.5,-0.5,2000,2000
"last_flux","endurance","RN","ordinal/step","count_or_discrete","BT1_vs_BT3","BT1","BT3","0","1h","hedges_g",-0.838762910260323,-1.80630575859496,-0.152340101830083,2000,2000
"last_flux","endurance","RN","ordinal/step","count_or_discrete","BT1_vs_BT3","BT1","BT3","0","1h","cliffs_delta",-0.482142857142857,-0.808147321428571,-0.0758928571428571,2000,2000
"last_flux","endurance","RN","ordinal/step","count_or_discrete","BT1_vs_BT3","BT1","BT3","0","24h","mean_difference_b_minus_a",-2.2,-4.2,-0.0666666666666664,2000,2000
"last_flux","endurance","RN","ordinal/step","count_or_discrete","BT1_vs_BT3","BT1","BT3","0","24h","median_difference_b_minus_a",-2,-5,-1,2000,2000
"last_flux","endurance","RN","ordinal/step","count_or_discrete","BT1_vs_BT3","BT1","BT3","0","24h","hedges_g",-0.738766083204183,-1.83569570497799,-0.0539827249773738,2000,2000
"last_flux","endurance","RN","ordinal/step","count_or_discrete","BT1_vs_BT3","BT1","BT3","0","24h","cliffs_delta",-0.502222222222222,-0.857777777777778,-0.0710000000000006,2000,2000
"last_flux","endurance","RN","ordinal/step","count_or_discrete","BT1_vs_BT3","BT1","BT3","0","96h","mean_difference_b_minus_a",-0.9375,-2.625,0.75,2000,2000
"last_flux","endurance","RN","ordinal/step","count_or_discrete","BT1_vs_BT3","BT1","BT3","0","96h","median_difference_b_minus_a",-1,-3.5,2,2000,2000
"last_flux","endurance","RN","ordinal/step","count_or_discrete","BT1_vs_BT3","BT1","BT3","0","96h","hedges_g",-0.358275351541285,-1.08417015737737,0.348824316039572,2000,2000
"last_flux","endurance","RN","ordinal/step","count_or_discrete","BT1_vs_BT3","BT1","BT3","0","96h","cliffs_delta",-0.21484375,-0.59384765625,0.16796875,2000,2000
"last_flux","endurance","RN","ordinal/step","count_or_discrete","BT1_vs_BT3","BT1","BT3","0.5","1h","mean_difference_b_minus_a",-2.6875,-4.0625,-1.25,2000,2000
"last_flux","endurance","RN","ordinal/step","count_or_discrete","BT1_vs_BT3","BT1","BT3","0.5","1h","median_difference_b_minus_a",-2.5,-4.5,-1.5,2000,2000
"last_flux","endurance","RN","ordinal/step","count_or_discrete","BT1_vs_BT3","BT1","BT3","0.5","1h","hedges_g",-1.29942579805477,-2.42109375147659,-0.612249144636095,2000,2000
"last_flux","endurance","RN","ordinal/step","count_or_discrete","BT1_vs_BT3","BT1","BT3","0.5","1h","cliffs_delta",-0.6796875,-0.921875,-0.375,2000,2000
"last_flux","endurance","RN","ordinal/step","count_or_discrete","BT1_vs_BT3","BT1","BT3","0.5","24h","mean_difference_b_minus_a",-2.40952380952381,-3.71916666666667,-1.05226190476191,2000,2000
"last_flux","endurance","RN","ordinal/step","count_or_discrete","BT1_vs_BT3","BT1","BT3","0.5","24h","median_difference_b_minus_a",-3,-3,-2,2000,2000
"last_flux","endurance","RN","ordinal/step","count_or_discrete","BT1_vs_BT3","BT1","BT3","0.5","24h","hedges_g",-1.22523490872661,-2.97004429641309,-0.46677505336989,2000,2000
"last_flux","endurance","RN","ordinal/step","count_or_discrete","BT1_vs_BT3","BT1","BT3","0.5","24h","cliffs_delta",-0.752380952380952,-1,-0.419047619047619,2000,2000
"last_flux","endurance","RN","ordinal/step","count_or_discrete","BT1_vs_BT3","BT1","BT3","0.5","96h","mean_difference_b_minus_a",-2.5,-4.1890625,-0.75,2000,2000
"last_flux","endurance","RN","ordinal/step","count_or_discrete","BT1_vs_BT3","BT1","BT3","0.5","96h","median_difference_b_minus_a",-4,-6,0,2000,2000
"last_flux","endurance","RN","ordinal/step","count_or_discrete","BT1_vs_BT3","BT1","BT3","0.5","96h","hedges_g",-0.973492789755121,-2.01076798904688,-0.267326100979215,2000,2000
"last_flux","endurance","RN","ordinal/step","count_or_discrete","BT1_vs_BT3","BT1","BT3","0.5","96h","cliffs_delta",-0.55859375,-0.859375,-0.195214843750001,2000,2000
"last_flux","endurance","RN","ordinal/step","count_or_discrete","BT1_vs_BT3","BT1","BT3","1","1h","mean_difference_b_minus_a",-3.425,-5.02916666666667,-1.8290625,2000,2000
"last_flux","endurance","RN","ordinal/step","count_or_discrete","BT1_vs_BT3","BT1","BT3","1","1h","median_difference_b_minus_a",-5,-7,-2,2000,2000
"last_flux","endurance","RN","ordinal/step","count_or_discrete","BT1_vs_BT3","BT1","BT3","1","1h","hedges_g",-1.3611877051372,-2.62745968275149,-0.647708861111902,2000,2000
"last_flux","endurance","RN","ordinal/step","count_or_discrete","BT1_vs_BT3","BT1","BT3","1","1h","cliffs_delta",-0.658333333333333,-0.9209375,-0.308333333333333,2000,2000
"last_flux","endurance","RN","ordinal/step","count_or_discrete","BT1_vs_BT3","BT1","BT3","1","24h","mean_difference_b_minus_a",-0.535714285714286,-2.20267857142857,1.14315476190476,2000,2000
"last_flux","endurance","RN","ordinal/step","count_or_discrete","BT1_vs_BT3","BT1","BT3","1","24h","median_difference_b_minus_a",0,-4,3,2000,2000
"last_flux","endurance","RN","ordinal/step","count_or_discrete","BT1_vs_BT3","BT1","BT3","1","24h","hedges_g",-0.217453482151551,-0.939437028099308,0.643739417767432,2000,2000
"last_flux","endurance","RN","ordinal/step","count_or_discrete","BT1_vs_BT3","BT1","BT3","1","24h","cliffs_delta",-0.0476190476190476,-0.494047619047619,0.404761904761905,2000,2000
"last_flux","endurance","RN","ordinal/step","count_or_discrete","BT1_vs_BT3","BT1","BT3","1","96h","mean_difference_b_minus_a",-1.33333333333333,-2.56214285714286,-0.166666666666667,2000,2000
"last_flux","endurance","RN","ordinal/step","count_or_discrete","BT1_vs_BT3","BT1","BT3","1","96h","median_difference_b_minus_a",0,-3,1,2000,2000
"last_flux","endurance","RN","ordinal/step","count_or_discrete","BT1_vs_BT3","BT1","BT3","1","96h","hedges_g",-0.756035744853366,-1.53866094409398,-0.157282179976047,2000,2000
"last_flux","endurance","RN","ordinal/step","count_or_discrete","BT1_vs_BT3","BT1","BT3","1","96h","cliffs_delta",-0.347619047619048,-0.704761904761905,0.0619047619047619,2000,2000
"latency","LDT decision latency","LDT","continuous or censored","continuous_or_derived","BT1_vs_BT2","BT1","BT2","0","1h","mean_difference_b_minus_a",-25.1428571428571,-64,0.142857142857143,2000,2000
"latency","LDT decision latency","LDT","continuous or censored","continuous_or_derived","BT1_vs_BT2","BT1","BT2","0","1h","median_difference_b_minus_a",0,0,0,2000,2000
"latency","LDT decision latency","LDT","continuous or censored","continuous_or_derived","BT1_vs_BT2","BT1","BT2","0","1h","hedges_g",-0.508294341009183,-0.893672338177248,0.332333538355446,2000,1984
"latency","LDT decision latency","LDT","continuous or censored","continuous_or_derived","BT1_vs_BT2","BT1","BT2","0","1h","cliffs_delta",-0.165178571428571,-0.428571428571429,0.0625,2000,2000
"latency","LDT decision latency","LDT","continuous or censored","continuous_or_derived","BT1_vs_BT2","BT1","BT2","0","24h","mean_difference_b_minus_a",-13.6,-37.3333333333333,0,2000,2000
"latency","LDT decision latency","LDT","continuous or censored","continuous_or_derived","BT1_vs_BT2","BT1","BT2","0","24h","median_difference_b_minus_a",0,0,0,2000,2000
"latency","LDT decision latency","LDT","continuous or censored","continuous_or_derived","BT1_vs_BT2","BT1","BT2","0","24h","hedges_g",-0.435446500006773,-0.816595918342401,-0.361917458831335,2000,1941
"latency","LDT decision latency","LDT","continuous or censored","continuous_or_derived","BT1_vs_BT2","BT1","BT2","0","24h","cliffs_delta",-0.2,-0.4,0,2000,2000
"latency","LDT decision latency","LDT","continuous or censored","continuous_or_derived","BT1_vs_BT2","BT1","BT2","0","96h","mean_difference_b_minus_a",-7.875,-20.8796875,0.875,2000,2000
"latency","LDT decision latency","LDT","continuous or censored","continuous_or_derived","BT1_vs_BT2","BT1","BT2","0","96h","median_difference_b_minus_a",0,0,0,2000,2000
"latency","LDT decision latency","LDT","continuous or censored","continuous_or_derived","BT1_vs_BT2","BT1","BT2","0","96h","hedges_g",-0.450781112773865,-0.805816232301911,0.280840002925862,2000,2000
"latency","LDT decision latency","LDT","continuous or censored","continuous_or_derived","BT1_vs_BT2","BT1","BT2","0","96h","cliffs_delta",-0.10546875,-0.39072265625,0.17578125,2000,2000
"latency","LDT decision latency","LDT","continuous or censored","continuous_or_derived","BT1_vs_BT2","BT1","BT2","0.5","1h","mean_difference_b_minus_a",-54.8125,-123.375,-3.875,2000,2000
"latency","LDT decision latency","LDT","continuous or censored","continuous_or_derived","BT1_vs_BT2","BT1","BT2","0.5","1h","median_difference_b_minus_a",0,-70,0,2000,2000
"latency","LDT decision latency","LDT","continuous or censored","continuous_or_derived","BT1_vs_BT2","BT1","BT2","0.5","1h","hedges_g",-0.588236372822931,-1.01440377695705,-0.14476626058722,2000,2000
"latency","LDT decision latency","LDT","continuous or censored","continuous_or_derived","BT1_vs_BT2","BT1","BT2","0.5","1h","cliffs_delta",-0.16796875,-0.46875,0.125,2000,2000
"latency","LDT decision latency","LDT","continuous or censored","continuous_or_derived","BT1_vs_BT2","BT1","BT2","0.5","24h","mean_difference_b_minus_a",-35.6,-105.945,29.4683333333333,2000,2000
"latency","LDT decision latency","LDT","continuous or censored","continuous_or_derived","BT1_vs_BT2","BT1","BT2","0.5","24h","median_difference_b_minus_a",-2,-20,7,2000,2000
"latency","LDT decision latency","LDT","continuous or censored","continuous_or_derived","BT1_vs_BT2","BT1","BT2","0.5","24h","hedges_g",-0.348231673993875,-0.961584532925662,0.370490372764631,2000,2000
"latency","LDT decision latency","LDT","continuous or censored","continuous_or_derived","BT1_vs_BT2","BT1","BT2","0.5","24h","cliffs_delta",-0.244444444444444,-0.582222222222222,0.120111111111111,2000,2000
"latency","LDT decision latency","LDT","continuous or censored","continuous_or_derived","BT1_vs_BT2","BT1","BT2","0.5","96h","mean_difference_b_minus_a",-15.4375,-80.9390625,32.0015625,2000,2000
"latency","LDT decision latency","LDT","continuous or censored","continuous_or_derived","BT1_vs_BT2","BT1","BT2","0.5","96h","median_difference_b_minus_a",0,0,6,2000,2000
"latency","LDT decision latency","LDT","continuous or censored","continuous_or_derived","BT1_vs_BT2","BT1","BT2","0.5","96h","hedges_g",-0.180981795478959,-0.628912064854092,0.661331007683949,2000,2000
"latency","LDT decision latency","LDT","continuous or censored","continuous_or_derived","BT1_vs_BT2","BT1","BT2","0.5","96h","cliffs_delta",0.1328125,-0.18359375,0.46484375,2000,2000
"latency","LDT decision latency","LDT","continuous or censored","continuous_or_derived","BT1_vs_BT2","BT1","BT2","1","1h","mean_difference_b_minus_a",-16.1875,-74.7515625,45.2546875,2000,2000
"latency","LDT decision latency","LDT","continuous or censored","continuous_or_derived","BT1_vs_BT2","BT1","BT2","1","1h","median_difference_b_minus_a",0,-13,0,2000,2000
"latency","LDT decision latency","LDT","continuous or censored","continuous_or_derived","BT1_vs_BT2","BT1","BT2","1","1h","hedges_g",-0.179345008955292,-0.902331021380967,0.429049109032038,2000,1999
"latency","LDT decision latency","LDT","continuous or censored","continuous_or_derived","BT1_vs_BT2","BT1","BT2","1","1h","cliffs_delta",-0.1796875,-0.50390625,0.140625,2000,2000
"latency","LDT decision latency","LDT","continuous or censored","continuous_or_derived","BT1_vs_BT2","BT1","BT2","1","24h","mean_difference_b_minus_a",35.3214285714286,-3.42857142857143,106.321428571429,2000,2000
"latency","LDT decision latency","LDT","continuous or censored","continuous_or_derived","BT1_vs_BT2","BT1","BT2","1","24h","median_difference_b_minus_a",0,-4,0,2000,2000
"latency","LDT decision latency","LDT","continuous or censored","continuous_or_derived","BT1_vs_BT2","BT1","BT2","1","24h","hedges_g",0.427272534499887,-0.897513461531949,0.838217356347265,2000,1998
"latency","LDT decision latency","LDT","continuous or censored","continuous_or_derived","BT1_vs_BT2","BT1","BT2","1","24h","cliffs_delta",-0.0714285714285714,-0.428571428571429,0.25,2000,2000
"latency","LDT decision latency","LDT","continuous or censored","continuous_or_derived","BT1_vs_BT2","BT1","BT2","1","96h","mean_difference_b_minus_a",33.4553571428571,0.481473214285714,93.9941964285714,2000,2000
"latency","LDT decision latency","LDT","continuous or censored","continuous_or_derived","BT1_vs_BT2","BT1","BT2","1","96h","median_difference_b_minus_a",0,0,12,2000,2000
"latency","LDT decision latency","LDT","continuous or censored","continuous_or_derived","BT1_vs_BT2","BT1","BT2","1","96h","hedges_g",0.37401965572766,0.101823330484811,1.18796269673968,2000,2000
"latency","LDT decision latency","LDT","continuous or censored","continuous_or_derived","BT1_vs_BT2","BT1","BT2","1","96h","cliffs_delta",0.3125,-0.00446428571428571,0.611830357142856,2000,2000
"mov_total","NTT locomotion","NTT","continuous derived","continuous_or_derived","BT1_vs_BT2","BT1","BT2","0","1h","mean_difference_b_minus_a",65.2678571428572,-6.92075892857142,151.302008928571,2000,2000
"mov_total","NTT locomotion","NTT","continuous derived","continuous_or_derived","BT1_vs_BT2","BT1","BT2","0","1h","median_difference_b_minus_a",-24.5,-42.5,185,2000,2000
"mov_total","NTT locomotion","NTT","continuous derived","continuous_or_derived","BT1_vs_BT2","BT1","BT2","0","1h","hedges_g",0.585437839095029,-0.136981678902459,1.16975495293531,2000,2000
"mov_total","NTT locomotion","NTT","continuous derived","continuous_or_derived","BT1_vs_BT2","BT1","BT2","0","1h","cliffs_delta",-0.236607142857143,-0.656361607142857,0.223214285714286,2000,2000
"mov_total","NTT locomotion","NTT","continuous derived","continuous_or_derived","BT1_vs_BT2","BT1","BT2","0","24h","mean_difference_b_minus_a",-47.525,-102.280625,5.33885416666664,2000,2000
"mov_total","NTT locomotion","NTT","continuous derived","continuous_or_derived","BT1_vs_BT2","BT1","BT2","0","24h","median_difference_b_minus_a",-34,-92,-11.9750000000001,2000,2000
"mov_total","NTT locomotion","NTT","continuous derived","continuous_or_derived","BT1_vs_BT2","BT1","BT2","0","24h","hedges_g",-0.580077782594683,-1.64200228966234,0.106453704036691,2000,2000
"mov_total","NTT locomotion","NTT","continuous derived","continuous_or_derived","BT1_vs_BT2","BT1","BT2","0","24h","cliffs_delta",-0.629166666666667,-0.908333333333333,-0.287395833333334,2000,2000
"mov_total","NTT locomotion","NTT","continuous derived","continuous_or_derived","BT1_vs_BT2","BT1","BT2","0","96h","mean_difference_b_minus_a",-3.1875,-47.759375,56.56875,2000,2000
"mov_total","NTT locomotion","NTT","continuous derived","continuous_or_derived","BT1_vs_BT2","BT1","BT2","0","96h","median_difference_b_minus_a",-32,-45.5,6.5,2000,2000
"mov_total","NTT locomotion","NTT","continuous derived","continuous_or_derived","BT1_vs_BT2","BT1","BT2","0","96h","hedges_g",-0.0410179035503832,-1.14051206985817,0.498360527196142,2000,2000
"mov_total","NTT locomotion","NTT","continuous derived","continuous_or_derived","BT1_vs_BT2","BT1","BT2","0","96h","cliffs_delta",-0.3125,-0.6640625,0.0938476562499995,2000,2000
"mov_total","NTT locomotion","NTT","continuous derived","continuous_or_derived","BT1_vs_BT2","BT1","BT2","0.5","1h","mean_difference_b_minus_a",2.25,-103.5015625,104.890625,2000,2000
"mov_total","NTT locomotion","NTT","continuous derived","continuous_or_derived","BT1_vs_BT2","BT1","BT2","0.5","1h","median_difference_b_minus_a",-32.5,-57.5,68.0374999999998,2000,2000
"mov_total","NTT locomotion","NTT","continuous derived","continuous_or_derived","BT1_vs_BT2","BT1","BT2","0.5","1h","hedges_g",0.0139250135661298,-0.720641509332722,0.672538316861224,2000,2000
"mov_total","NTT locomotion","NTT","continuous derived","continuous_or_derived","BT1_vs_BT2","BT1","BT2","0.5","1h","cliffs_delta",-0.29296875,-0.68759765625,0.13671875,2000,2000
"mov_total","NTT locomotion","NTT","continuous derived","continuous_or_derived","BT1_vs_BT2","BT1","BT2","0.5","24h","mean_difference_b_minus_a",-57.1333333333333,-122.266666666667,-11.5983333333333,2000,2000
"mov_total","NTT locomotion","NTT","continuous derived","continuous_or_derived","BT1_vs_BT2","BT1","BT2","0.5","24h","median_difference_b_minus_a",-13,-72,11,2000,2000
"mov_total","NTT locomotion","NTT","continuous derived","continuous_or_derived","BT1_vs_BT2","BT1","BT2","0.5","24h","hedges_g",-0.680083158208376,-1.20821683650511,-0.421849614342788,2000,2000
"mov_total","NTT locomotion","NTT","continuous derived","continuous_or_derived","BT1_vs_BT2","BT1","BT2","0.5","24h","cliffs_delta",-0.444444444444444,-0.76,-0.0532222222222228,2000,2000
"mov_total","NTT locomotion","NTT","continuous derived","continuous_or_derived","BT1_vs_BT2","BT1","BT2","0.5","96h","mean_difference_b_minus_a",-14.6875,-27.3765625,-1.18437500000002,2000,2000
"mov_total","NTT locomotion","NTT","continuous derived","continuous_or_derived","BT1_vs_BT2","BT1","BT2","0.5","96h","median_difference_b_minus_a",-10,-25.5125,2.5,2000,2000
"mov_total","NTT locomotion","NTT","continuous derived","continuous_or_derived","BT1_vs_BT2","BT1","BT2","0.5","96h","hedges_g",-0.719833260207245,-1.41665051981527,-0.0884376723077089,2000,2000
"mov_total","NTT locomotion","NTT","continuous derived","continuous_or_derived","BT1_vs_BT2","BT1","BT2","0.5","96h","cliffs_delta",-0.37109375,-0.7265625,0.03125,2000,2000
"mov_total","NTT locomotion","NTT","continuous derived","continuous_or_derived","BT1_vs_BT2","BT1","BT2","1","1h","mean_difference_b_minus_a",-107.25,-199.64375,-12.496875,2000,2000
"mov_total","NTT locomotion","NTT","continuous derived","continuous_or_derived","BT1_vs_BT2","BT1","BT2","1","1h","median_difference_b_minus_a",-143,-275.5,-28,2000,2000
"mov_total","NTT locomotion","NTT","continuous derived","continuous_or_derived","BT1_vs_BT2","BT1","BT2","1","1h","hedges_g",-0.753169107933794,-1.8884504337665,-0.101410483039378,2000,2000
"mov_total","NTT locomotion","NTT","continuous derived","continuous_or_derived","BT1_vs_BT2","BT1","BT2","1","1h","cliffs_delta",-0.63671875,-0.93359375,-0.273339843750001,2000,2000
"mov_total","NTT locomotion","NTT","continuous derived","continuous_or_derived","BT1_vs_BT2","BT1","BT2","1","24h","mean_difference_b_minus_a",-94.297619047619,-187.520535714286,-10.6904761904763,2000,2000
"mov_total","NTT locomotion","NTT","continuous derived","continuous_or_derived","BT1_vs_BT2","BT1","BT2","1","24h","median_difference_b_minus_a",-45,-268,25.5,2000,2000
"mov_total","NTT locomotion","NTT","continuous derived","continuous_or_derived","BT1_vs_BT2","BT1","BT2","1","24h","hedges_g",-0.83813475035965,-1.64457960018877,-0.175146048372799,2000,2000
"mov_total","NTT locomotion","NTT","continuous derived","continuous_or_derived","BT1_vs_BT2","BT1","BT2","1","24h","cliffs_delta",-0.244047619047619,-0.702529761904762,0.25,2000,2000
"mov_total","NTT locomotion","NTT","continuous derived","continuous_or_derived","BT1_vs_BT2","BT1","BT2","1","96h","mean_difference_b_minus_a",11.5357142857143,-56.7107142857143,61.975,2000,2000
"mov_total","NTT locomotion","NTT","continuous derived","continuous_or_derived","BT1_vs_BT2","BT1","BT2","1","96h","median_difference_b_minus_a",17.5,-3.025,49,2000,2000
"mov_total","NTT locomotion","NTT","continuous derived","continuous_or_derived","BT1_vs_BT2","BT1","BT2","1","96h","hedges_g",0.129931256000459,-0.417803592809412,1.31657900232902,2000,2000
"mov_total","NTT locomotion","NTT","continuous derived","continuous_or_derived","BT1_vs_BT2","BT1","BT2","1","96h","cliffs_delta",0.348214285714286,-0.0670758928571428,0.705357142857143,2000,2000
"mtpc","LDT transition behavior","LDT","continuous derived","continuous_or_derived","BT1_vs_BT2","BT1","BT2","0","1h","mean_difference_b_minus_a",38.1122854475394,-1.9804630680595,104.000572020599,2000,2000
"mtpc","LDT transition behavior","LDT","continuous derived","continuous_or_derived","BT1_vs_BT2","BT1","BT2","0","1h","median_difference_b_minus_a",3.17272727272727,0.282399064171123,20.2901267577738,2000,2000
"mtpc","LDT transition behavior","LDT","continuous derived","continuous_or_derived","BT1_vs_BT2","BT1","BT2","0","1h","hedges_g",0.424440500815496,-0.0790406199566619,0.898492749645525,2000,2000
"mtpc","LDT transition behavior","LDT","continuous derived","continuous_or_derived","BT1_vs_BT2","BT1","BT2","0","1h","cliffs_delta",0.513392857142857,0.138392857142857,0.839285714285714,2000,2000
"mtpc","LDT transition behavior","LDT","continuous derived","continuous_or_derived","BT1_vs_BT2","BT1","BT2","0","24h","mean_difference_b_minus_a",85.6182868511555,4.79468143578354,176.84863856386,2000,2000
"mtpc","LDT transition behavior","LDT","continuous derived","continuous_or_derived","BT1_vs_BT2","BT1","BT2","0","24h","median_difference_b_minus_a",5.52363636363637,0.786042692939245,16.4444444444444,2000,2000
"mtpc","LDT transition behavior","LDT","continuous derived","continuous_or_derived","BT1_vs_BT2","BT1","BT2","0","24h","hedges_g",0.63500770668842,0.247243137941575,1.05179679869413,2000,2000
"mtpc","LDT transition behavior","LDT","continuous derived","continuous_or_derived","BT1_vs_BT2","BT1","BT2","0","24h","cliffs_delta",0.558333333333333,0.191666666666667,0.875,2000,2000
"mtpc","LDT transition behavior","LDT","continuous derived","continuous_or_derived","BT1_vs_BT2","BT1","BT2","0","96h","mean_difference_b_minus_a",5.97858438284805,-20.3485332507897,41.1626722635682,2000,2000
"mtpc","LDT transition behavior","LDT","continuous derived","continuous_or_derived","BT1_vs_BT2","BT1","BT2","0","96h","median_difference_b_minus_a",1.02838744588745,-5.11448506576544,5.47178947368421,2000,2000
"mtpc","LDT transition behavior","LDT","continuous derived","continuous_or_derived","BT1_vs_BT2","BT1","BT2","0","96h","hedges_g",0.128662142463619,-0.681673646934093,0.633738659845395,2000,2000
"mtpc","LDT transition behavior","LDT","continuous derived","continuous_or_derived","BT1_vs_BT2","BT1","BT2","0","96h","cliffs_delta",0.046875,-0.3517578125,0.453125,2000,2000
"mtpc","LDT transition behavior","LDT","continuous derived","continuous_or_derived","BT1_vs_BT2","BT1","BT2","0.5","1h","mean_difference_b_minus_a",33.2874709928933,-15.687742642375,102.386099176319,2000,2000
"mtpc","LDT transition behavior","LDT","continuous derived","continuous_or_derived","BT1_vs_BT2","BT1","BT2","0.5","1h","median_difference_b_minus_a",2.2114705882353,-0.284508597883593,7.17435897435897,2000,2000
"mtpc","LDT transition behavior","LDT","continuous derived","continuous_or_derived","BT1_vs_BT2","BT1","BT2","0.5","1h","hedges_g",0.359304317087419,-0.373556488717759,0.806313146561487,2000,2000
"mtpc","LDT transition behavior","LDT","continuous derived","continuous_or_derived","BT1_vs_BT2","BT1","BT2","0.5","1h","cliffs_delta",0.328125,-0.07431640625,0.707128906249999,2000,2000
"mtpc","LDT transition behavior","LDT","continuous derived","continuous_or_derived","BT1_vs_BT2","BT1","BT2","0.5","24h","mean_difference_b_minus_a",74.1381387858926,0.210501483586514,162.914467882022,2000,2000
"mtpc","LDT transition behavior","LDT","continuous derived","continuous_or_derived","BT1_vs_BT2","BT1","BT2","0.5","24h","median_difference_b_minus_a",29.9909090909091,-1.50625,85.4285714285714,2000,2000
"mtpc","LDT transition behavior","LDT","continuous derived","continuous_or_derived","BT1_vs_BT2","BT1","BT2","0.5","24h","hedges_g",0.606994164017859,0.0190479585425976,1.09689956197209,2000,2000
"mtpc","LDT transition behavior","LDT","continuous derived","continuous_or_derived","BT1_vs_BT2","BT1","BT2","0.5","24h","cliffs_delta",0.288888888888889,-0.146666666666667,0.697777777777778,2000,2000
"mtpc","LDT transition behavior","LDT","continuous derived","continuous_or_derived","BT1_vs_BT2","BT1","BT2","0.5","96h","mean_difference_b_minus_a",22.1075543829457,-59.8483806592949,98.8780771228695,2000,2000
"mtpc","LDT transition behavior","LDT","continuous derived","continuous_or_derived","BT1_vs_BT2","BT1","BT2","0.5","96h","median_difference_b_minus_a",4.69466187611409,-5.93231483623161,34.4427272727273,2000,2000
"mtpc","LDT transition behavior","LDT","continuous derived","continuous_or_derived","BT1_vs_BT2","BT1","BT2","0.5","96h","hedges_g",0.186966680462637,-0.456120376681799,0.927347623985926,2000,2000
"mtpc","LDT transition behavior","LDT","continuous derived","continuous_or_derived","BT1_vs_BT2","BT1","BT2","0.5","96h","cliffs_delta",0.0546875,-0.3828125,0.4765625,2000,2000
"mtpc","LDT transition behavior","LDT","continuous derived","continuous_or_derived","BT1_vs_BT2","BT1","BT2","1","1h","mean_difference_b_minus_a",34.147489007785,-8.46163363242217,101.069499049161,2000,2000
"mtpc","LDT transition behavior","LDT","continuous derived","continuous_or_derived","BT1_vs_BT2","BT1","BT2","1","1h","median_difference_b_minus_a",2.06992255056772,-3.26884387717351,14.7520928026783,2000,2000
"mtpc","LDT transition behavior","LDT","continuous derived","continuous_or_derived","BT1_vs_BT2","BT1","BT2","1","1h","hedges_g",0.388347507268356,-0.382938613519916,0.758566932005061,2000,2000
"mtpc","LDT transition behavior","LDT","continuous derived","continuous_or_derived","BT1_vs_BT2","BT1","BT2","1","1h","cliffs_delta",0.21875,-0.19541015625,0.609375,2000,2000
"mtpc","LDT transition behavior","LDT","continuous derived","continuous_or_derived","BT1_vs_BT2","BT1","BT2","1","24h","mean_difference_b_minus_a",3.28541508502504,-33.2664079731331,35.1368410790934,2000,2000
"mtpc","LDT transition behavior","LDT","continuous derived","continuous_or_derived","BT1_vs_BT2","BT1","BT2","1","24h","median_difference_b_minus_a",1.87634952766531,-2.74436339522546,19.7605311355311,2000,2000
"mtpc","LDT transition behavior","LDT","continuous derived","continuous_or_derived","BT1_vs_BT2","BT1","BT2","1","24h","hedges_g",0.0651536098872729,-0.506789149092382,1.06069381220206,2000,2000
"mtpc","LDT transition behavior","LDT","continuous derived","continuous_or_derived","BT1_vs_BT2","BT1","BT2","1","24h","cliffs_delta",0.142857142857143,-0.30952380952381,0.595238095238095,2000,2000
"mtpc","LDT transition behavior","LDT","continuous derived","continuous_or_derived","BT1_vs_BT2","BT1","BT2","1","96h","mean_difference_b_minus_a",37.1976905314103,-118.116741656322,183.212355646095,2000,2000
"mtpc","LDT transition behavior","LDT","continuous derived","continuous_or_derived","BT1_vs_BT2","BT1","BT2","1","96h","median_difference_b_minus_a",11.8833333333333,-235.969508928571,451.285714285714,2000,2000
"mtpc","LDT transition behavior","LDT","continuous derived","continuous_or_derived","BT1_vs_BT2","BT1","BT2","1","96h","hedges_g",0.169572334429343,-0.571421519410654,0.973015157262661,2000,2000
"mtpc","LDT transition behavior","LDT","continuous derived","continuous_or_derived","BT1_vs_BT2","BT1","BT2","1","96h","cliffs_delta",0.2,-0.228571428571429,0.614285714285714,2000,2000
"num_changes","LDT transition behavior","LDT","count","count_or_discrete","BT1_vs_BT2","BT1","BT2","0","1h","mean_difference_b_minus_a",-9.13392857142857,-20.4569196428571,2.51205357142855,2000,2000
"num_changes","LDT transition behavior","LDT","count","count_or_discrete","BT1_vs_BT2","BT1","BT2","0","1h","median_difference_b_minus_a",-12,-24.5,6.5,2000,2000
"num_changes","LDT transition behavior","LDT","count","count_or_discrete","BT1_vs_BT2","BT1","BT2","0","1h","hedges_g",-0.55671032233399,-1.33171621796272,0.109175475547535,2000,2000
"num_changes","LDT transition behavior","LDT","count","count_or_discrete","BT1_vs_BT2","BT1","BT2","0","1h","cliffs_delta",-0.316964285714286,-0.705357142857143,0.0982142857142857,2000,2000
"num_changes","LDT transition behavior","LDT","count","count_or_discrete","BT1_vs_BT2","BT1","BT2","0","24h","mean_difference_b_minus_a",-3.80833333333333,-11.2,3.58406249999999,2000,2000
"num_changes","LDT transition behavior","LDT","count","count_or_discrete","BT1_vs_BT2","BT1","BT2","0","24h","median_difference_b_minus_a",-3.5,-16,6,2000,2000
"num_changes","LDT transition behavior","LDT","count","count_or_discrete","BT1_vs_BT2","BT1","BT2","0","24h","hedges_g",-0.354266839494248,-1.13478114643795,0.327934103093095,2000,2000
"num_changes","LDT transition behavior","LDT","count","count_or_discrete","BT1_vs_BT2","BT1","BT2","0","24h","cliffs_delta",-0.204166666666667,-0.6125,0.204270833333333,2000,2000
"num_changes","LDT transition behavior","LDT","count","count_or_discrete","BT1_vs_BT2","BT1","BT2","0","96h","mean_difference_b_minus_a",7.1875,-0.1890625,15.125,2000,2000
"num_changes","LDT transition behavior","LDT","count","count_or_discrete","BT1_vs_BT2","BT1","BT2","0","96h","median_difference_b_minus_a",3.5,-4,18,2000,2000
"num_changes","LDT transition behavior","LDT","count","count_or_discrete","BT1_vs_BT2","BT1","BT2","0","96h","hedges_g",0.612635709395521,-0.0230676565480532,1.30336945105074,2000,2000
"num_changes","LDT transition behavior","LDT","count","count_or_discrete","BT1_vs_BT2","BT1","BT2","0","96h","cliffs_delta",0.3203125,-0.08984375,0.668066406249999,2000,2000
"num_changes","LDT transition behavior","LDT","count","count_or_discrete","BT1_vs_BT2","BT1","BT2","0.5","1h","mean_difference_b_minus_a",1.0625,-12.5015625,14,2000,2000
"num_changes","LDT transition behavior","LDT","count","count_or_discrete","BT1_vs_BT2","BT1","BT2","0.5","1h","median_difference_b_minus_a",0,-15.5,22.0124999999999,2000,2000
"num_changes","LDT transition behavior","LDT","count","count_or_discrete","BT1_vs_BT2","BT1","BT2","0.5","1h","hedges_g",0.0541082476069592,-0.642738495883204,0.788804628640321,2000,2000
"num_changes","LDT transition behavior","LDT","count","count_or_discrete","BT1_vs_BT2","BT1","BT2","0.5","1h","cliffs_delta",0.0390625,-0.36328125,0.4453125,2000,2000
"num_changes","LDT transition behavior","LDT","count","count_or_discrete","BT1_vs_BT2","BT1","BT2","0.5","24h","mean_difference_b_minus_a",-14.4666666666667,-22.0016666666667,-6.33333333333333,2000,2000
"num_changes","LDT transition behavior","LDT","count","count_or_discrete","BT1_vs_BT2","BT1","BT2","0.5","24h","median_difference_b_minus_a",-24,-29,-2,2000,2000
"num_changes","LDT transition behavior","LDT","count","count_or_discrete","BT1_vs_BT2","BT1","BT2","0.5","24h","hedges_g",-1.20141829458552,-2.41071817752872,-0.491284426155225,2000,2000
"num_changes","LDT transition behavior","LDT","count","count_or_discrete","BT1_vs_BT2","BT1","BT2","0.5","24h","cliffs_delta",-0.546666666666667,-0.866666666666667,-0.146666666666667,2000,2000
"num_changes","LDT transition behavior","LDT","count","count_or_discrete","BT1_vs_BT2","BT1","BT2","0.5","96h","mean_difference_b_minus_a",-3.6875,-13.8140625,6.50156249999999,2000,2000
"num_changes","LDT transition behavior","LDT","count","count_or_discrete","BT1_vs_BT2","BT1","BT2","0.5","96h","median_difference_b_minus_a",-9,-22.5,10,2000,2000
"num_changes","LDT transition behavior","LDT","count","count_or_discrete","BT1_vs_BT2","BT1","BT2","0.5","96h","hedges_g",-0.236487229186893,-0.987541448368174,0.447451355245344,2000,2000
"num_changes","LDT transition behavior","LDT","count","count_or_discrete","BT1_vs_BT2","BT1","BT2","0.5","96h","cliffs_delta",-0.14453125,-0.55078125,0.273535156249999,2000,2000
"num_changes","LDT transition behavior","LDT","count","count_or_discrete","BT1_vs_BT2","BT1","BT2","1","1h","mean_difference_b_minus_a",5.4375,-14.8765625,26.1890625,2000,2000
"num_changes","LDT transition behavior","LDT","count","count_or_discrete","BT1_vs_BT2","BT1","BT2","1","1h","median_difference_b_minus_a",10.5,-16.0125,24.5,2000,2000
"num_changes","LDT transition behavior","LDT","count","count_or_discrete","BT1_vs_BT2","BT1","BT2","1","1h","hedges_g",0.176511800204605,-0.520451095962103,0.843550358872492,2000,2000
"num_changes","LDT transition behavior","LDT","count","count_or_discrete","BT1_vs_BT2","BT1","BT2","1","1h","cliffs_delta",0.0546875,-0.3359375,0.449316406249999,2000,2000
"num_changes","LDT transition behavior","LDT","count","count_or_discrete","BT1_vs_BT2","BT1","BT2","1","24h","mean_difference_b_minus_a",1.86904761904762,-10.9080357142857,15.3110119047619,2000,2000
"num_changes","LDT transition behavior","LDT","count","count_or_discrete","BT1_vs_BT2","BT1","BT2","1","24h","median_difference_b_minus_a",-4,-17.5,19,2000,2000
"num_changes","LDT transition behavior","LDT","count","count_or_discrete","BT1_vs_BT2","BT1","BT2","1","24h","hedges_g",0.106987932591787,-0.811900695394572,0.893502020149033,2000,2000
"num_changes","LDT transition behavior","LDT","count","count_or_discrete","BT1_vs_BT2","BT1","BT2","1","24h","cliffs_delta",-0.0654761904761905,-0.541666666666667,0.440624999999999,2000,2000
"num_changes","LDT transition behavior","LDT","count","count_or_discrete","BT1_vs_BT2","BT1","BT2","1","96h","mean_difference_b_minus_a",-2.5047619047619,-10.0389285714286,5.49595238095238,2000,2000
"num_changes","LDT transition behavior","LDT","count","count_or_discrete","BT1_vs_BT2","BT1","BT2","1","96h","median_difference_b_minus_a",-2,-16,7.5,2000,2000
"num_changes","LDT transition behavior","LDT","count","count_or_discrete","BT1_vs_BT2","BT1","BT2","1","96h","hedges_g",-0.215111027040634,-0.976293457982831,0.487319918424473,2000,2000
"num_changes","LDT transition behavior","LDT","count","count_or_discrete","BT1_vs_BT2","BT1","BT2","1","96h","cliffs_delta",-0.152380952380952,-0.557261904761905,0.266666666666667,2000,2000
"resistance_index","endurance","RN","continuous derived","continuous_or_derived","BT1_vs_BT3","BT1","BT3","0","1h","mean_difference_b_minus_a",-13.2397321428571,-23.6098623511905,-2.64712797619047,2000,2000
"resistance_index","endurance","RN","continuous derived","continuous_or_derived","BT1_vs_BT3","BT1","BT3","0","1h","median_difference_b_minus_a",-16.6666666666667,-26.7333333333333,-1.4185416666667,2000,2000
"resistance_index","endurance","RN","continuous derived","continuous_or_derived","BT1_vs_BT3","BT1","BT3","0","1h","hedges_g",-0.869581397624405,-1.84831671824914,-0.182698487555096,2000,2000
"resistance_index","endurance","RN","continuous derived","continuous_or_derived","BT1_vs_BT3","BT1","BT3","0","1h","cliffs_delta",-0.464285714285714,-0.821428571428571,-0.0446428571428571,2000,2000
"resistance_index","endurance","RN","continuous derived","continuous_or_derived","BT1_vs_BT3","BT1","BT3","0","24h","mean_difference_b_minus_a",-16.58,-29.68125,-2.43302777777778,2000,2000
"resistance_index","endurance","RN","continuous derived","continuous_or_derived","BT1_vs_BT3","BT1","BT3","0","24h","median_difference_b_minus_a",-21.3833333333333,-36.7575,-8.5666666666667,2000,2000
"resistance_index","endurance","RN","continuous derived","continuous_or_derived","BT1_vs_BT3","BT1","BT3","0","24h","hedges_g",-0.832195806890558,-2.05122980614124,-0.169013123735732,2000,2000
"resistance_index","endurance","RN","continuous derived","continuous_or_derived","BT1_vs_BT3","BT1","BT3","0","24h","cliffs_delta",-0.511111111111111,-0.875555555555556,-0.137777777777778,2000,2000
"resistance_index","endurance","RN","continuous derived","continuous_or_derived","BT1_vs_BT3","BT1","BT3","0","96h","mean_difference_b_minus_a",-6.13958333333334,-17.436953125,4.68541666666665,2000,2000
"resistance_index","endurance","RN","continuous derived","continuous_or_derived","BT1_vs_BT3","BT1","BT3","0","96h","median_difference_b_minus_a",-9.3333333333333,-23.9139583333333,13.4235416666666,2000,2000
"resistance_index","endurance","RN","continuous derived","continuous_or_derived","BT1_vs_BT3","BT1","BT3","0","96h","hedges_g",-0.36759486600558,-1.13286895392512,0.320813093049441,2000,2000
"resistance_index","endurance","RN","continuous derived","continuous_or_derived","BT1_vs_BT3","BT1","BT3","0","96h","cliffs_delta",-0.1953125,-0.5861328125,0.234375,2000,2000
"resistance_index","endurance","RN","continuous derived","continuous_or_derived","BT1_vs_BT3","BT1","BT3","0.5","1h","mean_difference_b_minus_a",-16.81875,-24.262578125,-8.66848958333334,2000,2000
"resistance_index","endurance","RN","continuous derived","continuous_or_derived","BT1_vs_BT3","BT1","BT3","0.5","1h","median_difference_b_minus_a",-17.525,-28.7083333333333,-9.94958333333334,2000,2000
"resistance_index","endurance","RN","continuous derived","continuous_or_derived","BT1_vs_BT3","BT1","BT3","0.5","1h","hedges_g",-1.3780414967345,-2.55140086212394,-0.656110882655922,2000,2000
"resistance_index","endurance","RN","continuous derived","continuous_or_derived","BT1_vs_BT3","BT1","BT3","0.5","1h","cliffs_delta",-0.6875,-0.921875,-0.3828125,2000,2000
"resistance_index","endurance","RN","continuous derived","continuous_or_derived","BT1_vs_BT3","BT1","BT3","0.5","24h","mean_difference_b_minus_a",-19.8323015873016,-27.7139027777778,-10.9227162698413,2000,2000
"resistance_index","endurance","RN","continuous derived","continuous_or_derived","BT1_vs_BT3","BT1","BT3","0.5","24h","median_difference_b_minus_a",-25.65,-27.6,-15.6416666666667,2000,2000
"resistance_index","endurance","RN","continuous derived","continuous_or_derived","BT1_vs_BT3","BT1","BT3","0.5","24h","hedges_g",-1.68496032067037,-4.08549719932979,-0.842664328530972,2000,2000
"resistance_index","endurance","RN","continuous derived","continuous_or_derived","BT1_vs_BT3","BT1","BT3","0.5","24h","cliffs_delta",-0.752380952380952,-1,-0.380952380952381,2000,2000
"resistance_index","endurance","RN","continuous derived","continuous_or_derived","BT1_vs_BT3","BT1","BT3","0.5","96h","mean_difference_b_minus_a",-14.8197916666667,-22.576171875,-6.53703125,2000,2000
"resistance_index","endurance","RN","continuous derived","continuous_or_derived","BT1_vs_BT3","BT1","BT3","0.5","96h","median_difference_b_minus_a",-24.0333333333333,-31.0585416666667,-0.943750000000034,2000,2000
"resistance_index","endurance","RN","continuous derived","continuous_or_derived","BT1_vs_BT3","BT1","BT3","0.5","96h","hedges_g",-1.15769509599937,-2.32029610876989,-0.471161049474171,2000,2000
"resistance_index","endurance","RN","continuous derived","continuous_or_derived","BT1_vs_BT3","BT1","BT3","0.5","96h","cliffs_delta",-0.57421875,-0.87900390625,-0.21484375,2000,2000
"resistance_index","endurance","RN","continuous derived","continuous_or_derived","BT1_vs_BT3","BT1","BT3","1","1h","mean_difference_b_minus_a",-18.9792361111111,-26.6391753472222,-10.5943350694444,2000,2000
"resistance_index","endurance","RN","continuous derived","continuous_or_derived","BT1_vs_BT3","BT1","BT3","1","1h","median_difference_b_minus_a",-27.7166666666667,-33.3179166666666,-6.3333333333333,2000,2000
"resistance_index","endurance","RN","continuous derived","continuous_or_derived","BT1_vs_BT3","BT1","BT3","1","1h","hedges_g",-1.52932662955372,-2.96232889599424,-0.840276054456714,2000,2000
"resistance_index","endurance","RN","continuous derived","continuous_or_derived","BT1_vs_BT3","BT1","BT3","1","1h","cliffs_delta",-0.666666666666667,-0.925,-0.341666666666667,2000,2000
"resistance_index","endurance","RN","continuous derived","continuous_or_derived","BT1_vs_BT3","BT1","BT3","1","24h","mean_difference_b_minus_a",-4.71428571428571,-13.1235863095238,2.92621527777778,2000,2000
"resistance_index","endurance","RN","continuous derived","continuous_or_derived","BT1_vs_BT3","BT1","BT3","1","24h","median_difference_b_minus_a",0.799999999999999,-19.8945833333334,10.0758333333333,2000,2000
"resistance_index","endurance","RN","continuous derived","continuous_or_derived","BT1_vs_BT3","BT1","BT3","1","24h","hedges_g",-0.383737652347848,-1.04409720390564,0.36082045451473,2000,2000
"resistance_index","endurance","RN","continuous derived","continuous_or_derived","BT1_vs_BT3","BT1","BT3","1","24h","cliffs_delta",-0.0952380952380952,-0.535714285714286,0.357440476190475,2000,2000
"resistance_index","endurance","RN","continuous derived","continuous_or_derived","BT1_vs_BT3","BT1","BT3","1","96h","mean_difference_b_minus_a",-5.59587301587302,-11.1220892857143,-0.651073412698428,2000,2000
"resistance_index","endurance","RN","continuous derived","continuous_or_derived","BT1_vs_BT3","BT1","BT3","1","96h","median_difference_b_minus_a",-2.86666666666667,-10.00125,4.91666666666663,2000,2000
"resistance_index","endurance","RN","continuous derived","continuous_or_derived","BT1_vs_BT3","BT1","BT3","1","96h","hedges_g",-0.720852102330708,-1.3797135237891,-0.0771645086790896,2000,2000
"resistance_index","endurance","RN","continuous derived","continuous_or_derived","BT1_vs_BT3","BT1","BT3","1","96h","cliffs_delta",-0.352380952380952,-0.714285714285714,0.0857142857142857,2000,2000
"stratum_pref","NTT spatial position","NTT","bounded/proportion-like","bounded_continuous_or_proportion","BT1_vs_BT2","BT1","BT2","0","1h","mean_difference_b_minus_a",13.2869914919294,1.62087628512997,25.1286110319282,2000,2000
"stratum_pref","NTT spatial position","NTT","bounded/proportion-like","bounded_continuous_or_proportion","BT1_vs_BT2","BT1","BT2","0","1h","median_difference_b_minus_a",13.0195350643693,-2.99284101155042,32.0539015464526,2000,2000
"stratum_pref","NTT spatial position","NTT","bounded/proportion-like","bounded_continuous_or_proportion","BT1_vs_BT2","BT1","BT2","0","1h","hedges_g",0.767475757152812,0.0865464238189572,1.70015590073657,2000,2000
"stratum_pref","NTT spatial position","NTT","bounded/proportion-like","bounded_continuous_or_proportion","BT1_vs_BT2","BT1","BT2","0","1h","cliffs_delta",0.375,-0.0267857142857143,0.741071428571429,2000,2000
"stratum_pref","NTT spatial position","NTT","bounded/proportion-like","bounded_continuous_or_proportion","BT1_vs_BT2","BT1","BT2","0","24h","mean_difference_b_minus_a",13.3018956026543,0.545320995696538,25.9321050903937,2000,2000
"stratum_pref","NTT spatial position","NTT","bounded/proportion-like","bounded_continuous_or_proportion","BT1_vs_BT2","BT1","BT2","0","24h","median_difference_b_minus_a",11.3874474604567,-7.9267028799466,29.6242072060868,2000,2000
"stratum_pref","NTT spatial position","NTT","bounded/proportion-like","bounded_continuous_or_proportion","BT1_vs_BT2","BT1","BT2","0","24h","hedges_g",0.704841419502725,0.0837159640253091,1.52723965192876,2000,2000
"stratum_pref","NTT spatial position","NTT","bounded/proportion-like","bounded_continuous_or_proportion","BT1_vs_BT2","BT1","BT2","0","24h","cliffs_delta",0.404166666666667,-0.0125,0.741874999999999,2000,2000
"stratum_pref","NTT spatial position","NTT","bounded/proportion-like","bounded_continuous_or_proportion","BT1_vs_BT2","BT1","BT2","0","96h","mean_difference_b_minus_a",-1.31220680157207,-11.3479284936055,9.111586984395,2000,2000
"stratum_pref","NTT spatial position","NTT","bounded/proportion-like","bounded_continuous_or_proportion","BT1_vs_BT2","BT1","BT2","0","96h","median_difference_b_minus_a",-2.89412887692905,-14.9939895273469,14.7747103592031,2000,2000
"stratum_pref","NTT spatial position","NTT","bounded/proportion-like","bounded_continuous_or_proportion","BT1_vs_BT2","BT1","BT2","0","96h","hedges_g",-0.08534990398185,-0.880120539231825,0.585874705053023,2000,2000
"stratum_pref","NTT spatial position","NTT","bounded/proportion-like","bounded_continuous_or_proportion","BT1_vs_BT2","BT1","BT2","0","96h","cliffs_delta",-0.0234375,-0.421875,0.390625,2000,2000
"stratum_pref","NTT spatial position","NTT","bounded/proportion-like","bounded_continuous_or_proportion","BT1_vs_BT2","BT1","BT2","0.5","1h","mean_difference_b_minus_a",-18.3506269905168,-31.5629767095034,-4.62556415861182,2000,2000
"stratum_pref","NTT spatial position","NTT","bounded/proportion-like","bounded_continuous_or_proportion","BT1_vs_BT2","BT1","BT2","0.5","1h","median_difference_b_minus_a",-24.6927262287673,-43.4378938099543,-0.310163184652214,2000,2000
"stratum_pref","NTT spatial position","NTT","bounded/proportion-like","bounded_continuous_or_proportion","BT1_vs_BT2","BT1","BT2","0.5","1h","hedges_g",-0.865682170364706,-1.79161461850776,-0.211017350617959,2000,2000
"stratum_pref","NTT spatial position","NTT","bounded/proportion-like","bounded_continuous_or_proportion","BT1_vs_BT2","BT1","BT2","0.5","1h","cliffs_delta",-0.4375,-0.7890625,-0.0390625,2000,2000
"stratum_pref","NTT spatial position","NTT","bounded/proportion-like","bounded_continuous_or_proportion","BT1_vs_BT2","BT1","BT2","0.5","24h","mean_difference_b_minus_a",43.2290783501572,27.4024285612902,56.9394250232576,2000,2000
"stratum_pref","NTT spatial position","NTT","bounded/proportion-like","bounded_continuous_or_proportion","BT1_vs_BT2","BT1","BT2","0.5","24h","median_difference_b_minus_a",46.980824621599,30.0403364003058,64.367816091954,2000,2000
"stratum_pref","NTT spatial position","NTT","bounded/proportion-like","bounded_continuous_or_proportion","BT1_vs_BT2","BT1","BT2","0.5","24h","hedges_g",1.93600574680561,0.928022024916518,4.3717092915378,2000,2000
"stratum_pref","NTT spatial position","NTT","bounded/proportion-like","bounded_continuous_or_proportion","BT1_vs_BT2","BT1","BT2","0.5","24h","cliffs_delta",0.866666666666667,0.6,1,2000,2000
"stratum_pref","NTT spatial position","NTT","bounded/proportion-like","bounded_continuous_or_proportion","BT1_vs_BT2","BT1","BT2","0.5","96h","mean_difference_b_minus_a",-2.74410686993649,-15.4504667107573,8.39243322374427,2000,2000
"stratum_pref","NTT spatial position","NTT","bounded/proportion-like","bounded_continuous_or_proportion","BT1_vs_BT2","BT1","BT2","0.5","96h","median_difference_b_minus_a",4.00181735608216,-18.460035950527,14.1392758778341,2000,2000
"stratum_pref","NTT spatial position","NTT","bounded/proportion-like","bounded_continuous_or_proportion","BT1_vs_BT2","BT1","BT2","0.5","96h","hedges_g",-0.149948083100577,-0.788265081291313,0.584331293782196,2000,2000
"stratum_pref","NTT spatial position","NTT","bounded/proportion-like","bounded_continuous_or_proportion","BT1_vs_BT2","BT1","BT2","0.5","96h","cliffs_delta",0.046875,-0.3830078125,0.4609375,2000,2000
"stratum_pref","NTT spatial position","NTT","bounded/proportion-like","bounded_continuous_or_proportion","BT1_vs_BT2","BT1","BT2","1","1h","mean_difference_b_minus_a",-13.0500236338496,-31.7744230990931,6.62685000487608,2000,2000
"stratum_pref","NTT spatial position","NTT","bounded/proportion-like","bounded_continuous_or_proportion","BT1_vs_BT2","BT1","BT2","1","1h","median_difference_b_minus_a",-23.1324505173189,-41.9563060940855,11.9266847710695,2000,2000
"stratum_pref","NTT spatial position","NTT","bounded/proportion-like","bounded_continuous_or_proportion","BT1_vs_BT2","BT1","BT2","1","1h","hedges_g",-0.445503785825241,-1.22656106386877,0.252419431371094,2000,2000
"stratum_pref","NTT spatial position","NTT","bounded/proportion-like","bounded_continuous_or_proportion","BT1_vs_BT2","BT1","BT2","1","1h","cliffs_delta",-0.26953125,-0.6484375,0.1328125,2000,2000
"stratum_pref","NTT spatial position","NTT","bounded/proportion-like","bounded_continuous_or_proportion","BT1_vs_BT2","BT1","BT2","1","24h","mean_difference_b_minus_a",-12.6176513527896,-26.2710803670189,-0.152548545744831,2000,2000
"stratum_pref","NTT spatial position","NTT","bounded/proportion-like","bounded_continuous_or_proportion","BT1_vs_BT2","BT1","BT2","1","24h","median_difference_b_minus_a",-8.91643562372195,-34.7574801194467,8.42740501415077,2000,2000
"stratum_pref","NTT spatial position","NTT","bounded/proportion-like","bounded_continuous_or_proportion","BT1_vs_BT2","BT1","BT2","1","24h","hedges_g",-0.653761706192516,-1.39094074902644,0.0766487356821165,2000,2000
"stratum_pref","NTT spatial position","NTT","bounded/proportion-like","bounded_continuous_or_proportion","BT1_vs_BT2","BT1","BT2","1","24h","cliffs_delta",-0.333333333333333,-0.732142857142857,0.107142857142857,2000,2000
"stratum_pref","NTT spatial position","NTT","bounded/proportion-like","bounded_continuous_or_proportion","BT1_vs_BT2","BT1","BT2","1","96h","mean_difference_b_minus_a",19.5360786002138,2.59393612889156,36.993531528502,2000,2000
"stratum_pref","NTT spatial position","NTT","bounded/proportion-like","bounded_continuous_or_proportion","BT1_vs_BT2","BT1","BT2","1","96h","median_difference_b_minus_a",28.4817707235526,-1.67748837679045,44.3491969652182,2000,2000
"stratum_pref","NTT spatial position","NTT","bounded/proportion-like","bounded_continuous_or_proportion","BT1_vs_BT2","BT1","BT2","1","96h","hedges_g",0.769828886669709,0.113828194398588,1.66369695852093,2000,2000
"stratum_pref","NTT spatial position","NTT","bounded/proportion-like","bounded_continuous_or_proportion","BT1_vs_BT2","BT1","BT2","1","96h","cliffs_delta",0.419642857142857,0.0178571428571429,0.776785714285714,2000,2000
"time_bright","LDT phototaxis","LDT","bounded continuous","bounded_continuous_or_proportion","BT1_vs_BT2","BT1","BT2","0","1h","mean_difference_b_minus_a",49.0535714285714,-38.7167410714286,140.279017857143,2000,2000
"time_bright","LDT phototaxis","LDT","bounded continuous","bounded_continuous_or_proportion","BT1_vs_BT2","BT1","BT2","0","1h","median_difference_b_minus_a",71,-47.5125,171.5125,2000,2000
"time_bright","LDT phototaxis","LDT","bounded continuous","bounded_continuous_or_proportion","BT1_vs_BT2","BT1","BT2","0","1h","hedges_g",0.360603881548935,-0.386090303099316,1.16353618737569,2000,2000
"time_bright","LDT phototaxis","LDT","bounded continuous","bounded_continuous_or_proportion","BT1_vs_BT2","BT1","BT2","0","1h","cliffs_delta",0.245535714285714,-0.196428571428571,0.643080357142856,2000,2000
"time_bright","LDT phototaxis","LDT","bounded continuous","bounded_continuous_or_proportion","BT1_vs_BT2","BT1","BT2","0","24h","mean_difference_b_minus_a",121.020833333333,50.8764583333333,191.4934375,2000,2000
"time_bright","LDT phototaxis","LDT","bounded continuous","bounded_continuous_or_proportion","BT1_vs_BT2","BT1","BT2","0","24h","median_difference_b_minus_a",106.5,50.5,170.5,2000,2000
"time_bright","LDT phototaxis","LDT","bounded continuous","bounded_continuous_or_proportion","BT1_vs_BT2","BT1","BT2","0","24h","hedges_g",1.10251759140971,0.513199917981307,1.87934545330174,2000,2000
"time_bright","LDT phototaxis","LDT","bounded continuous","bounded_continuous_or_proportion","BT1_vs_BT2","BT1","BT2","0","24h","cliffs_delta",0.591666666666667,0.191666666666667,0.891666666666667,2000,2000
"time_bright","LDT phototaxis","LDT","bounded continuous","bounded_continuous_or_proportion","BT1_vs_BT2","BT1","BT2","0","96h","mean_difference_b_minus_a",42.790625,-42.00828125,120.356484375,2000,2000
"time_bright","LDT phototaxis","LDT","bounded continuous","bounded_continuous_or_proportion","BT1_vs_BT2","BT1","BT2","0","96h","median_difference_b_minus_a",66.65,-68.7,151.975,2000,2000
"time_bright","LDT phototaxis","LDT","bounded continuous","bounded_continuous_or_proportion","BT1_vs_BT2","BT1","BT2","0","96h","hedges_g",0.330031004054431,-0.348597025570973,1.1337826298102,2000,2000
"time_bright","LDT phototaxis","LDT","bounded continuous","bounded_continuous_or_proportion","BT1_vs_BT2","BT1","BT2","0","96h","cliffs_delta",0.2578125,-0.1484375,0.640625,2000,2000
"time_bright","LDT phototaxis","LDT","bounded continuous","bounded_continuous_or_proportion","BT1_vs_BT2","BT1","BT2","0.5","1h","mean_difference_b_minus_a",87.875,-11.3140625,173.215625,2000,2000
"time_bright","LDT phototaxis","LDT","bounded continuous","bounded_continuous_or_proportion","BT1_vs_BT2","BT1","BT2","0.5","1h","median_difference_b_minus_a",96,27.5,202.5375,2000,2000
"time_bright","LDT phototaxis","LDT","bounded continuous","bounded_continuous_or_proportion","BT1_vs_BT2","BT1","BT2","0.5","1h","hedges_g",0.622982462744505,-0.0213355129564562,1.51378294000529,2000,2000
"time_bright","LDT phototaxis","LDT","bounded continuous","bounded_continuous_or_proportion","BT1_vs_BT2","BT1","BT2","0.5","1h","cliffs_delta",0.4140625,0.03125,0.77734375,2000,2000
"time_bright","LDT phototaxis","LDT","bounded continuous","bounded_continuous_or_proportion","BT1_vs_BT2","BT1","BT2","0.5","24h","mean_difference_b_minus_a",89.1333333333333,-26.6416666666667,199.008333333333,2000,2000
"time_bright","LDT phototaxis","LDT","bounded continuous","bounded_continuous_or_proportion","BT1_vs_BT2","BT1","BT2","0.5","24h","median_difference_b_minus_a",211,-144,270,2000,2000
"time_bright","LDT phototaxis","LDT","bounded continuous","bounded_continuous_or_proportion","BT1_vs_BT2","BT1","BT2","0.5","24h","hedges_g",0.543453594943561,-0.145768460665641,1.50199643416793,2000,2000
"time_bright","LDT phototaxis","LDT","bounded continuous","bounded_continuous_or_proportion","BT1_vs_BT2","BT1","BT2","0.5","24h","cliffs_delta",0.244444444444444,-0.191111111111111,0.697777777777778,2000,2000
"time_bright","LDT phototaxis","LDT","bounded continuous","bounded_continuous_or_proportion","BT1_vs_BT2","BT1","BT2","0.5","96h","mean_difference_b_minus_a",20.5875,-57.927265625,97.60765625,2000,2000
"time_bright","LDT phototaxis","LDT","bounded continuous","bounded_continuous_or_proportion","BT1_vs_BT2","BT1","BT2","0.5","96h","median_difference_b_minus_a",14.975,-68.564375,134.2,2000,2000
"time_bright","LDT phototaxis","LDT","bounded continuous","bounded_continuous_or_proportion","BT1_vs_BT2","BT1","BT2","0.5","96h","hedges_g",0.174848009909735,-0.499254986309645,0.913054820102762,2000,2000
"time_bright","LDT phototaxis","LDT","bounded continuous","bounded_continuous_or_proportion","BT1_vs_BT2","BT1","BT2","0.5","96h","cliffs_delta",0.125,-0.28125,0.53125,2000,2000
"time_bright","LDT phototaxis","LDT","bounded continuous","bounded_continuous_or_proportion","BT1_vs_BT2","BT1","BT2","1","1h","mean_difference_b_minus_a",96,6.8015625,182.6328125,2000,2000
"time_bright","LDT phototaxis","LDT","bounded continuous","bounded_continuous_or_proportion","BT1_vs_BT2","BT1","BT2","1","1h","median_difference_b_minus_a",138.5,-50.5625,226,2000,2000
"time_bright","LDT phototaxis","LDT","bounded continuous","bounded_continuous_or_proportion","BT1_vs_BT2","BT1","BT2","1","1h","hedges_g",0.71859663934881,0.0422232829154051,1.53992497750383,2000,2000
"time_bright","LDT phototaxis","LDT","bounded continuous","bounded_continuous_or_proportion","BT1_vs_BT2","BT1","BT2","1","1h","cliffs_delta",0.3671875,-0.03125,0.7265625,2000,2000
"time_bright","LDT phototaxis","LDT","bounded continuous","bounded_continuous_or_proportion","BT1_vs_BT2","BT1","BT2","1","24h","mean_difference_b_minus_a",40.7857142857143,-38.7279761904762,110.679166666667,2000,2000
"time_bright","LDT phototaxis","LDT","bounded continuous","bounded_continuous_or_proportion","BT1_vs_BT2","BT1","BT2","1","24h","median_difference_b_minus_a",79,-29.5,173,2000,2000
"time_bright","LDT phototaxis","LDT","bounded continuous","bounded_continuous_or_proportion","BT1_vs_BT2","BT1","BT2","1","24h","hedges_g",0.39438601460441,-0.354615268543732,1.60719716690353,2000,2000
"time_bright","LDT phototaxis","LDT","bounded continuous","bounded_continuous_or_proportion","BT1_vs_BT2","BT1","BT2","1","24h","cliffs_delta",0.297619047619048,-0.19047619047619,0.738095238095238,2000,2000
"time_bright","LDT phototaxis","LDT","bounded continuous","bounded_continuous_or_proportion","BT1_vs_BT2","BT1","BT2","1","96h","mean_difference_b_minus_a",20.8214285714286,-71.4079404761905,120.993119047619,2000,2000
"time_bright","LDT phototaxis","LDT","bounded continuous","bounded_continuous_or_proportion","BT1_vs_BT2","BT1","BT2","1","96h","median_difference_b_minus_a",18.5,-155.63125,90.6,2000,2000
"time_bright","LDT phototaxis","LDT","bounded continuous","bounded_continuous_or_proportion","BT1_vs_BT2","BT1","BT2","1","96h","hedges_g",0.152800752512712,-0.681449518521671,0.823926646042141,2000,2000
"time_bright","LDT phototaxis","LDT","bounded continuous","bounded_continuous_or_proportion","BT1_vs_BT2","BT1","BT2","1","96h","cliffs_delta",0.180952380952381,-0.247619047619048,0.581071428571428,2000,2000
"time_in_last_flux","endurance","RN","bounded continuous","bounded_continuous_or_proportion","BT1_vs_BT3","BT1","BT3","0","1h","mean_difference_b_minus_a",1.17857142857143,-12.2868303571429,13.4582589285714,2000,2000
"time_in_last_flux","endurance","RN","bounded continuous","bounded_continuous_or_proportion","BT1_vs_BT3","BT1","BT3","0","1h","median_difference_b_minus_a",4,-17,23,2000,2000
"time_in_last_flux","endurance","RN","bounded continuous","bounded_continuous_or_proportion","BT1_vs_BT3","BT1","BT3","0","1h","hedges_g",0.0624114106472428,-0.620133612649971,0.832836504228708,2000,2000
"time_in_last_flux","endurance","RN","bounded continuous","bounded_continuous_or_proportion","BT1_vs_BT3","BT1","BT3","0","1h","cliffs_delta",0.0357142857142857,-0.383928571428571,0.491071428571429,2000,2000
"time_in_last_flux","endurance","RN","bounded continuous","bounded_continuous_or_proportion","BT1_vs_BT3","BT1","BT3","0","24h","mean_difference_b_minus_a",-0.733333333333334,-11.3366666666667,10.4,2000,2000
"time_in_last_flux","endurance","RN","bounded continuous","bounded_continuous_or_proportion","BT1_vs_BT3","BT1","BT3","0","24h","median_difference_b_minus_a",-8,-22,25,2000,2000
"time_in_last_flux","endurance","RN","bounded continuous","bounded_continuous_or_proportion","BT1_vs_BT3","BT1","BT3","0","24h","hedges_g",-0.0440362142899841,-0.853529306029944,0.678199472163681,2000,2000
"time_in_last_flux","endurance","RN","bounded continuous","bounded_continuous_or_proportion","BT1_vs_BT3","BT1","BT3","0","24h","cliffs_delta",-0.0444444444444444,-0.466777777777778,0.36,2000,2000
"time_in_last_flux","endurance","RN","bounded continuous","bounded_continuous_or_proportion","BT1_vs_BT3","BT1","BT3","0","96h","mean_difference_b_minus_a",-1.1875,-12.75,10.2515625,2000,2000
"time_in_last_flux","endurance","RN","bounded continuous","bounded_continuous_or_proportion","BT1_vs_BT3","BT1","BT3","0","96h","median_difference_b_minus_a",-7,-19.5,17.5,2000,2000
"time_in_last_flux","endurance","RN","bounded continuous","bounded_continuous_or_proportion","BT1_vs_BT3","BT1","BT3","0","96h","hedges_g",-0.0684823164432262,-0.807927178386275,0.628941880041684,2000,2000
"time_in_last_flux","endurance","RN","bounded continuous","bounded_continuous_or_proportion","BT1_vs_BT3","BT1","BT3","0","96h","cliffs_delta",-0.015625,-0.43369140625,0.390625,2000,2000
"time_in_last_flux","endurance","RN","bounded continuous","bounded_continuous_or_proportion","BT1_vs_BT3","BT1","BT3","0.5","1h","mean_difference_b_minus_a",3.5625,-7,13.6890625,2000,2000
"time_in_last_flux","endurance","RN","bounded continuous","bounded_continuous_or_proportion","BT1_vs_BT3","BT1","BT3","0.5","1h","median_difference_b_minus_a",2.5,-10.5,18,2000,2000
"time_in_last_flux","endurance","RN","bounded continuous","bounded_continuous_or_proportion","BT1_vs_BT3","BT1","BT3","0.5","1h","hedges_g",0.230491527034588,-0.452607598990899,0.932675563239901,2000,2000
"time_in_last_flux","endurance","RN","bounded continuous","bounded_continuous_or_proportion","BT1_vs_BT3","BT1","BT3","0.5","1h","cliffs_delta",0.10546875,-0.32822265625,0.515625,2000,2000
"time_in_last_flux","endurance","RN","bounded continuous","bounded_continuous_or_proportion","BT1_vs_BT3","BT1","BT3","0.5","24h","mean_difference_b_minus_a",-17.4714285714286,-26.362380952381,-8.39011904761905,2000,2000
"time_in_last_flux","endurance","RN","bounded continuous","bounded_continuous_or_proportion","BT1_vs_BT3","BT1","BT3","0.5","24h","median_difference_b_minus_a",-25.5,-33,-7,2000,2000
"time_in_last_flux","endurance","RN","bounded continuous","bounded_continuous_or_proportion","BT1_vs_BT3","BT1","BT3","0.5","24h","hedges_g",-1.3356454539038,-2.58743218225145,-0.652676686667873,2000,2000
"time_in_last_flux","endurance","RN","bounded continuous","bounded_continuous_or_proportion","BT1_vs_BT3","BT1","BT3","0.5","24h","cliffs_delta",-0.676190476190476,-0.923809523809524,-0.333333333333333,2000,2000
"time_in_last_flux","endurance","RN","bounded continuous","bounded_continuous_or_proportion","BT1_vs_BT3","BT1","BT3","0.5","96h","mean_difference_b_minus_a",-5.125,-16.375,5.75156249999999,2000,2000
"time_in_last_flux","endurance","RN","bounded continuous","bounded_continuous_or_proportion","BT1_vs_BT3","BT1","BT3","0.5","96h","median_difference_b_minus_a",-14,-23.5,15,2000,2000
"time_in_last_flux","endurance","RN","bounded continuous","bounded_continuous_or_proportion","BT1_vs_BT3","BT1","BT3","0.5","96h","hedges_g",-0.304396524487233,-1.04731682113969,0.342117174570414,2000,2000
"time_in_last_flux","endurance","RN","bounded continuous","bounded_continuous_or_proportion","BT1_vs_BT3","BT1","BT3","0.5","96h","cliffs_delta",-0.22265625,-0.61328125,0.18359375,2000,2000
"time_in_last_flux","endurance","RN","bounded continuous","bounded_continuous_or_proportion","BT1_vs_BT3","BT1","BT3","1","1h","mean_difference_b_minus_a",-2.09166666666667,-13.1340625,9.90052083333333,2000,2000
"time_in_last_flux","endurance","RN","bounded continuous","bounded_continuous_or_proportion","BT1_vs_BT3","BT1","BT3","1","1h","median_difference_b_minus_a",-8,-23.5,19,2000,2000
"time_in_last_flux","endurance","RN","bounded continuous","bounded_continuous_or_proportion","BT1_vs_BT3","BT1","BT3","1","1h","hedges_g",-0.122638379767409,-0.894564963655185,0.581977723410519,2000,2000
"time_in_last_flux","endurance","RN","bounded continuous","bounded_continuous_or_proportion","BT1_vs_BT3","BT1","BT3","1","1h","cliffs_delta",-0.125,-0.55,0.283333333333333,2000,2000
"time_in_last_flux","endurance","RN","bounded continuous","bounded_continuous_or_proportion","BT1_vs_BT3","BT1","BT3","1","24h","mean_difference_b_minus_a",-4.46428571428572,-13.4776785714286,5.40476190476191,2000,2000
"time_in_last_flux","endurance","RN","bounded continuous","bounded_continuous_or_proportion","BT1_vs_BT3","BT1","BT3","1","24h","median_difference_b_minus_a",-9,-17,5.5,2000,2000
"time_in_last_flux","endurance","RN","bounded continuous","bounded_continuous_or_proportion","BT1_vs_BT3","BT1","BT3","1","24h","hedges_g",-0.341316448896975,-1.28374492175923,0.407350651010828,2000,2000
"time_in_last_flux","endurance","RN","bounded continuous","bounded_continuous_or_proportion","BT1_vs_BT3","BT1","BT3","1","24h","cliffs_delta",-0.232142857142857,-0.666666666666667,0.238095238095238,2000,2000
"time_in_last_flux","endurance","RN","bounded continuous","bounded_continuous_or_proportion","BT1_vs_BT3","BT1","BT3","1","96h","mean_difference_b_minus_a",-2.2,-14.8061904761905,10.3871428571428,2000,2000
"time_in_last_flux","endurance","RN","bounded continuous","bounded_continuous_or_proportion","BT1_vs_BT3","BT1","BT3","1","96h","median_difference_b_minus_a",1,-25,17.5124999999999,2000,2000
"time_in_last_flux","endurance","RN","bounded continuous","bounded_continuous_or_proportion","BT1_vs_BT3","BT1","BT3","1","96h","hedges_g",-0.117365908000761,-0.853785714826394,0.608208191357631,2000,2000
"time_in_last_flux","endurance","RN","bounded continuous","bounded_continuous_or_proportion","BT1_vs_BT3","BT1","BT3","1","96h","cliffs_delta",-0.0857142857142857,-0.495238095238095,0.328571428571429,2000,2000
"vel_mean","NTT locomotion","NTT","continuous derived","continuous_or_derived","BT1_vs_BT2","BT1","BT2","0","1h","mean_difference_b_minus_a",4.58880186630341,1.68958790722645,7.4046483027753,2000,2000
"vel_mean","NTT locomotion","NTT","continuous derived","continuous_or_derived","BT1_vs_BT2","BT1","BT2","0","1h","median_difference_b_minus_a",5.4664106984108,1.8542627076412,7.87569678113992,2000,2000
"vel_mean","NTT locomotion","NTT","continuous derived","continuous_or_derived","BT1_vs_BT2","BT1","BT2","0","1h","hedges_g",1.1037840690576,0.409205650224146,2.20482042186009,2000,2000
"vel_mean","NTT locomotion","NTT","continuous derived","continuous_or_derived","BT1_vs_BT2","BT1","BT2","0","1h","cliffs_delta",0.598214285714286,0.231919642857143,0.892857142857143,2000,2000
"vel_mean","NTT locomotion","NTT","continuous derived","continuous_or_derived","BT1_vs_BT2","BT1","BT2","0","24h","mean_difference_b_minus_a",2.38603060116617,-0.836402502147812,5.01161113402358,2000,2000
"vel_mean","NTT locomotion","NTT","continuous derived","continuous_or_derived","BT1_vs_BT2","BT1","BT2","0","24h","median_difference_b_minus_a",4.42630401318995,-0.203735098946377,7.37772692826649,2000,2000
"vel_mean","NTT locomotion","NTT","continuous derived","continuous_or_derived","BT1_vs_BT2","BT1","BT2","0","24h","hedges_g",0.545367889072842,-0.140638507633103,1.71036299441265,2000,2000
"vel_mean","NTT locomotion","NTT","continuous derived","continuous_or_derived","BT1_vs_BT2","BT1","BT2","0","24h","cliffs_delta",0.441666666666667,0.0583333333333333,0.766666666666667,2000,2000
"vel_mean","NTT locomotion","NTT","continuous derived","continuous_or_derived","BT1_vs_BT2","BT1","BT2","0","96h","mean_difference_b_minus_a",1.9791425323399,-1.2964596733987,5.57887767761414,2000,2000
"vel_mean","NTT locomotion","NTT","continuous derived","continuous_or_derived","BT1_vs_BT2","BT1","BT2","0","96h","median_difference_b_minus_a",1.50050902589985,-1.1273579824691,4.15512690273765,2000,2000
"vel_mean","NTT locomotion","NTT","continuous derived","continuous_or_derived","BT1_vs_BT2","BT1","BT2","0","96h","hedges_g",0.384291466889938,-0.277468182827191,1.07154280518443,2000,2000
"vel_mean","NTT locomotion","NTT","continuous derived","continuous_or_derived","BT1_vs_BT2","BT1","BT2","0","96h","cliffs_delta",0.2109375,-0.2109375,0.609375,2000,2000
"vel_mean","NTT locomotion","NTT","continuous derived","continuous_or_derived","BT1_vs_BT2","BT1","BT2","0.5","1h","mean_difference_b_minus_a",3.89459322907618,1.31551541429615,6.96656092341176,2000,2000
"vel_mean","NTT locomotion","NTT","continuous derived","continuous_or_derived","BT1_vs_BT2","BT1","BT2","0.5","1h","median_difference_b_minus_a",0.7248135433919,-0.722020538225649,4.46922319765895,2000,2000
"vel_mean","NTT locomotion","NTT","continuous derived","continuous_or_derived","BT1_vs_BT2","BT1","BT2","0.5","1h","hedges_g",0.886094783977409,0.408909187096601,1.36087676682579,2000,2000
"vel_mean","NTT locomotion","NTT","continuous derived","continuous_or_derived","BT1_vs_BT2","BT1","BT2","0.5","1h","cliffs_delta",0.4140625,0.0546875,0.734375,2000,2000
"vel_mean","NTT locomotion","NTT","continuous derived","continuous_or_derived","BT1_vs_BT2","BT1","BT2","0.5","24h","mean_difference_b_minus_a",-2.15722611631565,-4.4193169084258,-0.0284084097078279,2000,2000
"vel_mean","NTT locomotion","NTT","continuous derived","continuous_or_derived","BT1_vs_BT2","BT1","BT2","0.5","24h","median_difference_b_minus_a",-1.38031016912343,-3.90885329916719,1.23438073394495,2000,2000
"vel_mean","NTT locomotion","NTT","continuous derived","continuous_or_derived","BT1_vs_BT2","BT1","BT2","0.5","24h","hedges_g",-0.669838235390492,-1.29808880819384,-0.0575842830646129,2000,2000
"vel_mean","NTT locomotion","NTT","continuous derived","continuous_or_derived","BT1_vs_BT2","BT1","BT2","0.5","24h","cliffs_delta",-0.333333333333333,-0.706666666666667,0.0579999999999988,2000,2000
"vel_mean","NTT locomotion","NTT","continuous derived","continuous_or_derived","BT1_vs_BT2","BT1","BT2","0.5","96h","mean_difference_b_minus_a",2.64043357310353,1.12927651955127,4.11969245720094,2000,2000
"vel_mean","NTT locomotion","NTT","continuous derived","continuous_or_derived","BT1_vs_BT2","BT1","BT2","0.5","96h","median_difference_b_minus_a",1.81336455523735,0.636122848094073,4.12137810368625,2000,2000
"vel_mean","NTT locomotion","NTT","continuous derived","continuous_or_derived","BT1_vs_BT2","BT1","BT2","0.5","96h","hedges_g",1.14783188232229,0.559772538880258,1.88511789849696,2000,2000
"vel_mean","NTT locomotion","NTT","continuous derived","continuous_or_derived","BT1_vs_BT2","BT1","BT2","0.5","96h","cliffs_delta",0.609375,0.28125,0.8828125,2000,2000
"vel_mean","NTT locomotion","NTT","continuous derived","continuous_or_derived","BT1_vs_BT2","BT1","BT2","1","1h","mean_difference_b_minus_a",0.507078462007344,-3.63209704139689,4.79982050806392,2000,2000
"vel_mean","NTT locomotion","NTT","continuous derived","continuous_or_derived","BT1_vs_BT2","BT1","BT2","1","1h","median_difference_b_minus_a",-3.49930497448405,-5.73967383147517,4.85158388930075,2000,2000
"vel_mean","NTT locomotion","NTT","continuous derived","continuous_or_derived","BT1_vs_BT2","BT1","BT2","1","1h","hedges_g",0.0776778111750834,-0.646018123910241,0.713745831811336,2000,2000
"vel_mean","NTT locomotion","NTT","continuous derived","continuous_or_derived","BT1_vs_BT2","BT1","BT2","1","1h","cliffs_delta",-0.0703125,-0.484375,0.3515625,2000,2000
"vel_mean","NTT locomotion","NTT","continuous derived","continuous_or_derived","BT1_vs_BT2","BT1","BT2","1","24h","mean_difference_b_minus_a",1.89925367353566,-0.187379590790836,3.8833333443814,2000,2000
"vel_mean","NTT locomotion","NTT","continuous derived","continuous_or_derived","BT1_vs_BT2","BT1","BT2","1","24h","median_difference_b_minus_a",2.11880789800995,-1.04018563553585,4.55009125419289,2000,2000
"vel_mean","NTT locomotion","NTT","continuous derived","continuous_or_derived","BT1_vs_BT2","BT1","BT2","1","24h","hedges_g",0.669688973350442,-0.0267594006169,1.56733010485027,2000,2000
"vel_mean","NTT locomotion","NTT","continuous derived","continuous_or_derived","BT1_vs_BT2","BT1","BT2","1","24h","cliffs_delta",0.392857142857143,-0.0357142857142857,0.774107142857141,2000,2000
"vel_mean","NTT locomotion","NTT","continuous derived","continuous_or_derived","BT1_vs_BT2","BT1","BT2","1","96h","mean_difference_b_minus_a",-1.25485018008434,-3.66582582997345,0.823584454206313,2000,2000
"vel_mean","NTT locomotion","NTT","continuous derived","continuous_or_derived","BT1_vs_BT2","BT1","BT2","1","96h","median_difference_b_minus_a",-0.432013052340436,-3.61145997961222,2.34981321982898,2000,2000
"vel_mean","NTT locomotion","NTT","continuous derived","continuous_or_derived","BT1_vs_BT2","BT1","BT2","1","96h","hedges_g",-0.364757134095061,-1.04385974817602,0.372653453618664,2000,2000
"vel_mean","NTT locomotion","NTT","continuous derived","continuous_or_derived","BT1_vs_BT2","BT1","BT2","1","96h","cliffs_delta",-0.196428571428571,-0.580580357142857,0.214285714285714,2000,2000
