fish_id,dist_total,mov_total,vel_mean,stratum_pref,time_bright,first_choice_binary,latency,mtpc,num_changes,resistance_index,attempts,blood_sugar,condition_factor
1BT01hCTR02,723.1,87,8.31149425287356,0,421,1,0,60.1428571428571,7,3.85,3,95,1.68549562682216
1BT01hCTR04,4485.2,442,10.1475113122172,40.7239819004525,151,1,0,2.90384615384615,52,34.9333333333333,1,119,2.048
1BT01hCTR05,5838.3,446,13.0903587443946,56.0538116591928,110,1,0,2.75,40,31.6,2,197,1.62962962962963
1BT01hCTR07,950.2,88,10.7977272727273,4.54545454545455,40,0,259,3.63636363636364,11,36.3,1,223,1.66666666666667
1BT01hCTR08,3264.3,439,7.43576309794989,19.5899772209567,123,1,0,5.85714285714286,21,37.5,1,187,1.6765736930346
1BT01hCTR09,2190.8,215,10.1897674418605,13.0232558139535,42,0,0,3.81818181818182,11,6.66666666666667,1,133,1.84619515961196
1BT01hCTR10,5333.4,417,12.789928057554,47.242206235012,0,1,0,0,0,67,1,163,1.44444444444444
1BT01hCTR11,8176,428,19.1028037383178,40.6542056074766,15,1,0,3,5,45.1666666666667,1,193,1.7630899175858
1BT01hCTR12,253.7,54,4.69814814814815,0,79,1,0,3.03846153846154,26,25.55,1,215,1.54883381924198
1BT01hCTR13,4951,436,11.355504587156,49.5412844036697,121,1,0,4.48148148148148,27,29.3333333333333,1,165,1.64997724169322
1BT01hCTR14,5073.2,448,11.3241071428571,46.4285714285714,149,1,19,4.38235294117647,34,15.5,1,118,1.617431640625
1BT01h00501,4307.7,435,9.90275862068965,12.6436781609195,120,0,0,4.61538461538461,26,34,1,372,1.93445607646791
1BT01h00502,5248.7,442,11.8748868778281,30.316742081448,188,0,0,3.13333333333333,60,33.3333333333333,1,136,1.55555555555556
1BT01h00503,5382.3,433,12.4302540415704,45.2655889145497,137,0,71,4.89285714285714,28,18,1,266,1.6399416909621
1BT01h00504,5087.4,425,11.9703529411765,35.5294117647059,318,1,0,5.3,60,36.75,1,186,1.88609619090574
1BT01h00505,3198,262,12.206106870229,9.9236641221374,147,1,150,9.8,15,41.7,1,136,1.92709828201238
1BT01h00506,6117.9,440,13.9043181818182,70.2272727272727,342,1,0,12.2142857142857,28,28,1,151,1.80409200869244
1BT01h00507,3782.4,358,10.5653631284916,46.6480446927374,62,0,70,5.16666666666667,12,4.75,1,113,1.42254737590814
1BT01h00508,0,0,0,0,0,0,0,0,0,10,1,73,1.50327988338192
1BT01h00510,0,0,0,0,491,1,0,163.666666666667,3,47,1,173,2.18518518518519
1BT01h00512,4551.3,442,10.2970588235294,65.3846153846154,151,0,0,4.57575757575758,33,40.05,1,200,1.72737895645989
1BT01h00513,5933.5,440,13.4852272727273,40.2272727272727,117,0,0,4.68,25,44.85,1,251,1.74549360545131
1BT01h00514,5299.5,447,11.8557046979866,54.586129753915,150,1,0,4.16666666666667,36,39.6,1,92,1.35306900651933
1BT01h00515,5509.5,400,13.77375,60.25,240,1,0,5.85365853658537,41,37.8,1,113,1.74074074074074
1BT01h01001,5284.8,324,16.3111111111111,96.2962962962963,360,1,0,90,4,29.7333333333333,1,207,1.617431640625
1BT01h01002,9109.1,440,20.7025,13.6363636363636,187,1,0,11.6875,16,0.566666666666667,5,175,1.92592592592593
1BT01h01003,5481.9,426,12.8683098591549,12.6760563380282,164,1,26,9.64705882352941,17,33.7333333333333,1,124,1.81481481481481
1BT01h01004,7251.8,448,16.1870535714286,84.375,258,0,135,6.61538461538461,39,3.8,1,191,2.18518518518519
1BT01h01005,1039.9,89,11.6842696629213,0,106,0,0,26.5,4,34.4,2,155,1.88888888888889
1BT01h01006,6693.2,422,15.860663507109,47.8672985781991,131,1,2,3.85294117647059,34,3.6,1,145,1.27551020408163
1BT01h01007,6643.4,417,15.9314148681055,20.6235011990408,0,0,0,0,0,11.8333333333333,1,223,2.04759826793327
1BT01h01008,4633.3,439,10.5542141230068,0,267,1,0,19.0714285714286,14,1.2,1,240,1.72737895645989
1BT01h01009,8071.1,440,18.3434090909091,45.2272727272727,269,0,0,4.89090909090909,55,31.3333333333333,1,317,1.47695612768957
1BT01h01010,8890.5,445,19.9786516853933,26.9662921348315,306,0,0,2.83333333333333,108,43.2,1,281,1.72208782647915
1BT01h01011,5646.2,440,12.8322727272727,41.5909090909091,142,0,7,3.15555555555556,45,32.2666666666667,1,137,1.36661807580175
1BT01h01012,0,0,0,0,0,0,164,0,0,38.4,1,237,2.34970293041523
1BT01h01013,8715.7,452,19.2825221238938,69.4690265486726,154,0,0,5.13333333333333,30,40.05,1,124,1.81262797489175
1BT01h01014,11405.4,415,27.4828915662651,48.1927710843374,325,1,0,7.06521739130435,46,39,1,279,2.17311082865226
1BT01h01015,5099.1,438,11.6417808219178,33.3333333333333,7,0,0,3.5,2,35.3333333333333,1,93,1.27106482430604
1BT01h01016,7753.44,456,17.0031578947368,32.4561403508772,151,1,304,7.55,20,33.4666666666667,1,181,1.54883381924198
1BT24hCTR01,10820.03,402,26.9154975124378,38.0597014925373,124,1,0,8.26666666666667,15,64.5333333333333,1,146,1.44444444444444
1BT24hCTR02,4774.43,449,10.6334743875278,24.9443207126949,4,0,0,2,2,42.3,1,161,1.88609619090574
1BT24hCTR05,3481.02,454,7.6674449339207,1.76211453744493,164,1,0,10.25,16,67.6,1,120,1.35306900651933
1BT24hCTR06,3315.17,465,7.12939784946237,54.6236559139785,203,1,0,8.12,25,42.6,1,182,1.23006273319939
1BT24hCTR07,3823.83,429,8.91335664335664,27.7389277389277,65,1,0,5,13,36.75,1,211,1.50327988338192
1BT24hCTR09,5539.45,424,13.0647405660377,54.2452830188679,95,1,0,4.75,20,44.25,1,109,1.98140527358634
1BT24hCTR10,3704.72,407,9.10250614250614,1.22850122850123,85,0,170,3.54166666666667,24,30.1333333333333,1,240,1.8310546875
1BT24hCTR11,5009.74,440,11.3857727272727,18.6363636363636,63,0,0,2.42307692307692,26,30.1333333333333,1,72,1.78098921229391
1BT24hCTR12,6066.57,407,14.9055773955774,49.3857493857494,97,0,0,4.40909090909091,22,53.5,1,103,1.73104956268222
1BT24hCTR13,7017.27,419,16.747661097852,30.0715990453461,84,1,0,4.42105263157895,19,51.3333333333333,1,98,1.48148148148148
1BT24hCTR14,6087.33,439,13.8663553530752,49.8861047835991,61,0,25,2.44,25,57.75,1,116,1.6399416909621
1BT24hCTR15,6744.26,417,16.1732853717026,33.3333333333333,103,0,0,6.86666666666667,15,9.26666666666667,1,72,1.82215743440233
1BT24h00501,6997.2,457,15.3111597374179,46.8271334792123,67,0,9,2.57692307692308,26,52.8333333333333,1,126,1.861572265625
1BT24h00502,3593.96,409,8.78718826405868,6.11246943765281,156,1,0,5.57142857142857,28,31.7333333333333,1,95,1.86771137026239
1BT24h00503,3822.48,431,8.86886310904872,48.9559164733179,402,1,0,67,6,42.3,1,165,1.57496316618402
1BT24h00504,3307.47,424,7.80063679245283,28.5377358490566,213,1,6,6.45454545454545,33,42.3,1,61,1.47335263933343
1BT24h00505,5836.91,435,13.418183908046,35.632183908046,183,1,0,6.1,30,42.75,1,94,2.11111111111111
1BT24h00506,4181.51,436,9.59061926605505,48.6238532110092,10,0,11,1.66666666666667,6,38.1,1,180,1.48148148148148
1BT24h00507,5673.48,426,13.3180281690141,54.6948356807512,432,1,0,21.6,20,43.8,1,155,1.48148148148148
1BT24h00508,7710.11,417,18.4894724220623,37.8896882494005,117,1,363,117,0,40.8,1,161,1.62962962962963
1BT24h00509,5972.78,422,14.1535071090047,44.7867298578199,127,0,2,4.09677419354839,31,41.85,1,107,1.27551020408163
1BT24h00510,4219.43,453,9.31441501103753,53.4216335540839,103,0,0,3.32258064516129,31,3.55,1,81,1.59908155315921
1BT24h00511,5086.58,456,11.1547807017544,60.7456140350877,267,1,0,5.93333333333333,45,7.53333333333333,1,113,1.51707737094592
1BT24h00512,4715.66,419,11.2545584725537,11.9331742243437,162,1,318,162,0,34.8,1,131,1.60932944606414
1BT24h00514,5064.8,447,11.3306487695749,35.1230425055928,181,1,126,25.8571428571429,7,51.1666666666667,1,142,1.55807946205256
1BT24h00515,5808.32,446,13.0231390134529,27.8026905829596,179,1,0,5.96666666666667,30,43.5,1,98,1.55200488499898
1BT24h00516,5405.88,443,12.2028893905192,54.176072234763,224,1,20,8.61538461538461,26,43.2,1,72,1.57496316618402
1BT24h01001,5790.51,371,15.6078436657682,12.9380053908356,330,1,0,7.67441860465116,43,6.93333333333333,1,140,1.64379058107997
1BT24h01002,3698.04,367,10.0764032697548,34.8773841961853,241,1,0,16.0666666666667,15,1.3,5,215,1.56160105202597
1BT24h01003,3548.35,358,9.91159217877095,1.39664804469274,246,1,0,10.25,24,24.2666666666667,1,405,1.73611111111111
1BT24h01005,4525.28,384,11.7845833333333,11.1979166666667,201,1,0,6.93103448275862,29,2.36666666666667,1,179,1.28
1BT24h01007,2761.66,352,7.845625,0,316,1,10,8.1025641025641,39,1.56666666666667,1,212,1.72598011013397
1BT24h01008,4184.23,368,11.3701902173913,26.3586956521739,150,1,10,7.89473684210526,19,30.9333333333333,1,196,1.56160105202597
1BT24h01009,6566.12,379,17.3248548812665,24.802110817942,226,1,0,5.51219512195122,41,36.3,2,305,1.64379058107997
1BT24h01010,4377.22,421,10.3971971496437,41.3301662707838,288,1,0,9.93103448275862,29,1.93333333333333,2,160,1.22974537037037
1BT24h01011,6417.18,384,16.71140625,48.4375,204,1,0,6.375,32,42.15,1,256,1.30208333333333
1BT24h01012,4084.55,374,10.921256684492,78.0748663101604,393,1,4,21.8333333333333,18,30.4,2,200,1.51909722222222
1BT24h01013,5177.19,400,12.942975,46,153,1,10,5.66666666666667,27,7.86666666666667,3,150,1.59143518518519
1BT24h01014,5786.01,402,14.3930597014925,48.0099502487562,302,1,0,8.38888888888889,36,4.05,1,115,1.59143518518519
1BT96hCTR02,622.36,44,14.1445454545455,52.2727272727273,342,0,93,22.8,15,37.65,1,90,1.39407109762598
1BT96hCTR04,5722.92,421,13.5936342042755,35.8669833729216,82,0,0,3.28,25,28.8,1,369,2.13692775540396
1BT96hCTR05,8323.07,366,22.7406284153005,32.2404371584699,461,1,0,115.25,4,7.73333333333333,1,121,1.57765768185022
1BT96hCTR06,5070.77,421,12.0445843230404,57.957244655582,291,1,0,12.6521739130435,23,46.1666666666667,1,369,1.62576842960931
1BT96hCTR07,5595.45,428,13.0734813084112,53.7383177570093,107,0,0,4.28,25,38.1,1,219,1.4792899408284
1BT96hCTR09,4512.86,428,10.5440654205607,73.8317757009346,14,0,0,2.33333333333333,6,34.5333333333333,1,131,1.4792899408284
1BT96hCTR11,5323.17,439,12.1256719817768,43.9635535307517,356,0,9,59.3333333333333,6,19.2,1,145,1.37174211248285
1BT96hCTR12,6809.91,377,18.0634217506631,40.8488063660477,244,1,0,7.39393939393939,33,8.06666666666667,1,399,1.6765736930346
1BT96h00501,6717.42,453,14.8287417218543,45.6953642384106,345,1,0,10.4545454545455,33,31.0666666666667,1,366,1.4792899408284
1BT96h00502,3917.92,399,9.81934837092732,99.2481203007519,360,1,18,16.3636363636364,22,36.45,2,391,1.44675925925926
1BT96h00507,5981.17,437,13.6868878718535,75.7437070938215,282,1,0,6,47,19.4,1,343,1.1480585509861
1BT96h00508,4539.41,422,10.7568957345972,48.3412322274881,332,1,0,22.1333333333333,15,33.3333333333333,1,431,1.97220135236664
1BT96h00509,4169.74,427,9.76519906323185,32.7868852459016,267,0,0,8.09090909090909,33,33.4666666666667,1,361,1.27013158563227
1BT96h00511,5044.78,402,12.5492039800995,93.0348258706468,35,1,435,8.75,4,5.05,2,217,1.02412380518889
1BT96h00512,5582.03,431,12.9513457076566,44.7795823665893,234,1,0,6.68571428571429,35,31.0666666666667,1,281,1.792
1BT96h00513,6250.42,445,14.0458876404494,35.5056179775281,162,1,0,5.2258064516129,31,48.3333333333333,1,126,1.39407109762598
1BT96h00514,7062.33,430,16.424023255814,70.6976744186046,383,1,0,19.15,20,37.5,1,317,1.472
1BT96h00515,4871.37,444,10.9715540540541,59.6846846846847,269,1,0,5.97777777777778,45,8.2,1,134,1.408
1BT96h00516,4965.42,404,12.2906435643564,43.0693069306931,243,1,0,7.14705882352941,34,35.3333333333333,1,96,1.47941152297197
1BT96h01001,2637.07,427,6.17580796252927,43.7939110070258,402,1,0,28.7142857142857,14,11.75,3,74,1.42239417387346
1BT96h01003,6604.87,398,16.5951507537688,70.6030150753769,480,1,0,480,0,25.3166666666667,2,150,1.6765736930346
1BT96h01004,5051.54,396,12.7564141414141,22.979797979798,459,1,8,57.375,8,8.46666666666667,2,167,1.52415790275873
1BT96h01005,2959.6,301,9.83255813953488,21.9269102990033,83,1,0,4.15,20,6.33333333333333,1,88,1.51851851851852
1BT96h01006,3962.39,406,9.75958128078818,3.69458128078818,462,1,18,462,0,15.2,1,210,1.47941152297197
1BT96h01007,4233.35,377,11.2290450928382,3.71352785145889,95,1,0,4.52380952380952,21,6.46666666666667,2,142,1.36549840691853
1BT96h01008,3191.24,358,8.9140782122905,55.8659217877095,435,1,0,72.5,6,9.66666666666667,1,161,1.472
1BT96h01010,3702.8,378,9.7957671957672,1.58730158730159,400,0,0,22.2222222222222,18,8.86666666666667,3,242,1.51909722222222
1BT96h01011,3854.21,398,9.68394472361809,10.5527638190955,365,1,0,11.40625,32,30.6666666666667,1,256,1.728
1BT96h01012,3794.53,245,15.4878775510204,2.04081632653061,443,1,0,55.375,8,7.06666666666667,1,100,1.55807946205256
1BT96h01013,5006.14,419,11.9478281622912,14.3198090692124,127,1,0,3.52777777777778,36,9.66666666666667,1,192,1.62962962962963
1BT96h01014,3941.94,262,15.045572519084,46.1832061068702,480,1,0,480,0,30.9333333333333,3,116,1.56160105202597
