dist_total,mov_total,vel_mean,stratum_pref,time_bright,first_choice_binary,latency,mtpc,num_changes,resistance_index,attempts,blood_sugar,condition_factor
-2.0883131680575913,-2.8215373182052095,-0.972002235070983,-1.5700300763450405,1.6220880269748958,0.6800178250783155,-0.3404457945366501,0.38999148701291086,-0.9731599987037827,-1.4895432952048004,2.4600476515422023,-1.0026080140955085,0.2606267596393153
-0.24389734170726549,0.5416393942246136,-0.544654581779469,0.16626033309940094,-0.4099692701886947,0.6800178250783155,-0.3404457945366501,-0.32253998104782444,1.737668360094036,0.3774366347254554,-0.35875694918323797,-0.7233123343221475,1.7715924556848113
0.4194765863208642,0.5795343430970623,0.14031669217239623,0.8198564488618685,-0.7185409338320548,0.6800178250783155,-0.3404457945366501,-0.3244551124234616,1.014780797747951,0.17722430979996057,1.0506453511794822,0.18439862494127582,0.02776996789000464
-1.976974598066321,-2.8120635809870973,-0.3933116171579883,-1.3762320053918984,-1.2453706034670597,-1.4571810537392473,3.0367480377576257,-0.3134213441570063,-0.7321974779217543,0.45952368794491083,-0.35875694918323797,0.48696894469575025,0.18214518812680983
-0.842458592708332,0.5132181825702771,-1.17583566464962,-0.7348001213488113,-0.6207011380426968,0.6800178250783155,-0.3404457945366501,-0.28577629839050295,-0.12979117596668352,0.5316001249180898,-0.35875694918323797,0.06802542503570874,0.22343897131771404
-1.3687551796111455,-1.6088989542868506,-0.5348191296804008,-1.0147760684048746,-1.230318327191774,-1.4571810537392473,-0.3404457945366501,-0.31115800707670777,-0.7321974779217543,-1.3203638806427556,-0.35875694918323797,-0.5603898544543535,0.930443455331441
0.17194314735744468,0.3047959637718092,0.07038904724954048,0.444168579556442,-1.546416128972777,0.6800178250783155,-0.3404457945366501,-0.35868808576297667,-1.3948444100723323,2.303479200508737,-0.35875694918323797,-0.21127025473765226,-0.7441061332939779
1.5655627821314904,0.4090070731710431,1.5397613463609208,0.1632853806844629,-1.433524056908133,0.6800178250783155,-0.3404457945366501,-0.32134302393805114,-1.0936412590947968,0.9920884722467346,-0.35875694918323797,0.137849344979049,0.5840499242346905
-2.318442295111323,-3.1341706464029113,-1.8130374370731146,-1.5700300763450405,-0.9518512160989856,0.6800178250783155,-0.3404457945366501,-0.3208642410941418,0.17141197501085187,-0.1861610599398162,-0.35875694918323797,0.39387038477129654,-0.3089975497256926
-0.01553315895986851,0.48479697091594054,-0.2634844866488844,0.542191100648838,-0.6357534143179826,0.6800178250783155,-0.3404457945366501,-0.3029010180985817,0.23165260520635894,0.041079928850620666,-0.35875694918323797,-0.18799561475653884,0.11258147941746142
0.04437689499404274,0.5984818175332867,-0.2707924928965402,0.4094787912477675,-0.4250215464639806,0.6800178250783155,-0.0926979844455642,-0.3041350052540168,0.6533370165749085,-0.7898012195901891,-0.35875694918323797,-0.7349496543127041,-0.023072847563959987
-0.3309189012557046,0.47532323369782836,-0.6016227280332255,-1.0309595801305549,-0.6432795524556255,-1.4571810537392473,-0.3404457945366501,-0.30123414449386055,0.17141197501085187,0.3213771837463182,-0.35875694918323797,2.2209296232886997,1.2983265142357812
0.13041792992785156,0.5416393942246136,-0.1425941049662433,-0.27745832709195506,-0.1315021590959064,-1.4571810537392473,-0.3404457945366501,-0.31968324341249893,2.2195934016580927,0.28133471876121685,-0.35875694918323797,-0.5254778944826833,-0.2809804725835632
0.1959169741851558,0.456375759261604,-0.013327956303506366,0.35989436233844646,-0.5153352041156958,-1.4571810537392473,0.5853486536984603,-0.29778006826280057,0.291893235401866,-0.6396419758960665,-0.35875694918323797,0.9873737042896887,0.07075198985097995
0.05133861975791778,0.3805858615167066,-0.12037361527455026,-0.05521315468306756,0.8468957987976743,0.6800178250783155,-0.3404457945366501,-0.2927118098722749,2.2195934016580927,0.48655235180985307,-0.35875694918323797,0.05638810504515203,1.0967561786600577
-0.8749629836833265,-1.1636333050355783,-0.06550000295045959,-1.1469289443404709,-0.4400738227392665,0.6800178250783155,1.6154579693403437,-0.2366942171348866,-0.491234957139726,0.783867654324216,-0.35875694918323797,-0.5254778944826833,1.2676582634684852
0.5565539274461799,0.5226919197883892,0.32977226051107367,1.4241501198810047,1.0275231141011045,0.6800178250783155,-0.3404457945366501,-0.2066403340472086,0.291893235401866,-0.03900500111957607,-0.35875694918323797,-0.35091809462433277,0.7549520090431181
-0.5884536912883528,-0.25415453209680927,-0.44739622995767375,0.4188361601964226,-1.0797955644389154,-1.4571810537392473,0.5723092952726136,-0.29437159039782707,-0.6719568477262472,-1.4354859674749163,-0.35875694918323797,-0.7931362542654876,-0.8353759822954272
-2.4428218424771764,-3.645752456180969,-2.906568989903422,-1.5700300763450405,-1.546416128972777,-1.4571810537392473,-0.3404457945366501,-0.35868808576297667,-1.3948444100723323,-1.1201515557172588,-0.35875694918323797,-1.258629053887756,-0.498872319514028
-2.4428218424771764,-3.645752456180969,-2.906568989903422,-1.5700300763450405,2.1489176966099004,0.6800178250783155,-0.3404457945366501,1.6786925093524092,-1.214122519485811,1.1022052509557558,-0.35875694918323797,-0.09489705483208517,2.3433982714419104
-0.2114910031937339,0.5416393942246136,-0.5098462025818914,1.2176806365963126,-0.4099692701886947,-1.4571810537392473,-0.3404457945366501,-0.3017274359087973,0.5930963863794014,0.6847625534860947,-0.35875694918323797,0.21931058491294594,0.43520196204033396
0.46614955797726637,0.5226919197883892,0.23222549992714486,0.14508285159026627,-0.6658579668685543,-1.4571810537392473,-0.3404457945366501,-0.3004297893160928,0.11117134481534478,0.9730683013788104,-0.35875694918323797,0.812813904431338,0.5107061910845252
0.15532325513946127,0.5890080803151745,-0.1470589107252985,0.7572809860184211,-0.4174954083263377,0.6800178250783155,-0.3404457945366501,-0.3068199443394689,0.7738182769659226,0.657733889621153,-0.35875694918323797,-1.0375199740671786,-1.1249709238498775
0.2582783396756428,0.14374243106390217,0.29938147203196513,0.9987633541388586,0.25985702406152583,0.6800178250783155,-0.3404457945366501,-0.2858196724460487,1.075021427943458,0.5496192341613844,-0.35875694918323797,-0.7931362542654876,0.49089562860037766
0.14811639922192865,-0.5762615975126233,0.8899725620592647,2.5356179453289345,1.1629936005786772,0.6800178250783155,-0.3404457945366501,0.7616637689847893,-1.1538818892903038,0.0651054078416802,-0.35875694918323797,0.3007718248468429,-0.023072847563959987
2.023026541087257,0.5226919197883892,1.9121034441263343,-0.9886358634856157,-0.13902829723354934,0.6800178250783155,-0.3404457945366501,-0.2131979490700376,-0.4309943269442189,-1.686752435256415,5.278852252267642,-0.07162241485097176,1.2627717297843601
0.24474709999374447,0.39005959873481877,0.08863303839572306,-1.029579117912333,-0.3121294743993367,0.6800178250783155,-0.001422475464637817,-0.23859808303184363,-0.37075369674871184,0.30536019775227635,-0.35875694918323797,-0.6651257343693638,0.7996460690739455
1.1124623577108288,0.5984818175332867,0.861097177603203,2.0273466157226605,0.39532751053909854,-1.4571810537392473,1.4198675929526443,-0.27633743661057686,0.9545401675524439,-1.492546480078683,-0.35875694918323797,0.11457470499793557,2.3433982714419104
-1.9329980691001518,-2.802589843768985,-0.1869617861121397,-1.5700300763450405,-0.7486454863826265,-1.4571810537392473,-0.3404457945366501,-0.028806706309467803,-1.1538818892903038,0.34540266273737774,1.0506453511794822,-0.3043688146621059,1.108396509547555
0.8386018328445858,0.35216464986237006,0.7851272799735425,0.47081975141743465,-0.5604920329415533,0.6800178250783155,-0.3143670776849568,-0.31072531028194483,0.6533370165749085,-1.5045592195742128,-0.35875694918323797,-0.420742014567673,-1.448246168455667
0.8141867699402913,0.3047959637718092,0.8015952250479983,-0.690735231636778,-1.546416128972777,-1.4571810537392473,-0.3404457945366501,-0.35868808576297667,-1.3948444100723323,-1.0100347770082376,-0.35875694918323797,0.48696894469575025,1.7699179838253154
-0.1712894939938916,0.5132181825702771,-0.4499912501434702,-1.5700300763450405,0.4630627537778849,0.6800178250783155,-0.3404457945366501,-0.12128019273309255,-0.551475587335233,-1.6487120935205706,-0.35875694918323797,0.6848033845352143,0.43520196204033396
1.5141342660941313,0.5226919197883892,1.3630061692558342,0.35826072963872263,0.47811503005317074,-1.4571810537392473,-0.3404457945366501,-0.29780431830294657,1.9183902506805572,0.16120732380591876,-0.35875694918323797,1.5808770238080807,-0.6085931802406118
1.915855200708165,0.5700606058789501,1.7436219602468892,-0.4203066891174089,0.7565821411459591,-1.4571810537392473,-0.3404457945366501,-0.3234177495949915,5.111143651042433,0.8739632005406895,-0.35875694918323797,1.1619335041480394,0.41314783942622124
0.3252971970856237,0.5226919197883892,0.08024510775921778,0.20322227287621056,-0.4777045134274811,-1.4571810537392473,-0.24917028555572368,-0.31940661332490683,1.3159839487254863,0.21726677478506193,-0.35875694918323797,-0.5138405744921267,-1.0684966288789943
-2.4428218424771764,-3.645752456180969,-2.906568989903422,-1.5700300763450405,-1.546416128972777,-1.4571810537392473,1.7980089873021963,-0.35868808576297667,-1.3948444100723323,0.5856574526479739,-0.35875694918323797,0.6498914245635442,3.0291297765661045
1.8301573493894772,0.6363767664057354,1.5815922378215364,1.3918218576025405,-0.387390855775766,-1.4571810537392473,-0.3404457945366501,-0.29478653552921524,0.41237449579288016,0.6847625534860947,-0.35875694918323797,-0.6651257343693638,0.7905310339158305
3.1488158773750357,0.2858484893355848,3.4902938043383602,0.48469645906177006,0.8995787657611748,0.6800178250783155,-0.3404457945366501,-0.27073775900137664,1.3762245789209935,0.6216956711345635,-0.35875694918323797,1.138658864166926,2.2930707723192176
0.05707468875350539,0.5037444453521649,-0.19685140364129997,-0.14884422268866618,-1.4937331620092764,-1.4571810537392473,-0.3404457945366501,-0.3151188469672302,-1.2743631496813181,0.4014621137165149,-0.35875694918323797,-1.025882654076622,-1.4667750934667745
1.3583975415524003,0.6742717152781841,1.0510519852842912,-0.18624385041646388,-0.4099692701886947,0.6800178250783155,3.623519166920724,-0.2647030135035807,-0.19003180616219062,0.2893432117582405,-0.35875694918323797,-0.0017984949076315093,-0.3089975497256926
2.8618310305419667,0.16268990550012652,3.358228300828639,0.05266720432231333,-0.6131749999050538,0.6800178250783155,-0.3404457945366501,-0.2557816931787374,-0.491234957139726,2.1553220800638675,-0.35875694918323797,-0.4091046945771163,-0.7441061332939779
-0.10209877456250441,0.6079555547513988,-0.431542789727518,-0.5065146045665491,-1.5163115764222053,-1.4571810537392473,-0.3404457945366501,-0.333791377879693,-1.2743631496813181,0.8199058728108051,-0.35875694918323797,-0.23454489471876566,1.0967561786600577
-0.7362089454669928,0.6553242408419597,-1.1219098645550447,-1.4949013087508711,-0.3121294743993367,0.6800178250783155,-0.3404457945366501,-0.23109245786114777,-0.4309943269442189,2.339517418995326,-0.35875694918323797,-0.7116750143315907,-1.1249709238498775
-0.8175189491352104,0.7595353502411937,-1.247144626254812,0.7588809354531498,-0.018610087031262487,0.6800178250783155,-0.3404457945366501,-0.2576074517568449,0.11117134481534478,0.8379249820541,-0.35875694918323797,0.009838825082925199,-1.6376771782752437
-0.5681421238962862,0.4184808103891553,-0.8319139505594474,-0.387364925400226,-1.0572171500259866,0.6800178250783155,-0.3404457945366501,-0.29644631605476746,-0.6117162175307401,0.48655235180985307,-0.35875694918323797,0.34732110480906975,-0.498872319514028
0.27296169577973145,0.3711121242985944,0.13435385628984842,0.742748789275004,-0.8314330058966987,0.6800178250783155,-0.3404457945366501,-0.2995584045401779,-0.19003180616219062,0.9370300828922209,-0.35875694918323797,-0.8396855342277145,1.4940169156534335
-0.6265372673205938,0.2100585915906874,-0.7878878919934658,-1.5176522193306778,-0.906694387273128,-1.4571810537392473,1.876245137857276,-0.3146001655529951,0.05093071461983771,0.08913088683273994,-0.35875694918323797,0.6848033845352143,0.8673359849785748
0.013264848971823296,0.5226919197883892,-0.2564393349807433,-0.7754579854371593,-1.0722694263012724,-1.4571810537392473,-0.3404457945366501,-0.3285247665966907,0.17141197501085187,0.08913088683273994,-0.35875694918323797,-1.2702663738783126,0.6586565284261795
0.5313887632116933,0.2100585915906874,0.5628233496384623,0.5355597756323424,-0.8163807296214128,-1.4571810537392473,-0.3404457945366501,-0.30380216156573764,-0.06955054577117645,1.4926192845604747,-0.35875694918323797,-0.9095094541710548,0.4505015294276516
0.9974811387762068,0.32374343820803353,0.9915830625874342,-0.2879101415428669,-0.9142205254107709,0.6800178250783155,-0.3404457945366501,-0.3036532578104548,-0.2502724363576977,1.3624812733588996,-0.35875694918323797,-0.9676960541238383,-0.5897309130571726
0.5415666087115559,0.5132181825702771,0.32093610853031357,0.5568927160290805,-1.0873217025765582,-1.4571810537392473,-0.014461833890484442,-0.32831410214537055,0.11117134481534478,1.747889998840483,-0.35875694918323797,-0.7582242942938175,0.07075198985097995
0.8636346262560975,0.3047959637718092,0.8578925190119274,-0.14884422268866618,-0.7712239007955553,-1.4571810537392473,-0.3404457945366501,-0.273209388697036,-0.491234957139726,-1.164198267200868,-0.35875694918323797,-1.2702663738783126,0.8302510690042816
0.9876415742683914,0.6837454524962963,0.6572258831661063,0.42647171369302106,-1.0421648737507008,-1.4571810537392473,-0.22309156870403044,-0.3266096352210534,0.17141197501085187,1.4525768195753732,-0.35875694918323797,-0.6418510943882505,0.9945372467703655
-0.6808387204788197,0.22900606602691176,-0.8612806498165076,-1.309421423474067,-0.3723385795004801,0.6800178250783155,-0.3404457945366501,-0.28933297094525784,0.291893235401866,0.1852328027969783,-0.35875694918323797,-1.0026080140955085,1.0201258387926178
-0.5688039780111616,0.43742828482537965,-0.8422701764868538,0.5172336019948353,1.4790914023596802,0.6800178250783155,-0.3404457945366501,0.4753516283270269,-1.0334006288992896,0.8199058728108051,-0.35875694918323797,-0.18799561475653884,-0.20008701012752578
-0.8212939689015372,0.3711121242985944,-1.090908394339082,-0.3533072818231907,0.056651294345166796,0.6800178250783155,-0.2622096439815703,-0.2783396194123794,0.5930963863794014,0.8199058728108051,-0.35875694918323797,-1.3982768937744365,-0.6236129915728073
0.418795121713696,0.47532323369782836,0.21662062064810195,-0.05083140519512053,-0.16913284978412105,0.6800178250783155,-0.3404457945366501,-0.2827531267189614,0.41237449579288016,0.8469345366757474,-0.35875694918323797,-1.014245334086065,2.0346478309683
-0.39278510181580323,0.48479697091594054,-0.6742756590199943,0.503075893667472,-1.4711547475963476,-1.4571810537392473,-0.1970128518523372,-0.33794082919357354,-1.0334006288992896,0.5676383434046793,-0.35875694918323797,-0.013435814898188217,-0.5897309130571726
0.3386715528291809,0.39005959873481877,0.1933085714374804,0.7619157257812672,1.704875546488968,0.6800178250783155,-0.3404457945366501,-0.08980364062351283,-0.19003180616219062,0.9100014190272787,-0.35875694918323797,-0.3043688146621059,-0.5897309130571726
1.3371544757764349,0.3047959637718092,1.3970035776582246,0.04541859183990545,-0.6658579668685543,0.6800178250783155,4.392841314045675,1.097769325409119,-1.3948444100723323,0.7298103265943315,-0.35875694918323797,-0.23454489471876566,0.02776996789000464
0.48540706140860534,0.35216464986237006,0.3877729760912711,0.3394779308188575,-0.590596585492125,-1.4571810537392473,-0.3143670776849568,-0.30768999058270197,0.4726151259883873,0.7928772089458633,-0.35875694918323797,-0.8629601742088279,-1.448246168455667
-0.37419435512241267,0.6458505036238475,-0.7385644081959222,0.7076320202433238,-0.7712239007955553,-1.4571810537392473,-0.3404457945366501,-0.31732742589236024,0.4726151259883873,-1.507562404448095,-0.35875694918323797,-1.1655304939633024,-0.099558414999145
0.0509366046659195,0.6742717152781841,-0.310204576176045,1.0198941438050644,0.4630627537778849,0.6800178250783155,-0.3404457945366501,-0.28482785237590175,1.3159839487254863,-1.268308676162127,-0.35875694918323797,-0.7931362542654876,-0.44136258461604194
-0.13091149036341598,0.32374343820803353,-0.28698050209419346,-1.0612523244394156,-0.3271817506746225,0.6800178250783155,3.8060701848825764,1.657945252783002,-1.3948444100723323,0.36942814172843724,-0.35875694918323797,-0.583664494435467,-0.05684385544678048
0.040258691612595654,0.5890080803151745,-0.2692698769642241,-0.07253894195543831,-0.1841851260594069,0.6800178250783155,1.3025133671200246,-0.0368092195576656,-0.9731599987037827,1.3524706571126288,-0.35875694918323797,-0.45565397453934314,-0.2704604998076143
0.4047785223475558,0.5795343430970623,0.12467076223583466,-0.384646359842415,-0.19923740233469275,0.6800178250783155,-0.3404457945366501,-0.2844129072445136,0.41237449579288016,0.8919823097839842,-0.35875694918323797,-0.9676960541238383,-0.29578013241089207
0.207477359391647,0.5511131314427258,-0.06624889708327755,0.7397979476562934,0.139438813859239,0.6800178250783155,-0.07965862601971757,-0.2514407287272932,0.17141197501085187,0.8739632005406895,-0.35875694918323797,-1.2702663738783126,-0.20008701012752578
0.3960469506542732,-0.13099594826135097,0.7262814400873118,-1.018410769265476,0.9372094564493894,0.6800178250783155,-0.3404457945366501,-0.2631542066759579,1.1955026883344722,-1.3043468946487162,-0.35875694918323797,-0.47892861452045654,0.08679466786054134
-0.6298122195334589,-0.16889089713379968,-0.561205547317514,-0.08301272538033083,0.2673831621991688,0.6800178250783155,-0.3404457945366501,-0.15868453243393066,-0.491234957139726,-1.6427057237728055,5.278852252267642,0.39387038477129654,-0.2557820516589353
-0.7031995843154637,-0.25415453209680927,-0.5995666467473534,-1.5104831830354157,0.3050138528873834,0.6800178250783155,-0.3404457945366501,-0.23109245786114777,0.05093071461983771,-0.2632428050361304,-0.35875694918323797,2.604961182977071,0.47159872607077713
-0.22424762843007431,-0.007837364425892675,-0.16361297710981398,-1.0926004536323504,-0.03366236330654834,0.6800178250783155,-0.3404457945366501,-0.27240811533987286,0.3521338655973731,-1.5786377797966464,-0.35875694918323797,-0.025073134888744925,-1.4295321111453179
-1.0888840388572192,-0.31099695540548233,-1.080437029259311,-1.5700300763450405,0.8318435225223884,0.6800178250783155,-0.21005221027818383,-0.25782449997941714,0.9545401675524439,-1.6266887377787655,-0.35875694918323797,0.3589584247996265,0.429371387380018
-0.3914515883399063,-0.1594171599156875,-0.2600662887698265,-0.44621191489393963,-0.4174954083263377,0.6800178250783155,-0.21005221027818383,-0.26041160727633056,-0.2502724363576977,0.13718184481485923,-0.35875694918323797,0.17276130495071912,-0.2557820516589353
0.7762992988309766,-0.05520605051645356,1.1259295315275524,-0.5125778052867325,0.15449109013452486,0.6800178250783155,-0.3404457945366501,-0.2900703298895363,1.075021427943458,0.45952368794491083,1.0506453511794822,1.4412291839214004,0.08679466786054134
-0.29683586565115516,0.3426909126442579,-0.48653820636709294,0.19210535265407414,0.6211116546683864,0.6800178250783155,-0.3404457945366501,-0.23506305351494733,0.3521338655973731,-1.6046653820369614,1.0506453511794822,-0.2461822147093224,-1.638999988104117
0.7032796307794583,-0.007837364425892675,0.9831444568178714,0.4951306172493805,-0.011083948893619558,0.6800178250783155,-0.3404457945366501,-0.2793298293850099,0.5328557561838944,0.8108963181891579,-0.35875694918323797,0.8710005043841216,-1.3374858860791445
-0.4403209351330802,-0.10257473660701445,-0.3645591586982626,1.7587367894383412,1.4113561591208938,0.6800178250783155,-0.2882883608332636,-0.08689902470379682,-0.31051306655320476,0.10514787282678155,1.0506453511794822,0.21931058491294594,-0.43294358000418326
0.09535927233174508,0.14374243106390217,0.10601194702865313,0.39120640170075804,-0.3949169939134089,0.6800178250783155,-0.21005221027818383,-0.28814741342700617,0.23165260520635894,-1.2482874436695766,2.4600476515422023,-0.3625554146148895,-0.13142947797916898
0.393840770271355,0.16268990550012652,0.44353075770804823,0.4769017875033207,0.7264775885953874,0.6800178250783155,-0.3404457945366501,-0.2542602276969812,0.7738182769659226,-1.4775305557092706,-0.35875694918323797,-0.7698616142843743,-0.13142947797916898
-2.1377021928965196,-3.228908018584033,0.3856870793490495,0.6586477396160955,1.0275231141011045,-1.4571810537392473,0.872214539067086,-0.07486561589354263,-0.491234957139726,0.5406096795397372,-0.35875694918323797,-1.060794614048292,-0.9540688390414082
0.3629101213028421,0.3426909126442579,0.25745808018117494,-0.04082059485730183,-0.9292728016860567,-1.4571810537392473,-0.3404457945366501,-0.3178574848343914,0.11117134481534478,0.00904595686254321,-0.35875694918323797,2.18601766331703,2.1422549849773587
1.6376656596683292,-0.17836463435191185,2.3864941318124235,-0.19544048018559695,1.923133552480613,0.6800178250783155,-0.3404457945366501,1.0759847060112457,-1.1538818892903038,-1.256295936666597,-0.35875694918323797,-0.700037694341034,-0.188855915993696
0.04318555758726722,0.3426909126442579,-0.10309566751328904,0.9010104102974014,0.6436900690813152,0.6800178250783155,-0.3404457945366501,-0.20118934676220354,-0.00930991557566937,1.0521521697243836,-0.35875694918323797,2.18601766331703,0.011675980595094127
0.30041638498937984,0.4090070731710431,0.13638833397747727,0.7211340335215446,-0.7411193482449836,-1.4571810537392473,-0.3404457945366501,-0.30540913089274957,0.11117134481534478,0.5676383434046793,-0.35875694918323797,0.4404196647335234,-0.5988655414735552
-0.2303366862869285,0.4090070731710431,-0.4523534417975306,1.5778301789499236,-1.441050195045776,-1.4571810537392473,-0.3404457945366501,-0.3296419265658124,-1.0334006288992896,0.35341115573439585,-0.35875694918323797,-0.583664494435467,-0.5988655414735552
0.16692776395361092,0.5132181825702771,-0.08422186647993046,0.3043813342860334,1.1328890480281055,-1.4571810537392473,-0.22309156870403044,0.3799142481077723,-1.0334006288992896,-0.5675655389228877,-0.35875694918323797,-0.420742014567673,-1.0471389730180471
0.8958203467313369,-0.07415352495267792,1.2978368767394375,0.17158229604022426,0.28996157661209754,0.6800178250783155,-0.3404457945366501,-0.26664571116417035,0.5930963863794014,-1.2362747041740467,-0.35875694918323797,2.535137263033731,0.22343897131771404
0.8504759859277589,0.6458505036238475,0.5449392321203073,0.3782180806540972,1.0501015285140334,0.6800178250783155,-0.3404457945366501,-0.22854620364581138,0.5930963863794014,0.1451903378118829,-0.35875694918323797,2.1511057033453596,-0.5988655414735552
-0.5220133434010037,0.13426869384579,-0.6210371307017568,2.661470660857403,1.1629936005786772,0.6800178250783155,-0.10573734287141082,-0.1549877485361097,-0.06955054577117645,0.46853324256655854,1.0506453511794822,2.442038703109277,-0.7344576820291567
0.48952036216697964,0.4942707081340527,0.2791636170646569,1.6593464744118953,0.5759548258425289,0.6800178250783155,-0.3404457945366501,-0.2839979621131256,1.4364652091165004,-0.5555527994273579,-0.35875694918323797,1.8834473435625552,-1.9794813478921407
-0.21732022202771117,0.35216464986237006,-0.4028154841898228,0.49102618535567283,0.9522617327246752,0.6800178250783155,-0.3404457945366501,-0.08316451852130426,-0.491234957139726,0.28133471876121685,-0.35875694918323797,2.9075315027315454,1.4556537667894345
-0.39855548917290273,0.39953333595293095,-0.6336408151028656,-0.17214235143713158,0.4630627537778849,-1.4571810537392473,-0.3404457945366501,-0.2579695856896927,0.5930963863794014,0.2893432117582405,-0.35875694918323797,2.092919103392576,-1.4706649544632868
0.030443640220146135,0.16268990550012652,0.01435859313833448,2.3965632763973828,-1.2830012941552744,0.6800178250783155,5.331675120706632,-0.24976498877361053,-1.1538818892903038,-1.4174668582316217,1.0506453511794822,0.41714502475241,-2.4960575971828916
0.2938370648252105,0.43742828482537965,0.10796029617673558,0.33917319341607577,0.21470019523566827,0.6800178250783155,-0.3404457945366501,-0.275461947981714,0.7135776467704156,0.1451903378118829,-0.35875694918323797,1.1619335041480394,0.7045509334081016
0.6215234884115838,0.5700606058789501,0.36272368414622325,-0.05622761649532762,-0.3271817506746225,0.6800178250783155,-0.3404457945366501,-0.29363539742278383,0.4726151259883873,1.1822901809259525,-0.35875694918323797,-0.6418510943882505,-0.9540688390414082
1.0195723583438272,0.4279545476072675,0.9162537667034885,1.4442059667587126,1.3360947777444645,0.6800178250783155,-0.3404457945366501,-0.12030210778053538,-0.19003180616219062,0.5316001249180898,-0.35875694918323797,1.5808770238080807,-0.6292509694377858
-0.05457274649137396,0.560586868660838,-0.35285204370185674,0.9746608102694166,0.47811503005317074,0.6800178250783155,-0.3404457945366501,-0.2842745922007176,1.3159839487254863,-1.2282662111770273,-0.35875694918323797,-0.5487525344637968,-0.8960113500069634
-0.00846357648838401,0.18163737993635087,-0.04582341134772064,0.2662546157555256,0.2824354384744546,0.6800178250783155,-0.3404457945366501,-0.26971896788594824,0.6533370165749085,0.4014621137165149,-0.35875694918323797,-0.9909706941049518,-0.598358771178412
-1.1499658197256135,0.39953333595293095,-1.4691002983492005,0.29714852763909877,1.4790914023596802,0.6800178250783155,-0.3404457945366501,-0.0012424940101181717,-0.551475587335233,-1.015040085131373,2.4600476515422023,-1.2469917338971992,-0.8360145484372271
0.7952969632394387,0.12479495662767781,0.9560850603684697,1.4401701111733642,2.0661301770958285,0.6800178250783155,-0.3404457945366501,5.616521806225108,-1.3948444100723323,-0.2001759226845991,1.0506453511794822,-0.3625554146148895,0.22343897131771404
0.033757813417596656,0.10584748219145346,0.06258841525535014,-0.5902731620819321,1.9080812762053272,0.6800178250783155,-0.23613092712987707,0.3555362216387241,-0.9129193685082756,-1.212249225182987,1.0506453511794822,-0.16472097477542544,-0.41185000085014567
-0.9918415177472584,-0.7941575535292034,-0.6179624514191021,-0.635163634404967,-0.9217466635484138,0.6800178250783155,-0.3404457945366501,-0.30702741690516305,-0.19003180616219062,-1.3403851131353055,-0.35875694918323797,-1.0840692540294055,-0.4353556928203684
-0.500211378594699,0.20058485437257523,-0.634948398892345,-1.4125094768018462,1.9306596906182556,0.6800178250783155,-0.10573734287141082,5.392451435275555,-1.3948444100723323,-0.8078203288334839,-0.35875694918323797,0.335683784818513,-0.598358771178412
-0.36736990380458573,-0.07415352495267792,-0.2929189452548752,-1.4117016788554706,-0.8314330058966987,0.6800178250783155,-0.3404457945366501,-0.3023741036460255,-0.12979117596668352,-1.3323766201382852,1.0506453511794822,-0.45565397453934314,-1.0731635554008574
-0.878277156880777,-0.25415453209680927,-0.831745999619665,0.8118456560399471,1.7274539609018968,0.6800178250783155,-0.3404457945366501,0.543817575006057,-1.0334006288992896,-1.1401727882098085,-0.35875694918323797,-0.23454489471876566,-0.6292509694377858
-0.6274785709506386,-0.06467978773456574,-0.6265258378002282,-1.5023545595042607,1.4640391260843943,-1.4571810537392473,-0.3404457945366501,-0.08205799817093597,-0.31051306655320476,-1.1882237461919276,2.4600476515422023,0.7080780245163277,-0.43294358000418326
-0.5532479550000519,0.12479495662767781,-0.6525534124433859,-1.12010691664478,1.2006242912668919,0.6800178250783155,-0.3404457945366501,-0.21669904861612438,0.5328557561838944,0.12116485882082338,-0.35875694918323797,0.8710005043841216,0.43779055283892393
-0.58250680950062,-1.3246868377434853,0.6983583675041515,-1.4830186975497524,1.7876630660030401,0.6800178250783155,-0.3404457945366501,0.33063951375544043,-0.9129193685082756,-1.296338401651696,-0.35875694918323797,-0.9444214141427248,-0.2704604998076143
0.011499904665489023,0.32374343820803353,-0.12561643769199793,-0.9594967740582925,-0.590596585492125,0.6800178250783155,-0.3404457945366501,-0.31477305935774014,0.7738182769659226,-1.1401727882098085,-0.35875694918323797,0.1262120249884923,0.02776996789000464
-0.5102372427792937,-1.1636333050355783,0.5954083341833168,0.3990174995223797,2.0661301770958285,0.6800178250783155,-0.3404457945366501,5.616521806225108,-1.3948444100723323,0.13718184481485923,2.4600476515422023,-0.7582242942938175,-0.2557820516589353
