source_row_index,fish_id,battery_suite,battery,group_raw,group,treatment,exposure,date_raw,start_time_raw,datetime_raw,datetime,datetime_parse_method,datetime_parse_failed_flag,first_choice_raw,first_choice,first_choice_clean,first_choice_binary,first_choice_valid_binary,no_choice_flag,first_choice_nonbinary_flag,date,start_time,latency,num_changes,time_bright,mtpc,mov_bottom,mov_upper,mov_total,dist_bottom,dist_upper,dist_total,vel_bottom,vel_upper,vel_mean,attempts,last_flux,time_in_last_flux,resistance_index,lt,ls,wt,Kc,sex,blood_sugar,conductivity,pH,sex_raw,stratum_pref,ldt_present_flag,ntt_present_flag,endurance_present_flag,first_choice_exclusion_reason,blood_sugar_missing_flag,sex_missing_flag,ldt_time_bright_gt_480_flag,ldt_time_bright_gt_600_flag,ntt_mov_total_gt_480_flag,zero_motion_flag,low_motion_flag,impossible_value_flag,tracking_failure_flag,missing_critical_field_flag,distance_outlier_flag,manual_review_flag,global_exclusion_flag,global_exclusion_reason
138,2BT01hCTR01,2,BT2,01h_CTR,01h 0.0%,0.0,1,2021-08-04,11:21:36,2021-08-04 11:21:36,2021-08-04 11:21:36,standard,False,C,bright,bright,1.0,True,False,False,2021-08-04,11:21:36,0.0,48.0,148.0,3.0833333333333335,222.0,188.0,410.0,3275.5,2993.9,6269.4,14.754504504504505,15.925,15.291219512195122,,,,,2.6,2.0,0.18,2.25,male,,120.0,7.2,m,45.85365853658537,True,True,False,,True,False,False,False,False,False,False,False,False,False,False,False,False,
139,2BT01hCTR02,2,BT2,01h_CTR,01h 0.0%,0.0,1,2021-08-04,11:38:36,2021-08-04 11:38:36,2021-08-04 11:38:36,standard,False,C,bright,bright,1.0,True,False,False,2021-08-04,11:38:36,0.0,30.0,214.0,7.133333333333334,213.0,162.0,375.0,2480.8,2248.4,4729.200000000001,11.646948356807513,13.879012345679014,12.611200000000002,,,,,2.8,2.3,0.23,1.8903591682419663,female,,120.0,7.2,f,43.2,True,True,False,,True,False,False,False,False,False,False,False,False,False,False,False,False,
140,2BT01hCTR03,2,BT2,01h_CTR,01h 0.0%,0.0,1,2021-08-04,11:55:34,2021-08-04 11:55:34,2021-08-04 11:55:34,standard,False,C,bright,bright,1.0,True,False,False,2021-08-04,11:55:34,0.0,0.0,480.0,480.0,431.0,11.0,442.0,2266.3,90.1,2356.4,5.258236658932715,8.19090909090909,5.331221719457014,,,,,2.9,2.4,0.24,1.7361111111111112,female,,120.0,7.2,f,2.48868778280543,True,True,False,,True,False,False,False,False,False,False,False,False,False,False,False,False,
141,2BT01hCTR04,2,BT2,01h_CTR,01h 0.0%,0.0,1,2021-08-04,12:12:40,2021-08-04 12:12:40,2021-08-04 12:12:40,standard,False,C,bright,bright,1.0,True,False,False,2021-08-04,12:12:40,0.0,9.0,60.0,6.666666666666667,267.0,139.0,406.0,3778.3,2539.4,6317.700000000001,14.150936329588015,18.26906474820144,15.560837438423647,,,,,2.8,2.4,0.22,1.5914351851851853,male,,120.0,7.2,m,34.23645320197045,True,True,False,,True,False,False,False,False,False,False,False,False,False,False,False,False,
142,2BT01hCTR05,2,BT2,01h_CTR,01h 0.0%,0.0,1,2021-08-04,12:29:30,2021-08-04 12:29:30,2021-08-04 12:29:30,standard,False,C,bright,bright,1.0,True,False,False,2021-08-04,12:29:30,0.0,34.0,216.0,6.352941176470588,153.0,237.0,390.0,3138.8,4348.9,7487.7,20.515032679738564,18.349789029535863,19.19923076923077,,,,,2.9,2.4,0.18,1.3020833333333335,female,,120.0,7.2,f,60.76923076923077,True,True,False,,True,False,False,False,False,False,False,False,False,False,False,False,False,
143,2BT01hCTR06,2,BT2,01h_CTR,01h 0.0%,0.0,1,2021-08-04,12:47:08,2021-08-04 12:47:08,2021-08-04 12:47:08,standard,False,E,dark,dark,0.0,True,False,False,2021-08-04,12:47:08,0.0,20.0,89.0,4.45,207.0,189.0,396.0,3927.2,3986.1,7913.299999999999,18.971980676328503,21.09047619047619,19.983080808080807,,,,,3.0,2.4,0.24,1.7361111111111112,female,105.0,120.0,7.2,f,47.72727272727273,True,True,False,,False,False,False,False,False,False,False,False,False,False,False,False,False,
144,2BT01hCTR07,2,BT2,01h_CTR,01h 0.0%,0.0,1,2021-08-04,13:03:45,2021-08-04 13:03:45,2021-08-04 13:03:45,standard,False,E,dark,dark,0.0,True,False,False,2021-08-04,13:03:45,0.0,25.0,122.0,4.88,243.0,167.0,410.0,4643.6,3917.7,8561.3,19.109465020576135,23.459281437125746,20.88121951219512,,,,,2.7,2.0,0.15,1.875,male,,120.0,7.2,m,40.731707317073166,True,True,False,,True,False,False,False,False,False,False,False,False,False,False,False,False,
145,2BT01hCTR08,2,BT2,01h_CTR,01h 0.0%,0.0,1,2021-08-04,13:21:19,2021-08-04 13:21:19,2021-08-04 13:21:19,standard,False,E,dark,dark,0.0,True,False,False,2021-08-04,13:21:19,0.0,10.0,40.0,4.0,204.0,194.0,398.0,2595.0,2286.1,4881.1,12.720588235294118,11.784020618556701,12.264070351758795,,,,,2.5,2.0,0.15,1.875,male,,120.0,7.2,m,48.743718592964825,True,True,False,,True,False,False,False,False,False,False,False,False,False,False,False,False,
146,2BT01hCTR09,2,BT2,01h_CTR,01h 0.0%,0.0,1,2021-08-04,13:38:02,2021-08-04 13:38:02,2021-08-04 13:38:02,standard,False,C,bright,bright,1.0,True,False,False,2021-08-04,13:38:02,0.0,23.0,343.0,14.91304347826087,223.0,199.0,422.0,3650.2,3253.5,6903.7,16.36860986547085,16.349246231155778,16.35947867298578,,,,,2.9,2.2,0.22,2.066115702479338,female,,120.0,7.2,f,47.1563981042654,True,True,False,,True,False,False,False,False,False,False,False,False,False,False,False,False,
147,2BT01hCTR10,2,BT2,01h_CTR,01h 0.0%,0.0,1,2021-08-04,13:54:56,2021-08-04 13:54:56,2021-08-04 13:54:56,standard,False,C,bright,bright,1.0,True,False,False,2021-08-04,13:54:56,0.0,9.0,251.0,27.88888888888889,219.0,218.0,437.0,3343.9,3832.0,7175.9,15.268949771689497,17.577981651376145,16.420823798627,,,,,2.8,2.2,0.19,1.7843726521412466,female,257.0,120.0,7.2,f,49.88558352402746,True,True,False,,False,False,False,False,False,False,False,False,False,False,False,False,False,
148,2BT01hCTR11,2,BT2,01h_CTR,01h 0.0%,0.0,1,2021-08-04,14:12:27,2021-08-04 14:12:27,2021-08-04 14:12:27,standard,False,C,bright,bright,1.0,True,False,False,2021-08-04,14:12:27,0.0,17.0,172.0,10.117647058823529,209.0,185.0,394.0,3506.5,3620.1,7126.6,16.77751196172249,19.568108108108106,18.08781725888325,,,,,2.9,2.2,0.24,2.2539444027047324,female,,120.0,7.2,f,46.954314720812185,True,True,False,,True,False,False,False,False,False,False,False,False,False,False,False,False,
149,2BT01hCTR12,2,BT2,01h_CTR,01h 0.0%,0.0,1,2021-08-04,14:30:01,2021-08-04 14:30:01,2021-08-04 14:30:01,standard,False,C,bright,bright,1.0,True,False,False,2021-08-04,14:30:01,0.0,15.0,51.0,3.4,157.0,256.0,413.0,1750.4,2563.5,4313.9,11.149044585987262,10.013671875,10.445278450363196,,,,,3.0,2.3,0.21,1.7259801101339691,female,201.0,120.0,7.2,f,61.98547215496368,True,True,False,,False,False,False,False,False,False,False,False,False,False,False,False,False,
150,2BT01hCTR13,2,BT2,01h_CTR,01h 0.0%,0.0,1,2021-08-04,14:47:20,2021-08-04 14:47:20,2021-08-04 14:47:20,standard,False,C,bright,bright,1.0,True,False,False,2021-08-04,14:47:20,8.0,9.0,222.0,24.666666666666668,342.0,100.0,442.0,2859.7,1207.5,4067.2,8.361695906432749,12.075,9.20180995475113,,,,,2.8,2.2,0.21,1.9722013523666408,female,182.0,120.0,7.2,f,22.624434389140273,True,True,False,,False,False,False,False,False,False,False,False,False,False,False,False,False,
151,2BT01hCTR14,2,BT2,01h_CTR,01h 0.0%,0.0,1,2021-08-04,15:04:27,2021-08-04 15:04:27,2021-08-04 15:04:27,standard,False,E,dark,dark,0.0,True,False,False,2021-08-04,15:04:27,0.0,1.0,3.0,3.0,239.0,161.0,400.0,3137.2,2202.7,5339.9,13.126359832635982,13.681366459627329,13.349749999999998,,,,,,,,,,,120.0,7.2,,40.25,True,True,False,,True,True,False,False,False,False,False,False,False,False,False,False,False,
152,2BT01hCTR15,2,BT2,01h_CTR,01h 0.0%,0.0,1,2021-08-04,15:20:58,2021-08-04 15:20:58,2021-08-04 15:20:58,standard,False,E,dark,dark,0.0,True,False,False,2021-08-04,15:20:58,0.0,3.0,325.0,108.33333333333333,240.0,145.0,385.0,4154.2,2616.6,6770.799999999999,17.309166666666666,18.04551724137931,17.586493506493504,,,,,3.1,2.6,0.24,1.3654984069185252,female,,120.0,7.2,f,37.66233766233766,True,True,False,,True,False,False,False,False,False,False,False,False,False,False,False,False,
153,2BT01hCTR16,2,BT2,01h_CTR,01h 0.0%,0.0,1,2021-08-04,15:37:59,2021-08-04 15:37:59,2021-08-04 15:37:59,standard,False,C,bright,bright,1.0,True,False,False,2021-08-04,15:37:59,0.0,10.0,378.0,37.8,271.0,171.0,442.0,4302.9,3373.0,7675.9,15.877859778597784,19.72514619883041,17.36628959276018,,,,,3.1,2.8,0.29,1.3210641399416911,female,,120.0,7.2,f,38.68778280542987,True,True,False,,True,False,False,False,False,False,False,False,False,False,False,False,False,
154,2BT01h00501,2,BT2,01h_0.5,01h 0.5%,0.5,1,2021-08-05,11:00:07,2021-08-05 11:00:07,2021-08-05 11:00:07,standard,False,C,bright,bright,1.0,True,False,False,2021-08-05,11:00:07,0.0,34.0,211.0,6.205882352941177,298.0,80.0,378.0,3896.0,1808.2,5704.2,13.073825503355705,22.6025,15.09047619047619,,,,,2.8,2.2,0.18,1.6904583020285493,male,,120.0,7.5,m,21.164021164021165,True,True,False,,True,False,False,False,False,False,False,False,False,False,False,False,False,
155,2BT01h00502,2,BT2,01h_0.5,01h 0.5%,0.5,1,2021-08-05,11:16:24,2021-08-05 11:16:24,2021-08-05 11:16:24,standard,False,E,dark,dark,0.0,True,False,False,2021-08-05,11:16:24,0.0,0.0,0.0,0.0,335.0,64.0,399.0,4075.4,1077.3,5152.7,12.165373134328359,16.8328125,12.914035087719299,,,,,3.1,2.4,0.29,2.097800925925926,male,,120.0,7.5,m,16.040100250626566,True,True,False,,True,False,False,False,False,False,False,False,False,False,False,False,False,
156,2BT01h00503,2,BT2,01h_0.5,01h 0.5%,0.5,1,2021-08-05,11:34:23,2021-08-05 11:34:23,2021-08-05 11:34:23,standard,False,E,dark,dark,0.0,True,False,False,2021-08-05,11:34:23,0.0,54.0,251.0,4.648148148148148,357.0,0.0,357.0,3761.1,0.0,3761.1,10.535294117647059,0.0,10.535294117647059,,,,,2.6,2.2,0.2,1.878287002253944,male,,120.0,7.5,m,0.0,True,True,False,,True,False,False,False,False,False,False,False,False,False,False,False,False,
157,2BT01h00504,2,BT2,01h_0.5,01h 0.5%,0.5,1,2021-08-05,12:08:38,2021-08-05 12:08:38,2021-08-05 12:08:38,standard,False,E,dark,dark,0.0,True,False,False,2021-08-05,12:08:38,0.0,0.0,0.0,0.0,279.0,140.0,419.0,2899.1,1652.8,4551.9,10.391039426523298,11.805714285714286,10.863723150357995,,,,,2.9,2.2,0.24,2.2539444027047324,female,,120.0,7.5,f,33.41288782816229,True,True,False,,True,False,False,False,False,False,False,False,False,False,False,False,False,
158,2BT01h00505,2,BT2,01h_0.5,01h 0.5%,0.5,1,2021-08-05,12:24:33,2021-08-05 12:24:33,2021-08-05 12:24:33,standard,False,E,dark,dark,0.0,True,False,False,2021-08-05,12:24:33,0.0,44.0,221.0,5.0227272727272725,304.0,100.0,404.0,3431.7,1408.7,4840.4,11.288486842105263,14.087,11.98118811881188,,,,,3.0,2.5,0.29,1.856,,,120.0,7.5,,24.752475247524753,True,True,False,,True,True,False,False,False,False,False,False,False,False,False,False,False,
159,2BT01h00506,2,BT2,01h_0.5,01h 0.5%,0.5,1,2021-08-05,12:41:08,2021-08-05 12:41:08,2021-08-05 12:41:08,standard,False,C,bright,bright,1.0,True,False,False,2021-08-05,12:41:08,0.0,3.0,465.0,155.0,309.0,105.0,414.0,3549.2,1529.0,5078.2,11.486084142394821,14.561904761904762,12.266183574879227,,,,,2.9,2.2,0.18,1.6904583020285493,female,,120.0,7.5,f,25.36231884057971,True,True,False,,True,False,False,False,False,False,False,False,False,False,False,False,False,
160,2BT01h00507,2,BT2,01h_0.5,01h 0.5%,0.5,1,2021-08-05,12:57:37,2021-08-05 12:57:37,2021-08-05 12:57:37,standard,False,C,bright,bright,1.0,True,False,False,2021-08-05,12:57:37,0.0,17.0,130.0,7.647058823529412,340.0,51.0,391.0,3582.17,801.2,4383.37,10.53579411764706,15.709803921568628,11.210664961636828,,,,,2.8,2.2,0.23,2.1600300525920355,female,,120.0,7.5,f,13.043478260869565,True,True,False,,True,False,False,False,False,False,False,False,False,False,False,False,False,
161,2BT01h00508,2,BT2,01h_0.5,01h 0.5%,0.5,1,2021-08-05,13:14:20,2021-08-05 13:14:20,2021-08-05 13:14:20,standard,False,E,dark,dark,0.0,True,False,False,2021-08-05,13:14:20,9.0,34.0,159.0,4.676470588235294,17.0,0.0,17.0,405.0,0.0,405.0,23.823529411764707,0.0,23.823529411764707,,,,,3.0,2.5,0.29,1.856,female,,120.0,7.5,f,0.0,True,True,False,,True,False,False,False,False,False,False,False,False,False,False,False,False,
162,2BT01h00509,2,BT2,01h_0.5,01h 0.5%,0.5,1,2021-08-05,13:30:49,2021-08-05 13:30:49,2021-08-05 13:30:49,standard,False,C,bright,bright,1.0,True,False,False,2021-08-05,13:30:49,0.0,30.0,336.0,11.2,355.0,89.0,444.0,5276.0,1650.6,6926.6,14.861971830985915,18.546067415730334,15.60045045045045,,,,,2.8,2.1,0.22,2.375553395961559,female,,120.0,7.5,f,20.045045045045047,True,True,False,,True,False,False,False,False,False,False,False,False,False,False,False,False,
163,2BT01h00510,2,BT2,01h_0.5,01h 0.5%,0.5,1,2021-08-05,13:37:24,2021-08-05 13:37:24,2021-08-05 13:37:24,standard,False,C,bright,bright,1.0,True,False,False,2021-08-05,13:37:24,75.0,22.0,237.0,10.772727272727273,71.0,0.0,71.0,776.8,0.0,776.8,10.940845070422535,0.0,10.940845070422535,,,,,2.8,2.1,0.22,2.375553395961559,female,158.0,120.0,7.5,f,0.0,True,True,False,,False,False,False,False,False,False,False,False,False,False,False,False,False,
164,2BT01h00511,2,BT2,01h_0.5,01h 0.5%,0.5,1,2021-08-05,14:03:57,2021-08-05 14:03:57,2021-08-05 14:03:57,standard,False,C,bright,bright,1.0,True,False,False,2021-08-05,14:03:57,0.0,26.0,354.0,13.615384615384615,402.0,0.0,402.0,3938.6,0.0,3938.6,9.797512437810944,0.0,9.797512437810944,,,,,3.4,2.7,0.4,2.032210537011634,female,,120.0,7.5,f,0.0,True,True,False,,True,False,False,False,False,False,False,False,False,False,False,False,False,
165,2BT01h00512,2,BT2,01h_0.5,01h 0.5%,0.5,1,2021-08-05,14:21:02,2021-08-05 14:21:02,2021-08-05 14:21:02,standard,False,C,bright,bright,1.0,True,False,False,2021-08-05,14:21:02,0.0,41.0,196.0,4.780487804878049,221.0,196.0,417.0,3586.8,3083.4,6670.200000000001,16.229864253393664,15.731632653061226,15.995683453237412,,,,,3.2,2.6,0.35,1.9913518434228492,female,,120.0,7.5,f,47.00239808153477,True,True,False,,True,False,False,False,False,False,False,False,False,False,False,False,False,
166,2BT01h00513,2,BT2,01h_0.5,01h 0.5%,0.5,1,2021-08-05,14:47:02,2021-08-05 14:47:02,2021-08-05 14:47:02,standard,False,C,bright,bright,1.0,True,False,False,2021-08-05,14:47:02,0.0,54.0,239.0,4.425925925925926,114.0,0.0,114.0,1327.8,0.0,1327.8,11.647368421052631,0.0,11.647368421052631,,,,,3.3,2.6,0.35,1.9913518434228492,female,,120.0,7.5,f,0.0,True,True,False,,True,False,False,False,False,False,False,False,False,False,False,False,False,
167,2BT01h00514,2,BT2,01h_0.5,01h 0.5%,0.5,1,2021-08-05,15:03:39,2021-08-05 15:03:39,2021-08-05 15:03:39,standard,False,C,bright,bright,1.0,True,False,False,2021-08-05,15:03:39,4.0,8.0,380.0,47.5,202.0,223.0,425.0,3149.7,3715.5,6865.2,15.592574257425742,16.661434977578477,16.153411764705883,,,,,3.1,2.4,0.27,1.9531250000000004,male,,120.0,7.5,m,52.470588235294116,True,True,False,,True,False,False,False,False,False,False,False,False,False,False,False,False,
168,2BT01h00515,2,BT2,01h_0.5,01h 0.5%,0.5,1,2021-08-05,15:20:01,2021-08-05 15:20:01,2021-08-05 15:20:01,standard,False,C,bright,bright,1.0,True,False,False,2021-08-05,15:20:01,0.0,25.0,248.0,9.92,372.0,31.0,403.0,5537.4,644.0,6181.4,14.885483870967741,20.774193548387096,15.338461538461537,,,,,3.2,2.6,0.34,1.9344560764679108,female,,120.0,7.5,f,7.6923076923076925,True,True,False,,True,False,False,False,False,False,False,False,False,False,False,False,False,
169,2BT01h00516,2,BT2,01h_0.5,01h 0.5%,0.5,1,2021-08-05,15:36:13,2021-08-05 15:36:13,2021-08-05 15:36:13,standard,False,C,bright,bright,1.0,True,False,False,2021-08-05,15:36:13,0.0,0.0,480.0,480.0,401.0,0.0,401.0,5628.4,0.0,5628.4,14.035910224438902,0.0,14.035910224438902,,,,,2.8,2.2,0.22,2.066115702479338,male,,120.0,7.5,m,0.0,True,True,False,,True,False,False,False,False,False,False,False,False,False,False,False,False,
170,2BT01h01001,2,BT2,01h_1.0,01h 1.0%,1.0,1,2021-08-06,10:18:33,2021-08-06 10:18:33,2021-08-06 10:18:33,standard,False,C,bright,bright,1.0,True,False,False,2021-08-06,10:18:33,10.0,33.0,288.0,8.727272727272727,381.0,35.0,416.0,4221.7,702.25,4923.95,11.080577427821522,20.064285714285713,11.83641826923077,,,,,3.5,2.7,0.31,1.5749631661840162,male,,120.0,7.6,m,8.413461538461538,True,True,False,,True,False,False,False,False,False,False,False,False,False,False,False,False,
171,2BT01h01002,2,BT2,01h_1.0,01h 1.0%,1.0,1,2021-08-06,10:34:51,2021-08-06 10:34:51,2021-08-06 10:34:51,standard,False,C,bright,bright,1.0,True,False,False,2021-08-06,10:34:51,0.0,25.0,96.0,3.84,380.0,57.0,437.0,3984.3,82.0,4066.3,10.485000000000001,1.4385964912280702,9.305034324942792,,,,,2.7,2.1,0.23,2.4835330957779935,male,,120.0,7.6,m,13.043478260869565,True,True,False,,True,False,False,False,False,False,False,False,False,False,False,False,False,
172,2BT01h01003,2,BT2,01h_1.0,01h 1.0%,1.0,1,2021-08-06,10:51:29,2021-08-06 10:51:29,2021-08-06 10:51:29,standard,False,C,bright,bright,1.0,True,False,False,2021-08-06,10:51:29,0.0,31.0,222.0,7.161290322580645,198.0,0.0,198.0,1519.92,0.0,1519.92,7.676363636363637,0.0,7.676363636363637,,,,,3.6,2.8,0.44,2.0043731778425657,female,,120.0,7.6,f,0.0,True,True,False,,True,False,False,False,False,False,False,False,False,False,False,False,False,
173,2BT01h01004,2,BT2,01h_1.0,01h 1.0%,1.0,1,2021-08-06,11:08:22,2021-08-06 11:08:22,2021-08-06 11:08:22,standard,False,C,bright,bright,1.0,True,False,False,2021-08-06,11:08:22,0.0,12.0,441.0,36.75,172.0,227.0,399.0,3817.3,4069.36,7886.66,22.19360465116279,17.92669603524229,19.766065162907267,,,,,2.9,2.1,0.23,2.4835330957779935,female,285.0,120.0,7.6,f,56.89223057644111,True,True,False,,False,False,False,False,False,False,False,False,False,False,False,False,False,
174,2BT01h01005,2,BT2,01h_1.0,01h 1.0%,1.0,1,2021-08-06,11:24:50,2021-08-06 11:24:50,2021-08-06 11:24:50,standard,False,C,bright,bright,1.0,True,False,False,2021-08-06,11:24:50,0.0,30.0,425.0,14.166666666666666,39.0,373.0,412.0,759.19,7406.93,8166.120000000001,19.466410256410256,19.857721179624665,19.820679611650487,,,,,2.6,2.1,0.21,2.2675736961451243,female,,120.0,7.6,f,90.53398058252428,True,True,False,,True,False,False,False,False,False,False,False,False,False,False,False,False,
175,2BT01h01006,2,BT2,01h_1.0,01h 1.0%,1.0,1,2021-08-06,11:41:11,2021-08-06 11:41:11,2021-08-06 11:41:11,standard,False,C,bright,bright,1.0,True,False,False,2021-08-06,11:41:11,0.0,125.0,253.0,2.024,175.0,223.0,398.0,5482.44,7255.86,12738.3,31.328228571428568,32.53748878923766,32.00577889447236,,,,,3.1,2.4,0.23,1.6637731481481486,female,,120.0,7.6,f,56.03015075376885,True,True,False,,True,False,False,False,False,False,False,False,False,False,False,False,False,
176,2BT01h01007,2,BT2,01h_1.0,01h 1.0%,1.0,1,2021-08-06,11:58:17,2021-08-06 11:58:17,2021-08-06 11:58:17,standard,False,E,dark,dark,0.0,True,False,False,2021-08-06,11:58:17,0.0,0.0,0.0,0.0,164.0,0.0,164.0,1530.01,0.0,1530.01,9.329329268292684,0.0,9.329329268292684,,,,,3.1,2.6,0.34,1.9344560764679108,female,346.0,120.0,7.6,f,0.0,True,True,False,,False,False,False,False,False,False,False,False,False,False,False,False,False,
177,2BT01h01008,2,BT2,01h_1.0,01h 1.0%,1.0,1,2021-08-06,12:16:17,2021-08-06 12:16:17,2021-08-06 12:16:17,standard,False,C,bright,bright,1.0,True,False,False,2021-08-06,12:16:17,0.0,13.0,391.0,30.076923076923077,374.0,0.0,374.0,4678.7,0.0,4678.7,12.509893048128342,0.0,12.509893048128342,,,,,2.7,2.1,0.17,1.8356548968793864,male,,120.0,7.6,m,0.0,True,True,False,,True,False,False,False,False,False,False,False,False,False,False,False,False,
178,2BT01h01009,2,BT2,01h_1.0,01h 1.0%,1.0,1,2021-08-06,12:33:34,2021-08-06 12:33:34,2021-08-06 12:33:34,standard,False,C,bright,bright,1.0,True,False,False,2021-08-06,12:33:34,0.0,16.0,111.0,6.9375,87.0,0.0,87.0,1009.9,0.0,1009.9,11.608045977011495,0.0,11.608045977011495,,,,,2.8,2.1,0.22,2.375553395961559,male,207.0,120.0,7.6,m,0.0,True,True,False,,False,False,False,False,False,False,False,False,False,False,False,False,False,
179,2BT01h01010,2,BT2,01h_1.0,01h 1.0%,1.0,1,2021-08-06,12:52:41,2021-08-06 12:52:41,2021-08-06 12:52:41,standard,False,C,bright,bright,1.0,True,False,False,2021-08-06,12:52:41,11.0,0.0,480.0,480.0,141.0,121.0,262.0,3718.42,3364.37,7082.79,26.37177304964539,27.804710743801653,27.03354961832061,,,,,3.0,2.3,0.24,1.9725486972959647,male,,120.0,7.6,m,46.18320610687023,True,True,False,,True,False,False,False,False,False,False,False,False,False,False,False,False,
180,2BT01h01011,2,BT2,01h_1.0,01h 1.0%,1.0,1,2021-08-06,13:09:35,2021-08-06 13:09:35,2021-08-06 13:09:35,standard,False,C,bright,bright,1.0,True,False,False,2021-08-06,13:09:35,358.0,0.0,122.0,122.0,212.0,0.0,212.0,2672.23,0.0,2672.23,12.604858490566038,0.0,12.604858490566038,,,,,2.8,2.2,0.26,2.441773102930127,female,,120.0,7.6,f,0.0,True,True,False,,True,False,False,False,False,False,False,False,False,False,False,False,False,
181,2BT01h01012,2,BT2,01h_1.0,01h 1.0%,1.0,1,2021-08-06,13:26:07,2021-08-06 13:26:07,2021-08-06 13:26:07,standard,False,C,bright,bright,1.0,True,False,False,2021-08-06,13:26:07,0.0,28.0,367.0,13.107142857142858,16.0,2.0,18.0,212.99,12.28,225.27,13.311875,6.14,12.515,,,,,2.9,2.2,0.21,1.9722013523666408,female,391.0,120.0,7.6,f,11.11111111111111,True,True,False,,False,False,False,False,False,False,False,False,False,False,False,False,False,
182,2BT01h01013,2,BT2,01h_1.0,01h 1.0%,1.0,1,2021-08-06,13:42:33,2021-08-06 13:42:33,2021-08-06 13:42:33,standard,False,C,bright,bright,1.0,True,False,False,2021-08-06,13:42:33,0.0,75.0,307.0,4.093333333333334,108.0,6.0,114.0,2046.04,98.72,2144.7599999999998,18.944814814814816,16.453333333333333,18.813684210526315,,,,,3.0,2.3,0.25,2.0547382263499636,female,,120.0,7.6,f,5.263157894736842,True,True,False,,True,False,False,False,False,False,False,False,False,False,False,False,False,
183,2BT01h01014,2,BT2,01h_1.0,01h 1.0%,1.0,1,2021-08-06,13:59:03,2021-08-06 13:59:03,2021-08-06 13:59:03,standard,False,E,dark,dark,0.0,True,False,False,2021-08-06,13:59:03,0.0,53.0,348.0,6.566037735849057,199.0,130.0,329.0,3798.46,3209.37,7007.83,19.087738693467337,24.687461538461537,21.300395136778114,,,,,3.3,2.6,0.34,1.9344560764679108,female,,120.0,7.6,f,39.51367781155015,True,True,False,,True,False,False,False,False,False,False,False,False,False,False,False,False,
184,2BT01h01015,2,BT2,01h_1.0,01h 1.0%,1.0,1,2021-08-06,14:15:35,2021-08-06 14:15:35,2021-08-06 14:15:35,standard,False,C,bright,bright,1.0,True,False,False,2021-08-06,14:15:35,0.0,37.0,134.0,3.6216216216216215,128.0,1.0,129.0,1544.87,6.52,1551.3899999999999,12.069296875,6.52,12.02627906976744,,,,,2.9,2.4,0.24,1.7361111111111112,male,,120.0,7.6,m,0.7751937984496124,True,True,False,,True,False,False,False,False,False,False,False,False,False,False,False,False,
185,2BT01h01016,2,BT2,01h_1.0,01h 1.0%,1.0,1,2021-08-06,14:32:46,2021-08-06 14:32:46,2021-08-06 14:32:46,standard,False,C,bright,bright,1.0,True,False,False,2021-08-06,14:32:46,0.0,43.0,378.0,8.790697674418604,272.0,154.0,426.0,4261.34,2821.38,7082.72,15.66669117647059,18.32064935064935,16.62610328638498,,,,,2.6,1.9,0.16,2.3327015599941685,male,,120.0,7.6,m,36.15023474178404,True,True,False,,True,False,False,False,False,False,False,False,False,False,False,False,False,
186,2BT24hCTR01,2,BT2,24h_CTR,24h 0.0%,0.0,24,2021-08-10,11:31:07,2021-08-10 11:31:07,2021-08-10 11:31:07,standard,False,C,bright,bright,1.0,True,False,False,2021-08-10,11:31:07,0.0,0.0,480.0,480.0,115.0,0.0,115.0,896.96,0.0,896.96,7.799652173913044,0.0,7.799652173913044,,,,,3.0,2.4,0.21,1.5190972222222223,female,,110.0,7.3,f,0.0,True,True,False,,True,False,False,False,False,False,False,False,False,False,False,False,False,
187,2BT24hCTR02,2,BT2,24h_CTR,24h 0.0%,0.0,24,2021-08-10,11:47:28,2021-08-10 11:47:28,2021-08-10 11:47:28,standard,False,E,dark,dark,0.0,True,False,False,2021-08-10,11:47:28,0.0,0.0,0.0,0.0,229.0,177.0,406.0,3748.24,3390.78,7139.02,16.367860262008733,19.156949152542374,17.583793103448276,,,,,2.7,2.1,0.2,2.15959399632869,male,,110.0,7.3,m,43.5960591133005,True,True,False,,True,False,False,False,False,False,False,False,False,False,False,False,False,
188,2BT24hCTR03,2,BT2,24h_CTR,24h 0.0%,0.0,24,2021-08-10,12:04:24,2021-08-10 12:04:24,2021-08-10 12:04:24,standard,False,E,dark,dark,0.0,True,False,False,2021-08-10,12:04:24,0.0,9.0,193.0,21.444444444444443,286.0,134.0,420.0,3569.95,2226.69,5796.639999999999,12.482342657342656,16.617089552238806,13.801523809523808,,,,,2.9,2.4,0.18,1.3020833333333335,male,,110.0,7.3,m,31.9047619047619,True,True,False,,True,False,False,False,False,False,False,False,False,False,False,False,False,
189,2BT24hCTR04,2,BT2,24h_CTR,24h 0.0%,0.0,24,2021-08-10,12:21:14,2021-08-10 12:21:14,2021-08-10 12:21:14,standard,False,C,bright,bright,1.0,True,False,False,2021-08-10,12:21:14,0.0,0.0,480.0,480.0,179.0,215.0,394.0,1846.44,2437.15,4283.59,10.315307262569833,11.335581395348838,10.872055837563453,,,,,2.6,2.0,0.16,2.0,male,,110.0,7.3,m,54.568527918781726,True,True,False,,True,False,False,False,False,False,False,False,False,False,False,False,False,
190,2BT24hCTR05,2,BT2,24h_CTR,24h 0.0%,0.0,24,2021-08-10,12:37:40,2021-08-10 12:37:40,2021-08-10 12:37:40,standard,False,C,bright,bright,1.0,True,False,False,2021-08-10,12:37:40,0.0,7.0,178.0,25.428571428571427,85.0,297.0,382.0,2138.0,5781.3,7919.3,25.152941176470588,19.465656565656566,20.731151832460732,,,,,2.6,2.0,0.16,2.0,male,,110.0,7.3,m,77.74869109947645,True,True,False,,True,False,False,False,False,False,False,False,False,False,False,False,False,
191,2BT24hCTR06,2,BT2,24h_CTR,24h 0.0%,0.0,24,2021-08-10,12:54:02,2021-08-10 12:54:02,2021-08-10 12:54:02,standard,False,E,dark,dark,0.0,True,False,False,2021-08-10,12:54:02,0.0,22.0,214.0,9.727272727272727,126.0,161.0,287.0,2175.03,2799.66,4974.6900000000005,17.26214285714286,17.38919254658385,17.333414634146344,,,,,2.6,2.0,0.13,1.625,male,,110.0,7.3,m,56.09756097560976,True,True,False,,True,False,False,False,False,False,False,False,False,False,False,False,False,
192,2BT24hCTR07,2,BT2,24h_CTR,24h 0.0%,0.0,24,2021-08-10,13:11:38,2021-08-10 13:11:38,2021-08-10 13:11:38,standard,False,C,bright,bright,1.0,True,False,False,2021-08-10,13:11:38,0.0,20.0,236.0,11.8,275.0,154.0,429.0,2524.61,1883.11,4407.72,9.1804,12.227987012987013,10.274405594405595,,,,,3.1,2.4,0.18,1.3020833333333335,male,,110.0,7.3,m,35.8974358974359,True,True,False,,True,False,False,False,False,False,False,False,False,False,False,False,False,
193,2BT24hCTR08,2,BT2,24h_CTR,24h 0.0%,0.0,24,2021-08-10,13:29:01,2021-08-10 13:29:01,2021-08-10 13:29:01,standard,False,E,dark,dark,0.0,True,False,False,2021-08-10,13:29:01,0.0,9.0,50.0,5.555555555555555,179.0,116.0,295.0,2574.8,2227.68,4802.48,14.384357541899442,19.20413793103448,16.27959322033898,,,,,3.0,2.3,0.2,1.643790581079971,female,,110.0,7.3,f,39.32203389830509,True,True,False,,True,False,False,False,False,False,False,False,False,False,False,False,False,
194,2BT24hCTR09,2,BT2,24h_CTR,24h 0.0%,0.0,24,2021-08-10,13:46:06,2021-08-10 13:46:06,2021-08-10 13:46:06,standard,False,C,bright,bright,1.0,True,False,False,2021-08-10,13:46:06,0.0,25.0,134.0,5.36,198.0,216.0,414.0,3384.81,4082.19,7467.0,17.095,18.89902777777778,18.036231884057973,,,,,3.3,2.7,0.32,1.6257684296093071,female,74.0,110.0,7.3,f,52.17391304347826,True,True,False,,False,False,False,False,False,False,False,False,False,False,False,False,False,
195,2BT24hCTR10,2,BT2,24h_CTR,24h 0.0%,0.0,24,2021-08-10,14:02:38,2021-08-10 14:02:38,2021-08-10 14:02:38,standard,False,C,bright,bright,1.0,True,False,False,2021-08-10,14:02:38,0.0,21.0,305.0,14.523809523809524,257.0,132.0,389.0,3328.71,2622.81,5951.52,12.952178988326848,19.86977272727273,15.299537275064269,,,,,2.8,2.1,0.22,2.375553395961559,female,,110.0,7.3,f,33.933161953727506,True,True,False,,True,False,False,False,False,False,False,False,False,False,False,False,False,
196,2BT24hCTR11,2,BT2,24h_CTR,24h 0.0%,0.0,24,2021-08-10,14:18:52,2021-08-10 14:18:52,2021-08-10 14:18:52,standard,False,C,bright,bright,1.0,True,False,False,2021-08-10,14:18:52,0.0,28.0,248.0,8.857142857142858,279.0,112.0,391.0,3322.86,1793.62,5116.48,11.90989247311828,16.014464285714286,13.085626598465472,,,,,2.9,2.1,0.17,1.8356548968793864,female,,110.0,7.3,f,28.644501278772378,True,True,False,,True,False,False,False,False,False,False,False,False,False,False,False,False,
197,2BT24hCTR12,2,BT2,24h_CTR,24h 0.0%,0.0,24,2021-08-10,14:35:29,2021-08-10 14:35:29,2021-08-10 14:35:29,standard,False,E,dark,dark,0.0,True,False,False,2021-08-10,14:35:29,0.0,13.0,78.0,6.0,269.0,126.0,395.0,4768.79,2886.98,7655.77,17.727843866171003,22.912539682539684,19.381696202531646,,,,,3.3,2.5,0.26,1.6640000000000001,male,,110.0,7.3,m,31.89873417721519,True,True,False,,True,False,False,False,False,False,False,False,False,False,False,False,False,
198,2BT24hCTR13,2,BT2,24h_CTR,24h 0.0%,0.0,24,2021-08-10,14:51:50,2021-08-10 14:51:50,2021-08-10 14:51:50,standard,False,E,dark,dark,0.0,True,False,False,2021-08-10,14:51:50,0.0,36.0,165.0,4.583333333333333,255.0,158.0,413.0,3636.85,3217.16,6854.01,14.262156862745098,20.361772151898734,16.595665859564164,,,,,2.7,2.2,0.21,1.9722013523666408,female,,110.0,7.3,f,38.256658595641646,True,True,False,,True,False,False,False,False,False,False,False,False,False,False,False,False,
199,2BT24hCTR14,2,BT2,24h_CTR,24h 0.0%,0.0,24,2021-08-10,15:09:13,2021-08-10 15:09:13,2021-08-10 15:09:13,standard,False,E,dark,dark,0.0,True,False,False,2021-08-10,15:09:13,0.0,22.0,242.0,11.0,168.0,139.0,307.0,2542.46,2168.32,4710.780000000001,15.133690476190477,15.599424460431656,15.344560260586322,,,,,2.7,2.1,0.15,1.6196954972465174,female,,110.0,7.3,f,45.27687296416938,True,True,False,,True,False,False,False,False,False,False,False,False,False,False,False,False,
200,2BT24hCTR15,2,BT2,24h_CTR,24h 0.0%,0.0,24,2021-08-10,15:25:56,2021-08-10 15:25:56,2021-08-10 15:25:56,standard,False,C,bright,bright,1.0,True,False,False,2021-08-10,15:25:56,0.0,29.0,187.0,6.448275862068965,139.0,198.0,337.0,2253.66,3457.22,5710.879999999999,16.213381294964027,17.46070707070707,16.946231454005932,,,,,2.9,2.3,0.22,1.8081696391879676,male,84.0,110.0,7.3,m,58.753709198813056,True,True,False,,False,False,False,False,False,False,False,False,False,False,False,False,False,
201,2BT24hCTR16,2,BT2,24h_CTR,24h 0.0%,0.0,24,2021-08-10,15:42:25,2021-08-10 15:42:25,2021-08-10 15:42:25,standard,False,E,dark,dark,0.0,True,False,False,2021-08-10,15:42:25,0.0,1.0,421.0,421.0,143.0,225.0,368.0,2047.62,2672.56,4720.18,14.319020979020978,11.878044444444445,12.826576086956523,,,,,2.6,2.0,0.15,1.875,female,,110.0,7.3,f,61.141304347826086,True,True,False,,True,False,False,False,False,False,False,False,False,False,False,False,False,
203,2BT24h00502,2,BT2,24h_0.5,24h 0.5%,0.5,24,2021-08-11,10:16:34,2021-08-11 10:16:34,2021-08-11 10:16:34,standard,False,E,dark,dark,0.0,True,False,False,2021-08-11,10:16:34,7.0,11.0,397.0,36.09090909090909,163.0,259.0,422.0,1937.0,3228.0,5165.0,11.883435582822086,12.463320463320464,12.239336492890995,,,,,3.2,2.5,0.38,2.432,female,65.0,110.0,7.5,f,61.37440758293838,True,True,False,,False,False,False,False,False,False,False,False,False,False,False,False,False,
204,2BT24h00503,2,BT2,24h_0.5,24h 0.5%,0.5,24,2021-08-11,10:35:12,2021-08-11 10:35:12,2021-08-11 10:35:12,standard,False,C,bright,bright,1.0,True,False,False,2021-08-11,10:35:12,288.0,2.0,182.0,91.0,0.0,0.0,0.0,0.0,0.0,0.0,0.0,0.0,0.0,,,,,2.4,1.9,0.15,2.186907712494533,male,,110.0,7.5,m,0.0,True,True,False,,True,False,False,False,False,True,True,False,False,False,False,True,False,
205,2BT24h00504,2,BT2,24h_0.5,24h 0.5%,0.5,24,2021-08-11,10:51:51,2021-08-11 10:51:51,2021-08-11 10:51:51,standard,False,C,bright,bright,1.0,True,False,False,2021-08-11,10:51:51,8.0,2.0,421.0,210.5,0.0,435.0,435.0,0.0,2636.0,2636.0,0.0,6.059770114942529,6.059770114942529,,,,,2.6,1.9,0.14,2.0411138649948977,male,,110.0,7.5,m,100.0,True,True,False,,True,False,False,False,False,False,False,False,False,False,False,False,False,
206,2BT24h00505,2,BT2,24h_0.5,24h 0.5%,0.5,24,2021-08-11,11:08:24,2021-08-11 11:08:24,2021-08-11 11:08:24,standard,False,C,bright,bright,1.0,True,False,False,2021-08-11,11:08:24,0.0,1.0,12.0,12.0,0.0,354.0,354.0,0.0,2930.0,2930.0,0.0,8.27683615819209,8.27683615819209,,,,,2.7,2.1,0.19,2.0516142965122555,male,,110.0,7.5,m,100.0,True,True,False,,True,False,False,False,False,False,False,False,False,False,False,False,False,
207,2BT24h00506,2,BT2,24h_0.5,24h 0.5%,0.5,24,2021-08-11,11:24:50,2021-08-11 11:24:50,2021-08-11 11:24:50,standard,False,E,dark,dark,0.0,True,False,False,2021-08-11,11:24:50,0.0,0.0,0.0,0.0,19.0,406.0,425.0,302.0,5034.0,5336.0,15.894736842105264,12.399014778325123,12.555294117647058,,,,,3.0,2.4,0.25,1.8084490740740744,male,,110.0,7.5,m,95.52941176470588,True,True,False,,True,False,False,False,False,False,False,False,False,False,False,False,False,
208,2BT24h00507,2,BT2,24h_0.5,24h 0.5%,0.5,24,2021-08-11,11:41:05,2021-08-11 11:41:05,2021-08-11 11:41:05,standard,False,C,bright,bright,1.0,True,False,False,2021-08-11,11:41:05,0.0,17.0,390.0,22.941176470588236,34.0,379.0,413.0,395.0,3612.0,4007.0,11.617647058823529,9.530343007915567,9.702179176755449,,,,,2.8,2.3,0.2,1.643790581079971,female,,110.0,7.5,f,91.76755447941889,True,True,False,,True,False,False,False,False,False,False,False,False,False,False,False,False,
209,2BT24h00508,2,BT2,24h_0.5,24h 0.5%,0.5,24,2021-08-11,11:57:56,2021-08-11 11:57:56,2021-08-11 11:57:56,standard,False,E,dark,dark,0.0,True,False,False,2021-08-11,11:57:56,8.0,32.0,147.0,4.59375,145.0,290.0,435.0,2401.0,3975.0,6376.0,16.55862068965517,13.706896551724139,14.657471264367816,,,,,3.4,2.7,0.38,1.9306000101610523,female,75.0,110.0,7.5,f,66.66666666666666,True,True,False,,False,False,False,False,False,False,False,False,False,False,False,False,False,
210,2BT24h00509,2,BT2,24h_0.5,24h 0.5%,0.5,24,2021-08-11,12:14:22,2021-08-11 12:14:22,2021-08-11 12:14:22,standard,False,C,bright,bright,1.0,True,False,False,2021-08-11,12:14:22,10.0,0.0,470.0,470.0,0.0,440.0,440.0,0.0,4763.0,4763.0,0.0,10.825,10.825,,,,,2.7,2.1,0.17,1.8356548968793864,male,,110.0,7.5,m,100.0,True,True,False,,True,False,False,False,False,False,False,False,False,False,False,False,False,
211,2BT24h00510,2,BT2,24h_0.5,24h 0.5%,0.5,24,2021-08-11,12:31:33,2021-08-11 12:31:33,2021-08-11 12:31:33,standard,False,C,bright,bright,1.0,True,False,False,2021-08-11,12:31:33,0.0,4.0,474.0,118.5,0.0,440.0,440.0,0.0,4085.0,4085.0,0.0,9.284090909090908,9.284090909090908,,,,,3.1,2.4,0.27,1.9531250000000004,female,129.0,110.0,7.5,f,100.0,True,True,False,,False,False,False,False,False,False,False,False,False,False,False,False,False,
212,2BT24h00511,2,BT2,24h_0.5,24h 0.5%,0.5,24,2021-08-11,12:47:54,2021-08-11 12:47:54,2021-08-11 12:47:54,standard,False,E,dark,dark,0.0,True,False,False,2021-08-11,12:47:54,0.0,0.0,0.0,0.0,54.0,318.0,372.0,562.0,2713.0,3275.0,10.407407407407407,8.531446540880504,8.803763440860216,,,,,3.1,1.4,0.16,5.830903790087465,male,,110.0,7.5,m,85.48387096774194,True,True,False,,True,False,False,False,False,False,False,False,False,False,False,False,False,
213,2BT24h00512,2,BT2,24h_0.5,24h 0.5%,0.5,24,2021-08-11,13:04:10,2021-08-11 13:04:10,2021-08-11 13:04:10,standard,False,E,dark,dark,0.0,True,False,False,2021-08-11,13:04:10,0.0,10.0,394.0,39.4,96.0,319.0,415.0,1045.0,3650.0,4695.0,10.885416666666666,11.442006269592477,11.313253012048193,,,,,2.7,2.1,0.15,1.6196954972465174,male,,110.0,7.5,m,76.86746987951807,True,True,False,,True,False,False,False,False,False,False,False,False,False,False,False,False,
214,2BT24h00513,2,BT2,24h_0.5,24h 0.5%,0.5,24,2021-08-11,13:20:45,2021-08-11 13:20:45,2021-08-11 13:20:45,standard,False,E,dark,dark,0.0,True,False,False,2021-08-11,13:20:45,0.0,0.0,0.0,0.0,31.0,246.0,277.0,366.0,2696.0,3062.0,11.806451612903226,10.959349593495935,11.054151624548737,,,,,2.8,2.2,0.17,1.5965439519158524,male,,110.0,7.5,m,88.8086642599278,True,True,False,,True,False,False,False,False,False,False,False,False,False,False,False,False,
215,2BT24h00514,2,BT2,24h_0.5,24h 0.5%,0.5,24,2021-08-11,13:37:14,2021-08-11 13:37:14,2021-08-11 13:37:14,standard,False,E,dark,dark,0.0,True,False,False,2021-08-11,13:37:14,0.0,13.0,368.0,28.307692307692307,101.0,342.0,443.0,1358.0,3880.0,5238.0,13.445544554455445,11.345029239766081,11.82392776523702,,,,,3.6,2.9,0.46,1.8860961909057363,female,105.0,110.0,7.5,f,77.20090293453724,True,True,False,,False,False,False,False,False,False,False,False,False,False,False,False,False,
216,2BT24h00515,2,BT2,24h_0.5,24h 0.5%,0.5,24,2021-08-11,13:53:56,2021-08-11 13:53:56,2021-08-11 13:53:56,standard,False,C,bright,bright,1.0,True,False,False,2021-08-11,13:53:56,0.0,0.0,480.0,480.0,0.0,443.0,443.0,0.0,4408.0,4408.0,0.0,9.950338600451467,9.950338600451467,,,,,2.9,2.2,0.24,2.2539444027047324,female,,110.0,7.5,f,100.0,True,True,False,,True,False,False,False,False,False,False,False,False,False,False,False,False,
217,2BT24h00516,2,BT2,24h_0.5,24h 0.5%,0.5,24,2021-08-11,14:10:18,2021-08-11 14:10:18,2021-08-11 14:10:18,standard,False,C,bright,bright,1.0,True,False,False,2021-08-11,14:10:18,0.0,10.0,425.0,42.5,0.0,350.0,350.0,0.0,3190.0,3190.0,0.0,9.114285714285714,9.114285714285714,,,,,2.3,1.9,0.16,2.3327015599941685,male,,110.0,7.5,m,100.0,True,True,False,,True,False,False,False,False,False,False,False,False,False,False,False,False,
218,2BT24h01001,2,BT2,24h_1.0,24h 1.0%,1.0,24,2021-12-19,12:09:51,2021-12-19 12:09:51,2021-12-19 12:09:51,standard,False,E,dark,dark,0.0,True,False,False,2021-12-19,12:09:51,0.0,18.0,116.0,6.444444444444445,237.0,93.0,330.0,3415.0,1794.0,5209.0,14.40928270042194,19.29032258064516,15.784848484848485,,,,,3.9,3.6,0.45,0.9645061728395061,female,,100.0,7.6,f,28.18181818181818,True,True,False,,True,False,False,False,False,False,False,False,False,False,False,False,False,
219,2BT24h01002,2,BT2,24h_1.0,24h 1.0%,1.0,24,2021-12-19,12:28:15,2021-12-19 12:28:15,2021-12-19 12:28:15,standard,False,C,bright,bright,1.0,True,False,False,2021-12-19,12:28:15,0.0,58.0,257.0,4.431034482758621,416.0,1.0,417.0,4940.0,24.0,4964.0,11.875,24.0,11.904076738609113,,,,,3.4,2.8,0.37,1.6854956268221577,female,99.0,100.0,7.6,f,0.2398081534772182,True,True,False,,False,False,False,False,False,False,False,False,False,False,False,False,False,
220,2BT24h01003,2,BT2,24h_1.0,24h 1.0%,1.0,24,2021-12-19,12:45:16,2021-12-19 12:45:16,2021-12-19 12:45:16,standard,False,C,bright,bright,1.0,True,False,False,2021-12-19,12:45:16,411.0,0.0,69.0,69.0,68.0,39.0,107.0,1042.0,1045.0,2087.0,15.323529411764707,26.794871794871796,19.50467289719626,,,,,3.9,3.2,0.49,1.4953613281249996,female,85.0,100.0,7.6,f,36.44859813084112,True,True,False,,False,False,False,False,False,False,False,False,False,False,False,False,False,
221,2BT24h01004,2,BT2,24h_1.0,24h 1.0%,1.0,24,2021-12-19,13:05:33,2021-12-19 13:05:33,2021-12-19 13:05:33,standard,False,C,bright,bright,1.0,True,False,False,2021-12-19,13:05:33,0.0,55.0,412.0,7.490909090909091,268.0,57.0,325.0,4492.0,1393.0,5885.0,16.761194029850746,24.43859649122807,18.107692307692307,,,,,3.8,3.2,0.39,1.1901855468749998,male,66.0,100.0,7.6,m,17.53846153846154,True,True,False,,False,False,False,False,False,False,False,False,False,False,False,False,False,
222,2BT24h01005,2,BT2,24h_1.0,24h 1.0%,1.0,24,2021-12-19,13:22:35,2021-12-19 13:22:35,2021-12-19 13:22:35,standard,False,E,dark,dark,0.0,True,False,False,2021-12-19,13:22:35,0.0,14.0,366.0,26.142857142857142,370.0,7.0,377.0,3723.0,101.0,3824.0,10.062162162162162,14.428571428571429,10.143236074270558,,,,,3.2,2.6,0.33,1.8775603095129723,female,205.0,100.0,7.6,f,1.8567639257294428,True,True,False,,False,False,False,False,False,False,False,False,False,False,False,False,False,
223,2BT24h01006,2,BT2,24h_1.0,24h 1.0%,1.0,24,2021-12-19,13:39:12,2021-12-19 13:39:12,2021-12-19 13:39:12,standard,False,C,bright,bright,1.0,True,False,False,2021-12-19,13:39:12,0.0,39.0,274.0,7.0256410256410255,270.0,144.0,414.0,3786.0,2335.0,6121.0,14.022222222222222,16.21527777777778,14.785024154589372,,,,,3.5,2.8,0.43,1.958819241982508,female,266.0,100.0,7.6,f,34.78260869565217,True,True,False,,False,False,False,False,False,False,False,False,False,False,False,False,False,
224,2BT24h01007,2,BT2,24h_1.0,24h 1.0%,1.0,24,2021-12-19,13:57:19,2021-12-19 13:57:19,2021-12-19 13:57:19,standard,False,E,dark,dark,0.0,True,False,False,2021-12-19,13:57:19,0.0,66.0,398.0,6.03030303030303,272.0,37.0,309.0,3100.0,802.0,3902.0,11.397058823529411,21.675675675675677,12.627831715210355,,,,,3.5,2.8,0.37,1.6854956268221577,male,207.0,100.0,7.6,m,11.974110032362459,True,True,False,,False,False,False,False,False,False,False,False,False,False,False,False,False,
225,2BT24h01008,2,BT2,24h_1.0,24h 1.0%,1.0,24,2021-12-19,14:14:06,2021-12-19 14:14:06,2021-12-19 14:14:06,standard,False,C,bright,bright,1.0,True,False,False,2021-12-19,14:14:06,42.0,3.0,411.0,137.0,16.0,3.0,19.0,230.0,85.0,315.0,14.375,28.333333333333332,16.57894736842105,,,,,3.2,2.6,0.23,1.3086026399635866,male,113.0,100.0,7.6,m,15.789473684210526,True,True,False,,False,False,False,False,False,False,False,False,False,False,False,False,False,
226,2BT24h01009,2,BT2,24h_1.0,24h 1.0%,1.0,24,2021-12-19,14:30:38,2021-12-19 14:30:38,2021-12-19 14:30:38,standard,False,C,bright,bright,1.0,True,False,False,2021-12-19,14:30:38,0.0,12.0,355.0,29.583333333333332,49.0,0.0,49.0,610.0,0.0,610.0,12.448979591836734,0.0,12.448979591836734,,,,,3.3,2.6,0.29,1.649977241693218,male,103.0,100.0,7.6,m,0.0,True,True,False,,False,False,False,False,False,False,False,False,False,False,False,False,False,
227,2BT24h01010,2,BT2,24h_1.0,24h 1.0%,1.0,24,2021-12-19,14:47:09,2021-12-19 14:47:09,2021-12-19 14:47:09,standard,False,C,bright,bright,1.0,True,False,False,2021-12-19,14:47:09,0.0,24.0,290.0,12.083333333333334,318.0,84.0,402.0,4041.0,1774.0,5815.0,12.70754716981132,21.11904761904762,14.465174129353233,,,,,3.0,2.4,0.26,1.8807870370370374,male,,100.0,7.6,m,20.8955223880597,True,True,False,,True,False,False,False,False,False,False,False,False,False,False,False,False,
228,2BT24h01011,2,BT2,24h_1.0,24h 1.0%,1.0,24,2021-12-19,15:03:40,2021-12-19 15:03:40,2021-12-19 15:03:40,standard,False,C,bright,bright,1.0,True,False,False,2021-12-19,15:03:40,0.0,36.0,276.0,7.666666666666667,306.0,84.0,390.0,3970.0,1654.0,5624.0,12.973856209150327,19.69047619047619,14.42051282051282,,,,,3.4,2.6,0.26,1.4792899408284024,male,,100.0,7.6,m,21.53846153846154,True,True,False,,True,False,False,False,False,False,False,False,False,False,False,False,False,
229,2BT24h01012,2,BT2,24h_1.0,24h 1.0%,1.0,24,2021-12-19,15:19:54,2021-12-19 15:19:54,2021-12-19 15:19:54,standard,False,C,bright,bright,1.0,True,False,False,2021-12-19,15:19:54,0.0,24.0,400.0,16.666666666666668,106.0,0.0,106.0,1537.0,0.0,1537.0,14.5,0.0,14.5,,,,,3.7,3.0,0.41,1.5185185185185184,female,60.0,100.0,7.6,f,0.0,True,True,False,,False,False,False,False,False,False,False,False,False,False,False,False,False,
230,2BT96hCTR01,2,BT2,96h_CTR,96h 0.0%,0.0,96,2021-08-20,11:58:47,2021-08-20 11:58:47,2021-08-20 11:58:47,standard,False,C,bright,bright,1.0,True,False,False,2021-08-20,11:58:47,5.0,13.0,285.8,21.984615384615385,172.0,255.0,427.0,942.0,1345.0,2287.0,5.476744186046512,5.2745098039215685,5.355971896955504,,,,,3.0,2.3,0.25,2.0547382263499636,female,,110.0,7.3,f,59.71896955503513,True,True,False,,True,False,False,False,False,False,False,False,False,False,False,False,False,
231,2BT96hCTR02,2,BT2,96h_CTR,96h 0.0%,0.0,96,2021-08-20,12:14:45,2021-08-20 12:14:45,2021-08-20 12:14:45,standard,False,C,bright,bright,1.0,True,False,False,2021-08-20,12:14:45,0.0,25.0,278.9,11.155999999999999,132.0,209.0,341.0,2528.0,3740.0,6268.0,19.151515151515152,17.894736842105264,18.381231671554254,,,,,2.8,2.2,0.18,1.6904583020285493,male,,110.0,7.3,m,61.29032258064516,True,True,False,,True,False,False,False,False,False,False,False,False,False,False,False,False,
232,2BT96hCTR03,2,BT2,96h_CTR,96h 0.0%,0.0,96,2021-08-20,12:31:07,2021-08-20 12:31:07,2021-08-20 12:31:07,standard,False,C,bright,bright,1.0,True,False,False,2021-08-20,12:31:07,0.0,17.0,400.3,23.54705882352941,163.0,223.0,386.0,5385.0,6571.0,11956.0,33.03680981595092,29.466367713004484,30.974093264248705,,,,,2.9,2.3,0.25,2.0547382263499636,female,,110.0,7.3,f,57.77202072538861,True,True,False,,True,False,False,False,False,False,False,False,False,False,True,True,False,
233,2BT96hCTR04,2,BT2,96h_CTR,96h 0.0%,0.0,96,2021-08-26,11:39:23,2021-08-26 11:39:23,2021-08-26 11:39:23,standard,False,E,dark,dark,0.0,True,False,False,2021-08-26,11:39:23,0.0,20.0,175.3,8.765,136.0,103.0,239.0,1985.0,1678.0,3663.0,14.595588235294118,16.29126213592233,15.326359832635983,,,,,3.0,2.4,0.25,1.8084490740740744,male,184.0,110.0,7.3,m,43.09623430962343,True,True,False,,False,False,False,False,False,False,False,False,False,False,False,False,False,
234,2BT96hCTR05,2,BT2,96h_CTR,96h 0.0%,0.0,96,2021-08-26,11:55:46,2021-08-26 11:55:46,2021-08-26 11:55:46,standard,False,C,bright,bright,1.0,True,False,False,2021-08-26,11:55:46,0.0,30.0,193.0,6.433333333333334,173.0,219.0,392.0,2129.0,2799.0,4928.0,12.306358381502891,12.780821917808218,12.571428571428571,,,,,2.4,1.9,0.11,1.6037323224959907,male,,110.0,7.3,m,55.86734693877551,True,True,False,,True,False,False,False,False,False,False,False,False,False,False,False,False,
235,2BT96hCTR06,2,BT2,96h_CTR,96h 0.0%,0.0,96,2021-08-26,12:15:18,2021-08-26 12:15:18,2021-08-26 12:15:18,standard,False,C,bright,bright,1.0,True,False,False,2021-08-26,12:15:18,0.0,19.0,173.3,9.121052631578948,212.0,210.0,422.0,3068.0,3590.0,6658.0,14.471698113207546,17.095238095238095,15.777251184834123,,,,,3.0,2.2,0.18,1.6904583020285493,female,,110.0,7.3,f,49.763033175355446,True,True,False,,True,False,False,False,False,False,False,False,False,False,False,False,False,
236,2BT96hCTR07,2,BT2,96h_CTR,96h 0.0%,0.0,96,2021-08-26,12:32:02,2021-08-26 12:32:02,2021-08-26 12:32:02,standard,False,C,bright,bright,1.0,True,False,False,2021-08-26,12:32:02,9.0,30.0,162.05,5.401666666666667,349.0,72.0,421.0,3378.0,1022.0,4400.0,9.679083094555875,14.194444444444445,10.451306413301662,,,,,3.0,2.3,0.25,2.0547382263499636,female,223.0,110.0,7.3,f,17.102137767220903,True,True,False,,False,False,False,False,False,False,False,False,False,False,False,False,False,
237,2BT96hCTR08,2,BT2,96h_CTR,96h 0.0%,0.0,96,2021-08-26,12:48:12,2021-08-26 12:48:12,2021-08-26 12:48:12,standard,False,E,dark,dark,0.0,True,False,False,2021-08-26,12:48:12,0.0,18.0,45.3,2.5166666666666666,231.0,122.0,353.0,2780.0,1971.0,4751.0,12.034632034632034,16.15573770491803,13.458923512747875,,,,,2.6,2.1,0.16,1.727675197062952,male,,110.0,7.3,m,34.56090651558073,True,True,False,,True,False,False,False,False,False,False,False,False,False,False,False,False,
238,2BT96hCTR09,2,BT2,96h_CTR,96h 0.0%,0.0,96,2021-08-26,13:04:51,2021-08-26 13:04:51,2021-08-26 13:04:51,standard,False,C,bright,bright,1.0,True,False,False,2021-08-26,13:04:51,0.0,2.0,470.8,235.4,280.0,143.0,423.0,3202.0,1575.0,4777.0,11.435714285714285,11.013986013986013,11.293144208037825,,,,,3.6,2.6,0.41,2.3327264451524803,female,156.0,110.0,7.3,f,33.80614657210402,True,True,False,,False,False,False,False,False,False,False,False,False,False,False,False,False,
239,2BT96hCTR10,2,BT2,96h_CTR,96h 0.0%,0.0,96,2021-08-26,13:21:06,2021-08-26 13:21:06,2021-08-26 13:21:06,standard,False,C,bright,bright,1.0,True,False,False,2021-08-26,13:21:06,0.0,21.0,138.4,6.590476190476191,224.0,171.0,395.0,4573.0,4448.0,9021.0,20.415178571428573,26.01169590643275,22.837974683544303,,,,,3.4,2.9,0.37,1.5170773709459182,female,84.0,110.0,7.3,f,43.291139240506325,True,True,False,,False,False,False,False,False,False,False,False,False,False,False,False,False,
240,2BT96hCTR11,2,BT2,96h_CTR,96h 0.0%,0.0,96,2021-08-26,13:37:44,2021-08-26 13:37:44,2021-08-26 13:37:44,standard,False,C,bright,bright,1.0,True,False,False,2021-08-26,13:37:44,7.0,13.0,259.2,19.93846153846154,297.0,96.0,393.0,2763.0,1147.0,3910.0,9.303030303030303,11.947916666666666,9.94910941475827,,,,,2.7,2.2,0.17,1.5965439519158524,male,,110.0,7.3,m,24.427480916030532,True,True,False,,True,False,False,False,False,False,False,False,False,False,False,False,False,
241,2BT96hCTR12,2,BT2,96h_CTR,96h 0.0%,0.0,96,2021-08-26,13:53:54,2021-08-26 13:53:54,2021-08-26 13:53:54,standard,False,C,bright,bright,1.0,True,False,False,2021-08-26,13:53:54,0.0,41.0,145.75,3.5548780487804876,167.0,234.0,401.0,2341.0,3158.0,5499.0,14.017964071856287,13.495726495726496,13.713216957605985,,,,,3.1,2.6,0.25,1.4223941738734638,female,,110.0,7.3,f,58.35411471321695,True,True,False,,True,False,False,False,False,False,False,False,False,False,False,False,False,
242,2BT96hCTR13,2,BT2,96h_CTR,96h 0.0%,0.0,96,2021-08-26,14:12:12,2021-08-26 14:12:12,2021-08-26 14:12:12,standard,False,C,bright,bright,1.0,True,False,False,2021-08-26,14:12:12,0.0,7.0,49.25,7.035714285714286,234.0,96.0,330.0,4924.0,2862.0,7786.0,21.042735042735043,29.8125,23.593939393939394,,,,,2.9,2.3,0.24,1.9725486972959647,male,,110.0,7.3,m,29.09090909090909,True,True,False,,True,False,False,False,False,False,False,False,False,False,False,False,False,
243,2BT96hCTR14,2,BT2,96h_CTR,96h 0.0%,0.0,96,2021-08-26,14:28:40,2021-08-26 14:28:40,2021-08-26 14:28:40,standard,False,C,bright,bright,1.0,True,False,False,2021-08-26,14:28:40,0.0,54.0,238.35,4.413888888888889,206.0,171.0,377.0,2859.0,2537.0,5396.0,13.87864077669903,14.836257309941521,14.312997347480106,,,,,2.7,2.1,0.24,2.591512795594428,female,,110.0,7.3,f,45.35809018567639,True,True,False,,True,False,False,False,False,False,False,False,False,False,False,False,False,
244,2BT96hCTR15,2,BT2,96h_CTR,96h 0.0%,0.0,96,2021-08-26,14:51:34,2021-08-26 14:51:34,2021-08-26 14:51:34,standard,False,C,bright,bright,1.0,True,False,False,2021-08-26,14:51:34,0.0,27.0,244.6,9.059259259259258,238.0,146.0,384.0,3831.0,2445.0,6276.0,16.096638655462186,16.746575342465754,16.34375,,,,,2.9,2.3,0.19,1.5616010520259722,male,,110.0,7.3,m,38.02083333333333,True,True,False,,True,False,False,False,False,False,False,False,False,False,False,False,False,
245,2BT96hCTR16,2,BT2,96h_CTR,96h 0.0%,0.0,96,2021-08-26,15:08:12,2021-08-26 15:08:12,2021-08-26 15:08:12,standard,False,C,bright,bright,1.0,True,False,False,2021-08-26,15:08:12,0.0,25.0,84.35,3.3739999999999997,157.0,224.0,381.0,2087.0,4092.0,6179.0,13.292993630573248,18.267857142857142,16.21784776902887,,,,,2.9,2.4,0.18,1.3020833333333335,male,,110.0,7.3,m,58.79265091863517,True,True,False,,True,False,False,False,False,False,False,False,False,False,False,False,False,
246,2BT96h00501,2,BT2,96h_0.5,96h 0.5%,0.5,96,2021-08-21,11:10:45,2021-08-21 11:10:45,2021-08-21 11:10:45,standard,False,C,bright,bright,1.0,True,False,False,2021-08-21,11:10:45,4.0,3.0,420.75,140.25,230.0,141.0,371.0,3931.0,3187.0,7118.0,17.091304347826085,22.602836879432623,19.18598382749326,,,,,3.1,2.5,0.22,1.4080000000000001,male,,,,m,38.00539083557952,True,True,False,,True,False,False,False,False,False,False,False,False,False,False,False,False,
247,2BT96h00502,2,BT2,96h_0.5,96h 0.5%,0.5,96,2021-08-21,11:28:15,2021-08-21 11:28:15,2021-08-21 11:28:15,standard,False,C,bright,bright,1.0,True,False,False,2021-08-21,11:28:15,0.0,30.0,254.6,8.486666666666666,236.0,185.0,421.0,3459.0,3327.0,6786.0,14.65677966101695,17.983783783783785,16.1187648456057,,,,,2.7,2.2,0.18,1.6904583020285493,male,,,,m,43.942992874109265,True,True,False,,True,False,False,False,False,False,False,False,False,False,False,False,False,
248,2BT96h00503,2,BT2,96h_0.5,96h 0.5%,0.5,96,2021-08-21,11:44:48,2021-08-21 11:44:48,2021-08-21 11:44:48,standard,False,C,bright,bright,1.0,True,False,False,2021-08-21,11:44:48,0.0,46.0,274.6,5.969565217391305,111.0,282.0,393.0,1801.0,5596.0,7397.0,16.225225225225227,19.843971631205672,18.821882951653944,,,,,3.0,2.3,0.19,1.5616010520259722,male,,,,m,71.7557251908397,True,True,False,,True,False,False,False,False,False,False,False,False,False,False,False,False,
249,2BT96h00504,2,BT2,96h_0.5,96h 0.5%,0.5,96,2021-08-21,12:01:55,2021-08-21 12:01:55,2021-08-21 12:01:55,standard,False,C,bright,bright,1.0,True,False,False,2021-08-21,12:01:55,6.0,0.0,474.2,474.2,237.0,172.0,409.0,3030.0,2464.0,5494.0,12.784810126582279,14.325581395348838,13.43276283618582,,,,,2.7,2.1,0.2,2.15959399632869,female,36.0,,,f,42.053789731051346,True,True,False,,False,False,False,False,False,False,False,False,False,False,False,False,False,
250,2BT96h00505,2,BT2,96h_0.5,96h 0.5%,0.5,96,2021-08-21,12:18:55,2021-08-21 12:18:55,2021-08-21 12:18:55,standard,False,C,bright,bright,1.0,True,False,False,2021-08-21,12:18:55,0.0,10.0,444.2,44.42,206.0,227.0,433.0,2440.0,2699.0,5139.0,11.844660194174757,11.889867841409691,11.868360277136258,,,,,3.2,2.6,0.27,1.536185707783341,female,208.0,,,f,52.42494226327945,True,True,False,,False,False,False,False,False,False,False,False,False,False,False,False,False,
251,2BT96h00506,2,BT2,96h_0.5,96h 0.5%,0.5,96,2021-08-21,12:35:25,2021-08-21 12:35:25,2021-08-21 12:35:25,standard,False,C,bright,bright,1.0,True,False,False,2021-08-21,12:35:25,0.0,39.0,102.25,2.621794871794872,199.0,219.0,418.0,2520.0,3294.0,5814.0,12.663316582914574,15.04109589041096,13.909090909090908,,,,,3.0,2.3,0.26,2.136927755403962,male,,,,m,52.39234449760766,True,True,False,,True,False,False,False,False,False,False,False,False,False,False,False,False,
252,2BT96h00507,2,BT2,96h_0.5,96h 0.5%,0.5,96,2021-08-21,12:52:00,2021-08-21 12:52:00,2021-08-21 12:52:00,standard,False,C,bright,bright,1.0,True,False,False,2021-08-21,12:52:00,6.0,10.0,440.45,44.045,225.0,198.0,423.0,2637.0,3006.0,5643.0,11.72,15.181818181818182,13.340425531914894,,,,,3.1,2.5,0.23,1.472,male,,,,m,46.808510638297875,True,True,False,,True,False,False,False,False,False,False,False,False,False,False,False,False,
253,2BT96h00508,2,BT2,96h_0.5,96h 0.5%,0.5,96,2021-08-21,13:08:16,2021-08-21 13:08:16,2021-08-21 13:08:16,standard,False,C,bright,bright,1.0,True,False,False,2021-08-21,13:08:16,0.0,17.0,363.65,21.391176470588235,248.0,197.0,445.0,2675.0,2756.0,5431.0,10.786290322580646,13.98984771573604,12.204494382022473,,,,,3.3,2.7,0.33,1.676573693034598,female,251.0,,,f,44.26966292134831,True,True,False,,False,False,False,False,False,False,False,False,False,False,False,False,False,
254,2BT96h00509,2,BT2,96h_0.5,96h 0.5%,0.5,96,2021-08-21,13:24:47,2021-08-21 13:24:47,2021-08-21 13:24:47,standard,False,C,bright,bright,1.0,True,False,False,2021-08-21,13:24:47,0.0,29.0,103.65,3.5741379310344827,177.0,208.0,385.0,2258.0,3193.0,5451.0,12.757062146892656,15.350961538461538,14.158441558441558,,,,,3.1,2.3,0.23,1.8903591682419663,male,,,,m,54.02597402597402,True,True,False,,True,False,False,False,False,False,False,False,False,False,False,False,False,
255,2BT96h00510,2,BT2,96h_0.5,96h 0.5%,0.5,96,2021-08-21,13:41:05,2021-08-21 13:41:05,2021-08-21 13:41:05,standard,False,C,bright,bright,1.0,True,False,False,2021-08-21,13:41:05,0.0,16.0,258.25,16.140625,307.0,129.0,436.0,3655.0,1856.0,5511.0,11.905537459283387,14.387596899224807,12.639908256880734,,,,,3.3,2.8,0.36,1.6399416909620994,female,123.0,,,f,29.587155963302752,True,True,False,,False,False,False,False,False,False,False,False,False,False,False,False,False,
256,2BT96h00511,2,BT2,96h_0.5,96h 0.5%,0.5,96,2021-08-21,13:57:57,2021-08-21 13:57:57,2021-08-21 13:57:57,standard,False,C,bright,bright,1.0,True,False,False,2021-08-21,13:57:57,184.0,2.0,291.35,145.675,193.0,240.0,433.0,2750.0,3473.0,6223.0,14.248704663212436,14.470833333333333,14.371824480369515,,,,,3.0,2.4,0.23,1.6637731481481486,female,,,,f,55.42725173210161,True,True,False,,True,False,False,False,False,False,False,False,False,False,False,False,False,
257,2BT96h00512,2,BT2,96h_0.5,96h 0.5%,0.5,96,2021-08-21,14:15:17,2021-08-21 14:15:17,2021-08-21 14:15:17,standard,False,C,bright,bright,1.0,True,False,False,2021-08-21,14:15:17,0.0,45.0,340.55,7.567777777777778,209.0,201.0,410.0,2925.0,3150.0,6075.0,13.995215311004785,15.671641791044776,14.817073170731707,,,,,3.1,2.5,0.25,1.6,female,264.0,,,f,49.02439024390244,True,True,False,,False,False,False,False,False,False,False,False,False,False,False,False,False,
258,2BT96h00513,2,BT2,96h_0.5,96h 0.5%,0.5,96,2021-08-21,14:33:27,2021-08-21 14:33:27,2021-08-21 14:33:27,standard,False,C,bright,bright,1.0,True,False,False,2021-08-21,14:33:27,7.0,50.0,174.8,3.4960000000000004,147.0,283.0,430.0,2403.0,4270.0,6673.0,16.346938775510203,15.088339222614842,15.518604651162791,,,,,3.0,2.3,0.25,2.0547382263499636,male,112.0,,,m,65.81395348837209,True,True,False,,False,False,False,False,False,False,False,False,False,False,False,False,False,
259,2BT96h00514,2,BT2,96h_0.5,96h 0.5%,0.5,96,2021-08-21,14:49:50,2021-08-21 14:49:50,2021-08-21 14:49:50,standard,False,C,bright,bright,1.0,True,False,False,2021-08-21,14:49:50,0.0,33.0,73.25,2.2196969696969697,253.0,161.0,414.0,3465.0,2817.0,6282.0,13.695652173913043,17.496894409937887,15.173913043478262,,,,,3.0,2.4,0.22,1.5914351851851853,male,,,,m,38.88888888888889,True,True,False,,True,False,False,False,False,False,False,False,False,False,False,False,False,
260,2BT96h00515,2,BT2,96h_0.5,96h 0.5%,0.5,96,2021-08-21,15:06:30,2021-08-21 15:06:30,2021-08-21 15:06:30,standard,False,C,bright,bright,1.0,True,False,False,2021-08-21,15:06:30,0.0,12.0,391.75,32.645833333333336,138.0,283.0,421.0,1996.0,3972.0,5968.0,14.46376811594203,14.035335689045937,14.175771971496436,,,,,2.7,2.3,0.18,1.4794115229719735,male,,,,m,67.2209026128266,True,True,False,,True,False,False,False,False,False,False,False,False,False,False,False,False,
261,2BT96h00516,2,BT2,96h_0.5,96h 0.5%,0.5,96,2021-08-21,15:35:48,2021-08-21 15:35:48,2021-08-21 15:35:48,standard,False,C,bright,bright,1.0,True,False,False,2021-08-21,15:35:48,9.0,38.0,226.1,5.95,180.0,187.0,367.0,2035.0,2598.0,4633.0,11.305555555555555,13.893048128342246,12.623978201634877,,,,,2.7,2.2,0.16,1.502629601803155,female,,,,f,50.95367847411444,True,True,False,,True,False,False,False,False,False,False,False,False,False,False,False,False,
262,2BT96h01001,2,BT2,96h_1.0,96h 1.0%,1.0,96,2021-08-22,11:53:55,2021-08-22 11:53:55,2021-08-22 11:53:55,standard,False,C,bright,bright,1.0,True,False,False,2021-08-22,11:53:55,0.0,0.0,480.0,480.0,357.0,44.0,401.0,2331.0,622.0,2953.0,6.529411764705882,14.136363636363637,7.364089775561097,,,,,2.7,2.1,0.16,1.727675197062952,male,,,,m,10.972568578553615,True,True,False,,True,False,False,False,False,False,False,False,False,False,False,False,False,
263,2BT96h01002,2,BT2,96h_1.0,96h 1.0%,1.0,96,2021-08-22,12:11:11,2021-08-22 12:11:11,2021-08-22 12:11:11,standard,False,E,dark,dark,0.0,True,False,False,2021-08-22,12:11:11,0.0,13.0,318.15,24.47307692307692,349.0,65.0,414.0,2822.0,1008.0,3830.0,8.085959885386819,15.507692307692308,9.251207729468598,,,,,2.6,2.0,0.18,2.25,female,,,,f,15.70048309178744,True,True,False,,True,False,False,False,False,False,False,False,False,False,False,False,False,
264,2BT96h01003,2,BT2,96h_1.0,96h 1.0%,1.0,96,2021-08-22,12:28:09,2021-08-22 12:28:09,2021-08-22 12:28:09,standard,False,C,bright,bright,1.0,True,False,False,2021-08-22,12:28:09,0.0,8.0,464.9,58.1125,319.0,91.0,410.0,3427.0,1545.0,4972.0,10.74294670846395,16.978021978021978,12.126829268292683,,,,,2.9,2.2,0.18,1.6904583020285493,female,,,,f,22.195121951219512,True,True,False,,True,False,False,False,False,False,False,False,False,False,False,False,False,
265,2BT96h01004,2,BT2,96h_1.0,96h 1.0%,1.0,96,2021-08-22,12:44:35,2021-08-22 12:44:35,2021-08-22 12:44:35,standard,False,C,bright,bright,1.0,True,False,False,2021-08-22,12:44:35,0.0,0.0,480.0,480.0,0.0,458.0,458.0,0.0,3796.0,3796.0,0.0,8.2882096069869,8.2882096069869,,,,,3.0,2.4,0.22,1.5914351851851853,male,,,,m,100.0,True,True,False,,True,False,False,False,False,False,False,False,False,False,False,False,False,
266,2BT96h01005,2,BT2,96h_1.0,96h 1.0%,1.0,96,2021-08-22,13:01:05,2021-08-22 13:01:05,2021-08-22 13:01:05,standard,False,E,dark,dark,0.0,True,False,False,2021-08-22,13:01:05,12.0,32.0,209.65,6.5515625,186.0,193.0,379.0,1767.0,1681.0,3448.0,9.5,8.709844559585493,9.097625329815303,,,,,2.7,2.0,0.17,2.125,female,,,,f,50.92348284960422,True,True,False,,True,False,False,False,False,False,False,False,False,False,False,False,False,
267,2BT96h01006,2,BT2,96h_1.0,96h 1.0%,1.0,96,2021-08-22,13:18:03,2021-08-22 13:18:03,2021-08-22 13:18:03,standard,False,C,bright,bright,1.0,True,False,False,2021-08-22,13:18:03,10.0,29.0,207.7,7.162068965517241,157.0,240.0,397.0,2842.0,4143.0,6985.0,18.101910828025478,17.2625,17.594458438287155,,,,,2.9,2.4,0.23,1.6637731481481486,female,,,,f,60.45340050377834,True,True,False,,True,False,False,False,False,False,False,False,False,False,False,False,False,
268,2BT96h01007,2,BT2,96h_1.0,96h 1.0%,1.0,96,2021-08-22,13:34:20,2021-08-22 13:34:20,2021-08-22 13:34:20,standard,False,E,dark,dark,0.0,True,False,False,2021-08-22,13:34:20,22.0,11.0,246.4,22.400000000000002,237.0,172.0,409.0,2080.0,1912.0,3992.0,8.776371308016877,11.116279069767442,9.76039119804401,,,,,2.9,2.1,0.22,2.375553395961559,female,107.0,,,f,42.053789731051346,True,True,False,,False,False,False,False,False,False,False,False,False,False,False,False,False,
269,2BT96h01008,2,BT2,96h_1.0,96h 1.0%,1.0,96,2021-08-22,13:50:47,2021-08-22 13:50:47,2021-08-22 13:50:47,standard,False,C,bright,bright,1.0,True,False,False,2021-08-22,13:50:47,0.0,0.0,480.0,480.0,368.0,52.0,420.0,3336.0,632.0,3968.0,9.065217391304348,12.153846153846153,9.447619047619048,,,,,2.9,2.2,0.25,2.3478587528174297,female,,,,f,12.380952380952381,True,True,False,,True,False,False,False,False,False,False,False,False,False,False,False,False,
270,2BT96h01009,2,BT2,96h_1.0,96h 1.0%,1.0,96,2021-08-22,14:07:59,2021-08-22 14:07:59,2021-08-22 14:07:59,standard,False,C,bright,bright,1.0,True,False,False,2021-08-22,14:07:59,15.0,11.0,414.8,37.70909090909091,248.0,134.0,382.0,2768.0,1879.0,4647.0,11.161290322580646,14.022388059701493,12.164921465968586,,,,,2.9,2.2,0.22,2.066115702479338,male,,,,m,35.07853403141361,True,True,False,,True,False,False,False,False,False,False,False,False,False,False,False,False,
271,2BT96h01010,2,BT2,96h_1.0,96h 1.0%,1.0,96,2021-08-22,14:25:24,2021-08-22 14:25:24,2021-08-22 14:25:24,standard,False,C,bright,bright,1.0,True,False,False,2021-08-22,14:25:24,12.0,14.0,438.4,31.314285714285713,100.0,341.0,441.0,1364.0,4094.0,5458.0,13.64,12.005865102639296,12.37641723356009,,,,,3.4,2.7,0.36,1.8289894833104705,female,89.0,,,f,77.32426303854876,True,True,False,,False,False,False,False,False,False,False,False,False,False,False,False,False,
272,2BT96h01011,2,BT2,96h_1.0,96h 1.0%,1.0,96,2021-08-22,14:42:01,2021-08-22 14:42:01,2021-08-22 14:42:01,standard,False,C,bright,bright,1.0,True,False,False,2021-08-22,14:42:01,0.0,0.0,480.0,480.0,111.0,224.0,335.0,1544.0,2754.0,4298.0,13.90990990990991,12.294642857142858,12.829850746268656,,,,,2.6,1.9,0.13,1.8953200174952622,male,,,,m,66.86567164179105,True,True,False,,True,False,False,False,False,False,False,False,False,False,False,False,False,
273,2BT96h01012,2,BT2,96h_1.0,96h 1.0%,1.0,96,2021-08-22,14:58:16,2021-08-22 14:58:16,2021-08-22 14:58:16,standard,False,C,bright,bright,1.0,True,False,False,2021-08-22,14:58:16,0.0,6.0,457.5,76.25,184.0,224.0,408.0,1809.0,2528.0,4337.0,9.831521739130435,11.285714285714286,10.629901960784315,,,,,2.8,2.1,0.2,2.15959399632869,male,,,,m,54.90196078431373,True,True,False,,True,False,False,False,False,False,False,False,False,False,False,False,False,
274,2BT96h01013,2,BT2,96h_1.0,96h 1.0%,1.0,96,2021-08-22,15:14:41,2021-08-22 15:14:41,2021-08-22 15:14:41,standard,False,C,bright,bright,1.0,True,False,False,2021-08-22,15:14:41,0.0,0.0,480.0,480.0,175.0,251.0,426.0,2111.0,3357.0,5468.0,12.062857142857142,13.374501992031872,12.835680751173708,,,,,3.7,2.4,0.26,1.8807870370370374,male,361.0,,,m,58.920187793427225,True,True,False,,False,False,False,False,False,False,False,False,False,False,False,False,False,
275,2BT96h01014,2,BT2,96h_1.0,96h 1.0%,1.0,96,2021-08-22,15:31:01,2021-08-22 15:31:01,2021-08-22 15:31:01,standard,False,,,,,False,True,True,2021-08-22,15:31:01,480.0,,,,0.0,0.0,0.0,0.0,0.0,0.0,0.0,0.0,0.0,,,,,,,,,,,,,,0.0,True,True,False,not_valid_for_binary_first_choice_model; retain unless protocol failure,True,True,False,False,False,True,True,False,False,False,True,True,False,
276,2BT96h01015,2,BT2,96h_1.0,96h 1.0%,1.0,96,2021-08-22,15:47:10,2021-08-22 15:47:10,2021-08-22 15:47:10,standard,False,C,bright,bright,1.0,True,False,False,2021-08-22,15:47:10,0.0,2.0,473.1,236.55,194.0,204.0,398.0,1944.0,2210.0,4154.0,10.02061855670103,10.833333333333334,10.43718592964824,,,,,2.6,2.0,0.16,2.0,male,,,,m,51.256281407035175,True,True,False,,True,False,False,False,False,False,False,False,False,False,False,False,False,
277,2BT96h01016,2,BT2,96h_1.0,96h 1.0%,1.0,96,2021-08-22,16:03:46,2021-08-22 16:03:46,2021-08-22 16:03:46,standard,False,E,dark,dark,0.0,True,False,False,2021-08-22,16:03:46,14.0,25.0,200.65,8.026,214.0,192.0,406.0,1822.0,1646.0,3468.0,8.514018691588785,8.572916666666666,8.541871921182265,,,,,2.9,2.2,0.16,1.502629601803155,female,,,,f,47.29064039408867,True,True,False,,True,False,False,False,False,False,False,False,False,False,False,False,False,
