"source_row_index","fish_id","battery_suite","battery","group_raw","group","treatment","exposure","date_raw","start_time_raw","datetime_raw","datetime","datetime_parse_method","datetime_parse_failed_flag","first_choice_raw","first_choice","first_choice_clean","first_choice_binary","first_choice_valid_binary","no_choice_flag","first_choice_nonbinary_flag","date","start_time","latency","num_changes","time_bright","mtpc","mov_bottom","mov_upper","mov_total","dist_bottom","dist_upper","dist_total","vel_bottom","vel_upper","vel_mean","attempts","last_flux","time_in_last_flux","resistance_index","lt","ls","wt","Kc","sex","blood_sugar","conductivity","pH","sex_raw","stratum_pref","ldt_present_flag","ntt_present_flag","endurance_present_flag","first_choice_exclusion_reason","blood_sugar_missing_flag","sex_missing_flag","ldt_time_bright_gt_480_flag","ldt_time_bright_gt_600_flag","ntt_mov_total_gt_480_flag","zero_motion_flag","low_motion_flag","impossible_value_flag","tracking_failure_flag","missing_critical_field_flag","distance_outlier_flag","manual_review_flag","global_exclusion_flag","global_exclusion_reason"
0,"1BT01hCTR01",1,"BT1","1h_CTR","01h 0.0%",0,1,"2020-07-21","08:52:05 ","2020-07-21 08:52:05","2020-07-21 08:52:05","standard","False","C","bright","bright",1,"True","False","False","2020-07-21","08:52:05 ",0,23,402,17.4782608695652,370,84,454,1344,399,1743,3.63243243243243,4.75,3.83920704845815,2,4,17,7.13333333333333,4.2,3.4,0.49,1.24669244860574,"",NA,80,7.2,"",18.5022026431718,"True","True","True","","True","True","False","False","False","False","False","False","False","False","False","False","False",NA
1,"1BT01hCTR02",1,"BT1","1h_CTR","01h 0.0%",0,1,"2020-07-21","09:09:30 ","2020-07-21 09:09:30","2020-07-21 09:09:30","standard","False","C","bright","bright",1,"True","False","False","2020-07-21","09:09:30 ",0,7,421,60.1428571428571,87,0,87,723.1,0,723.1,8.31149425287356,0,8.31149425287356,3,3,17,3.85,3.6,2.8,0.37,1.68549562682216,"",95,80,7.2,"",0,"True","True","True","","False","True","False","False","False","False","False","False","False","False","False","False","False",NA
2,"1BT01hCTR03",1,"BT1","1h_CTR","01h 0.0%",0,1,"2020-07-21","09:30:15 ","2020-07-21 09:30:15","2020-07-21 09:30:15","standard","False","C","bright","bright",1,"True","False","False","2020-07-21","09:30:15 ",81,66,202,3.06060606060606,257,172,429,3492.8,2325.5,5818.3,13.5906614785992,13.5203488372093,13.5624708624709,1,9,52,43.8,4,3.2,0.51,1.556396484375,"",NA,80,7.2,"",40.0932400932401,"True","True","True","","True","True","False","False","False","False","False","False","False","False","False","False","False",NA
3,"1BT01hCTR04",1,"BT1","1h_CTR","01h 0.0%",0,1,"2020-07-21","09:50:12 ","2020-07-21 09:50:12","2020-07-21 09:50:12","standard","False","C","bright","bright",1,"True","False","False","2020-07-21","09:50:12 ",0,52,151,2.90384615384615,262,180,442,2653,1832.2,4485.2,10.1259541984733,10.1788888888889,10.1475113122172,1,8,52,34.9333333333333,3.3,2.5,0.32,2.048,"",119,80,7.2,"",40.7239819004525,"True","True","True","","False","True","False","False","False","False","False","False","False","False","False","False","False",NA
4,"1BT01hCTR05",1,"BT1","1h_CTR","01h 0.0%",0,1,"2020-07-21","10:10:35 ","2020-07-21 10:10:35","2020-07-21 10:10:35","standard","False","C","bright","bright",1,"True","False","False","2020-07-21","10:10:35 ",0,40,110,2.75,196,250,446,2504.6,3333.7,5838.3,12.7785714285714,13.3348,13.0903587443946,2,8,27,31.6,3.8,3,0.44,1.62962962962963,"male",197,80,7.2,"m",56.0538116591928,"True","True","True","","False","False","False","False","False","False","False","False","False","False","False","False","False",NA
5,"1BT01hCTR06",1,"BT1","1h_CTR","01h 0.0%",0,1,"2020-07-21","10:28:41 ","2020-07-21 10:28:41","2020-07-21 10:28:41","standard","False","E","dark","dark",0,"True","False","False","2020-07-21","10:28:41 ",0,35,183,5.22857142857143,343,102,445,2950.7,1080.7,4031.4,8.60262390670554,10.5950980392157,9.05932584269663,2,8,55,35.3333333333333,3.8,3,0.45,1.66666666666667,"",NA,80,7.2,"",22.9213483146067,"True","True","True","","True","True","False","False","False","False","False","False","False","False","False","False","False",NA
6,"1BT01hCTR07",1,"BT1","1h_CTR","01h 0.0%",0,1,"2020-07-21","10:47:40 ","2020-07-21 10:47:40","2020-07-21 10:47:40","standard","False","E","dark","dark",0,"True","False","False","2020-07-21","10:47:40 ",259,11,40,3.63636363636364,84,4,88,900,50.2,950.2,10.7142857142857,12.55,10.7977272727273,1,9,2,36.3,3.3,3,0.45,1.66666666666667,"female",223,80,7.2,"f",4.54545454545455,"True","True","True","","False","False","False","False","False","False","False","False","False","False","False","False","False",NA
7,"1BT01hCTR08",1,"BT1","1h_CTR","01h 0.0%",0,1,"2020-07-21","11:06:15 ","2020-07-21 11:06:15","2020-07-21 11:06:15","standard","False","C","bright","bright",1,"True","False","False","2020-07-21","11:06:15 ",0,21,123,5.85714285714286,353,86,439,2520.2,744.1,3264.3,7.13937677053824,8.65232558139535,7.43576309794989,1,9,10,37.5,3.4,2.7,0.33,1.6765736930346,"male",187,80,7.2,"m",19.5899772209567,"True","True","True","","False","False","False","False","False","False","False","False","False","False","False","False","False",NA
8,"1BT01hCTR09",1,"BT1","1h_CTR","01h 0.0%",0,1,"2020-07-21","11:25:40 ","2020-07-21 11:25:40","2020-07-21 11:25:40","standard","False","E","dark","dark",0,"True","False","False","2020-07-21","11:25:40 ",0,11,42,3.81818181818182,187,28,215,1903.5,287.3,2190.8,10.1791443850267,10.2607142857143,10.1897674418605,1,4,10,6.66666666666667,3.9,3.1,0.55,1.84619515961196,"male",133,80,7.2,"m",13.0232558139535,"True","True","True","","False","False","False","False","False","False","False","False","False","False","False","False","False",NA
9,"1BT01hCTR10",1,"BT1","1h_CTR","01h 0.0%",0,1,"2020-07-21","11:45:10 ","2020-07-21 11:45:10","2020-07-21 11:45:10","standard","False","C","bright","bright",1,"True","False","False","2020-07-21","11:45:10 ",0,0,0,0,220,197,417,2988.5,2344.9,5333.4,13.5840909090909,11.9030456852792,12.789928057554,1,12,5,67,3.6,3,0.39,1.44444444444444,"male",163,80,7.2,"m",47.242206235012,"True","True","True","","False","False","False","False","False","False","False","False","False","False","False","False","False",NA
10,"1BT01hCTR11",1,"BT1","1h_CTR","01h 0.0%",0,1,"2020-07-21","12:02:37 ","2020-07-21 12:02:37","2020-07-21 12:02:37","standard","False","C","bright","bright",1,"True","False","False","2020-07-21","12:02:37 ",0,5,15,3,254,174,428,4329.7,3846.3,8176,17.046062992126,22.1051724137931,19.1028037383178,1,10,1,45.1666666666667,3.6,2.9,0.43,1.7630899175858,"female",193,80,7.2,"f",40.6542056074766,"True","True","True","","False","False","False","False","False","False","False","False","False","False","False","False","False",NA
11,"1BT01hCTR12",1,"BT1","1h_CTR","01h 0.0%",0,1,"2020-07-21","12:22:01 ","2020-07-21 12:22:01","2020-07-21 12:22:01","standard","False","C","bright","bright",1,"True","False","False","2020-07-21","12:22:01 ",0,26,79,3.03846153846154,54,0,54,253.7,0,253.7,4.69814814814815,0,4.69814814814815,1,7,39,25.55,3.5,2.8,0.34,1.54883381924198,"male",215,80,7.2,"m",0,"True","True","True","","False","False","False","False","False","False","False","False","False","False","False","False","False",NA
12,"1BT01hCTR13",1,"BT1","1h_CTR","01h 0.0%",0,1,"2020-07-21","12:40:05 ","2020-07-21 12:40:05","2020-07-21 12:40:05","standard","False","C","bright","bright",1,"True","False","False","2020-07-21","12:40:05 ",0,27,121,4.48148148148148,220,216,436,2562.1,2388.9,4951,11.6459090909091,11.0597222222222,11.355504587156,1,8,10,29.3333333333333,3.3,2.6,0.29,1.64997724169322,"male",165,80,7.2,"m",49.5412844036697,"True","True","True","","False","False","False","False","False","False","False","False","False","False","False","False","False",NA
13,"1BT01hCTR14",1,"BT1","1h_CTR","01h 0.0%",0,1,"2020-07-21","13:00:05 ","2020-07-21 13:00:05","2020-07-21 13:00:05","standard","False","C","bright","bright",1,"True","False","False","2020-07-21","13:00:05 ",19,34,149,4.38235294117647,240,208,448,2659.6,2413.6,5073.2,11.0816666666667,11.6038461538462,11.3241071428571,1,6,5,15.5,4,3.2,0.53,1.617431640625,"female",118,80,7.2,"f",46.4285714285714,"True","True","True","","False","False","False","False","False","False","False","False","False","False","False","False","False",NA
14,"1BT01h00501",1,"BT1","1h_0.5","01h 0.5%",0.5,1,"2020-07-22","09:00:30 ","2020-07-22 09:00:30","2020-07-22 09:00:30","standard","False","E","dark","dark",0,"True","False","False","2020-07-22","09:00:30 ",0,26,120,4.61538461538461,380,55,435,3556.3,751.4,4307.7,9.35868421052632,13.6618181818182,9.90275862068965,1,8,45,34,3.5,2.6,0.34,1.93445607646791,"female",372,110,7.2,"f",12.6436781609195,"True","True","True","","False","False","False","False","False","False","False","False","False","False","False","False","False",NA
15,"1BT01h00502",1,"BT1","1h_0.5","01h 0.5%",0.5,1,"2020-07-22","09:19:30 ","2020-07-22 09:19:30","2020-07-22 09:19:30","standard","False","E","dark","dark",0,"True","False","False","2020-07-22","09:19:30 ",0,60,188,3.13333333333333,308,134,442,3721.2,1527.5,5248.7,12.0818181818182,11.3992537313433,11.8748868778281,1,8,40,33.3333333333333,3.8,3,0.42,1.55555555555556,"female",136,110,7.2,"f",30.316742081448,"True","True","True","","False","False","False","False","False","False","False","False","False","False","False","False","False",NA
16,"1BT01h00503",1,"BT1","1h_0.5","01h 0.5%",0.5,1,"2020-07-22","09:37:00 ","2020-07-22 09:37:00","2020-07-22 09:37:00","standard","False","E","dark","dark",0,"True","False","False","2020-07-22","09:37:00 ",71,28,137,4.89285714285714,237,196,433,2492.4,2889.9,5382.3,10.5164556962025,14.744387755102,12.4302540415704,1,6,30,18,3.6,2.8,0.36,1.6399416909621,"male",266,110,7.2,"m",45.2655889145497,"True","True","True","","False","False","False","False","False","False","False","False","False","False","False","False","False",NA
17,"1BT01h00504",1,"BT1","1h_0.5","01h 0.5%",0.5,1,"2020-07-22","09:56:10 ","2020-07-22 09:56:10","2020-07-22 09:56:10","standard","False","C","bright","bright",1,"True","False","False","2020-07-22","09:56:10 ",0,60,318,5.3,274,151,425,3170.8,1916.6,5087.4,11.5722627737226,12.6927152317881,11.9703529411765,1,9,5,36.75,3.7,2.9,0.46,1.88609619090574,"female",186,110,7.2,"f",35.5294117647059,"True","True","True","","False","False","False","False","False","False","False","False","False","False","False","False","False",NA
18,"1BT01h00505",1,"BT1","1h_0.5","01h 0.5%",0.5,1,"2020-07-22","10:15:15 ","2020-07-22 10:15:15","2020-07-22 10:15:15","standard","False","C","bright","bright",1,"True","False","False","2020-07-22","10:15:15 ",150,15,147,9.8,236,26,262,2890.1,307.9,3198,12.246186440678,11.8423076923077,12.206106870229,1,9,38,41.7,3.7,2.9,0.47,1.92709828201238,"female",136,110,7.2,"f",9.9236641221374,"True","True","True","","False","False","False","False","False","False","False","False","False","False","False","False","False",NA
19,"1BT01h00506",1,"BT1","1h_0.5","01h 0.5%",0.5,1,"2020-07-22","10:33:22 ","2020-07-22 10:33:22","2020-07-22 10:33:22","standard","False","C","bright","bright",1,"True","False","False","2020-07-22","10:33:22 ",0,28,342,12.2142857142857,131,309,440,2146.9,3971,6117.9,16.3885496183206,12.8511326860841,13.9043181818182,1,8,0,28,3.7,2.9,0.44,1.80409200869244,"female",151,110,7.2,"f",70.2272727272727,"True","True","True","","False","False","False","False","False","False","False","False","False","False","False","False","False",NA
20,"1BT01h00507",1,"BT1","1h_0.5","01h 0.5%",0.5,1,"2020-07-22","10:55:50 ","2020-07-22 10:55:50","2020-07-22 10:55:50","standard","False","E","dark","dark",0,"True","False","False","2020-07-22","10:55:50 ",70,12,62,5.16666666666667,191,167,358,2009.5,1772.9,3782.4,10.520942408377,10.6161676646707,10.5653631284916,1,3,35,4.75,3.4,2.7,0.28,1.42254737590814,"male",113,110,7.2,"m",46.6480446927374,"True","True","True","","False","False","False","False","False","False","False","False","False","False","False","False","False",NA
21,"1BT01h00508",1,"BT1","1h_0.5","01h 0.5%",0.5,1,"2020-07-22","11:13:20 ","2020-07-22 11:13:20","2020-07-22 11:13:20","standard","False","E","dark","dark",0,"True","False","False","2020-07-22","11:13:20 ",0,0,0,0,0,0,0,0,0,0,0,0,0,1,5,0,10,3.4,2.8,0.33,1.50327988338192,"male",73,110,7.2,"m",0,"True","True","True","","False","False","False","False","False","True","True","False","False","False","False","True","False",NA
22,"1BT01h00509",1,"BT1","1h_0.5","01h 0.5%",0.5,1,"2020-07-22","11:31:38 ","2020-07-22 11:31:38","2020-07-22 11:31:38","standard","False","E","dark","dark",0,"True","False","False","2020-07-22","11:31:38 ",0,0,0,0,0,0,0,0,0,0,0,0,0,1,8,17,30.2666666666667,3.2,2.5,0.28,1.792,"male",NA,110,7.2,"m",0,"True","True","True","","True","False","False","False","False","True","True","False","False","False","False","True","False",NA
23,"1BT01h00510",1,"BT1","1h_0.5","01h 0.5%",0.5,1,"2020-07-22","11:50:30 ","2020-07-22 11:50:30","2020-07-22 11:50:30","standard","False","C","bright","bright",1,"True","False","False","2020-07-22","11:50:30 ",0,3,491,163.666666666667,0,0,0,0,0,0,0,0,0,1,10,12,47,3.8,3,0.59,2.18518518518519,"female",173,110,7.2,"f",0,"True","True","True","","False","False","True","False","False","True","True","False","False","False","False","True","False",NA
24,"1BT01h00511",1,"BT1","1h_0.5","01h 0.5%",0.5,1,"2020-07-22","12:09:22 ","2020-07-22 12:09:22","2020-07-22 12:09:22","standard","False","E","dark","dark",0,"True","False","False","2020-07-22","12:09:22 ",194,8,38,4.75,281,174,455,2848.5,2009.6,4858.1,10.1370106761566,11.5494252873563,10.6771428571429,2,7,48,26.6,3.4,2.8,0.37,1.68549562682216,"male",NA,110,7.2,"m",38.2417582417582,"True","True","True","","True","False","False","False","False","False","False","False","False","False","False","False","False",NA
25,"1BT01h00512",1,"BT1","1h_0.5","01h 0.5%",0.5,1,"2020-07-22","12:29:30 ","2020-07-22 12:29:30","2020-07-22 12:29:30","standard","False","E","dark","dark",0,"True","False","False","2020-07-22","12:29:30 ",0,33,151,4.57575757575758,153,289,442,1575.4,2975.9,4551.3,10.2967320261438,10.29723183391,10.2970588235294,1,9,27,40.05,3.4,2.7,0.34,1.72737895645989,"male",200,110,7.2,"m",65.3846153846154,"True","True","True","","False","False","False","False","False","False","False","False","False","False","False","False","False",NA
26,"1BT01h00513",1,"BT1","1h_0.5","01h 0.5%",0.5,1,"2020-07-22","12:48:25 ","2020-07-22 12:48:25","2020-07-22 12:48:25","standard","False","E","dark","dark",0,"True","False","False","2020-07-22","12:48:25 ",0,25,117,4.68,263,177,440,3279.2,2654.3,5933.5,12.4684410646388,14.9960451977401,13.4852272727273,1,9,59,44.85,3.9,3.1,0.52,1.74549360545131,"female",251,110,7.2,"f",40.2272727272727,"True","True","True","","False","False","False","False","False","False","False","False","False","False","False","False","False",NA
27,"1BT01h00514",1,"BT1","1h_0.5","01h 0.5%",0.5,1,"2020-07-22","13:07:12 ","2020-07-22 13:07:12","2020-07-22 13:07:12","standard","False","C","bright","bright",1,"True","False","False","2020-07-22","13:07:12 ",0,36,150,4.16666666666667,203,244,447,2319.8,2979.7,5299.5,11.4275862068966,12.2118852459016,11.8557046979866,1,9,24,39.6,3.6,2.9,0.33,1.35306900651933,"male",92,110,7.2,"m",54.586129753915,"True","True","True","","False","False","False","False","False","False","False","False","False","False","False","False","False",NA
28,"1BT01h00515",1,"BT1","1h_0.5","01h 0.5%",0.5,1,"2020-07-22","13:26:06 ","2020-07-22 13:26:06","2020-07-22 13:26:06","standard","False","C","bright","bright",1,"True","False","False","2020-07-22","13:26:06 ",0,41,240,5.85365853658537,159,241,400,1882.2,3627.3,5509.5,11.8377358490566,15.0510373443983,13.77375,1,9,12,37.8,3.6,3,0.47,1.74074074074074,"female",113,110,7.2,"f",60.25,"True","True","True","","False","False","False","False","False","False","False","False","False","False","False","False","False",NA
29,"1BT01h00516",1,"BT1","1h_0.5","01h 0.5%",0.5,1,"2020-07-22","13:44:30 ","2020-07-22 13:44:30","2020-07-22 13:44:30","standard","False","","","",NA,"False","True","True","2020-07-22","13:44:30 ",480,0,0,0,241,200,441,3305.3,2400.5,5705.8,13.7149377593361,12.0025,12.9383219954649,1,10,40,51.6666666666667,4,3.2,0.63,1.922607421875,"female",99,110,7.2,"f",45.3514739229025,"True","True","True","not_valid_for_binary_first_choice_model; retain unless protocol failure","False","False","False","False","False","False","False","False","False","False","False","True","False",NA
30,"1BT01h01001",1,"BT1","1h_1.0","01h 1.0%",1,1,"2020-07-23","10:35:47","2020-07-23 10:35:47","2020-07-23 10:35:47","standard","False","C","bright","bright",1,"True","False","False","2020-07-23","10:35:47",0,4,360,90,12,312,324,213.4,5071.4,5284.8,17.7833333333333,16.2544871794872,16.3111111111111,1,8,13,29.7333333333333,3.9,3.2,0.53,1.617431640625,"male",207,110,7.3,"m",96.2962962962963,"True","True","True","","False","False","False","False","False","False","False","False","False","False","False","False","False",NA
31,"1BT01h01002",1,"BT1","1h_1.0","01h 1.0%",1,1,"2020-07-23","10:53:28","2020-07-23 10:53:28","2020-07-23 10:53:28","standard","False","C","bright","bright",1,"True","False","False","2020-07-23","10:53:28",0,16,187,11.6875,380,60,440,7570.4,1538.7,9109.1,19.9221052631579,25.645,20.7025,5,1,34,0.566666666666667,3.8,3,0.52,1.92592592592593,"female",175,110,7.3,"f",13.6363636363636,"True","True","True","","False","False","False","False","False","False","False","False","False","False","False","False","False",NA
32,"1BT01h01003",1,"BT1","1h_1.0","01h 1.0%",1,1,"2020-07-23","11:06:06","2020-07-23 11:06:06","2020-07-23 11:06:06","standard","False","C","bright","bright",1,"True","False","False","2020-07-23","11:06:06",26,17,164,9.64705882352941,372,54,426,4581.7,900.2,5481.9,12.3163978494624,16.6703703703704,12.8683098591549,1,8,43,33.7333333333333,3.7,3,0.49,1.81481481481481,"male",124,110,7.3,"m",12.6760563380282,"True","True","True","","False","False","False","False","False","False","False","False","False","False","False","False","False",NA
33,"1BT01h01004",1,"BT1","1h_1.0","01h 1.0%",1,1,"2020-07-23","11:24:26","2020-07-23 11:24:26","2020-07-23 11:24:26","standard","False","E","dark","dark",0,"True","False","False","2020-07-23","11:24:26",135,39,258,6.61538461538461,70,378,448,1527.4,5724.4,7251.8,21.82,15.1439153439153,16.1870535714286,1,3,16,3.8,3.8,3,0.59,2.18518518518519,"female",191,110,7.3,"f",84.375,"True","True","True","","False","False","False","False","False","False","False","False","False","False","False","False","False",NA
34,"1BT01h01005",1,"BT1","1h_1.0","01h 1.0%",1,1,"2020-07-23","11:44:04","2020-07-23 11:44:04","2020-07-23 11:44:04","standard","False","E","dark","dark",0,"True","False","False","2020-07-23","11:44:04",0,4,106,26.5,89,0,89,1039.9,0,1039.9,11.6842696629213,0,11.6842696629213,2,8,48,34.4,3.8,3,0.51,1.88888888888889,"female",155,110,7.3,"f",0,"True","True","True","","False","False","False","False","False","False","False","False","False","False","False","False","False",NA
35,"1BT01h01006",1,"BT1","1h_1.0","01h 1.0%",1,1,"2020-07-23","12:01:24","2020-07-23 12:01:24","2020-07-23 12:01:24","standard","False","C","bright","bright",1,"True","False","False","2020-07-23","12:01:24",2,34,131,3.85294117647059,220,202,422,3388.1,3305.1,6693.2,15.4004545454545,16.3618811881188,15.860663507109,1,3,12,3.6,3.3,2.8,0.28,1.27551020408163,"male",145,110,7.3,"m",47.8672985781991,"True","True","True","","False","False","False","False","False","False","False","False","False","False","False","False","False",NA
36,"1BT01h01007",1,"BT1","1h_1.0","01h 1.0%",1,1,"2020-07-23","12:18:27","2020-07-23 12:18:27","2020-07-23 12:18:27","standard","False","E","dark","dark",0,"True","False","False","2020-07-23","12:18:27",0,0,0,0,331,86,417,4742.6,1900.8,6643.4,14.3280966767372,22.1023255813953,15.9314148681055,1,5,22,11.8333333333333,3.5,3.1,0.61,2.04759826793327,"female",223,110,7.3,"f",20.6235011990408,"True","True","True","","False","False","False","False","False","False","False","False","False","False","False","False","False",NA
37,"1BT01h01008",1,"BT1","1h_1.0","01h 1.0%",1,1,"2020-07-23","12:35:36","2020-07-23 12:35:36","2020-07-23 12:35:36","standard","False","C","bright","bright",1,"True","False","False","2020-07-23","12:35:36",0,14,267,19.0714285714286,439,0,439,4633.3,0,4633.3,10.5542141230068,0,10.5542141230068,1,2,6,1.2,3.5,2.7,0.34,1.72737895645989,"male",240,110,7.3,"m",0,"True","True","True","","False","False","False","False","False","False","False","False","False","False","False","False","False",NA
38,"1BT01h01009",1,"BT1","1h_1.0","01h 1.0%",1,1,"2020-07-23","12:53:10","2020-07-23 12:53:10","2020-07-23 12:53:10","standard","False","E","dark","dark",0,"True","False","False","2020-07-23","12:53:10",0,55,269,4.89090909090909,241,199,440,4323.8,3747.3,8071.1,17.9410788381743,18.8306532663317,18.3434090909091,1,8,25,31.3333333333333,3.9,3.1,0.44,1.47695612768957,"male",317,110,7.3,"m",45.2272727272727,"True","True","True","","False","False","False","False","False","False","False","False","False","False","False","False","False",NA
39,"1BT01h01010",1,"BT1","1h_1.0","01h 1.0%",1,1,"2020-07-23","13:09:38","2020-07-23 13:09:38","2020-07-23 13:09:38","standard","False","E","dark","dark",0,"True","False","False","2020-07-23","13:09:38",0,108,306,2.83333333333333,325,120,445,6158,2732.5,8890.5,18.9476923076923,22.7708333333333,19.9786516853933,1,9,48,43.2,3.6,2.9,0.42,1.72208782647915,"male",281,110,7.3,"m",26.9662921348315,"True","True","True","","False","False","False","False","False","False","False","False","False","False","False","False","False",NA
40,"1BT01h01011",1,"BT1","1h_1.0","01h 1.0%",1,1,"2020-07-23","13:26:22","2020-07-23 13:26:22","2020-07-23 13:26:22","standard","False","E","dark","dark",0,"True","False","False","2020-07-23","13:26:22",7,45,142,3.15555555555556,257,183,440,3192.9,2453.3,5646.2,12.4237354085603,13.4060109289618,12.8322727272727,1,8,32,32.2666666666667,3.6,2.8,0.3,1.36661807580175,"male",137,110,7.3,"m",41.5909090909091,"True","True","True","","False","False","False","False","False","False","False","False","False","False","False","False","False",NA
41,"1BT01h01012",1,"BT1","1h_1.0","01h 1.0%",1,1,"2020-07-23","13:43:21","2020-07-23 13:43:21","2020-07-23 13:43:21","standard","False","E","dark","dark",0,"True","False","False","2020-07-23","13:43:21",164,0,0,0,0,0,0,0,0,0,0,0,0,1,9,16,38.4,4,3.1,0.7,2.34970293041523,"female",237,110,7.3,"f",0,"True","True","True","","False","False","False","False","False","True","True","False","False","False","False","True","False",NA
42,"1BT01h01013",1,"BT1","1h_1.0","01h 1.0%",1,1,"2020-07-23","14:01:33","2020-07-23 14:01:33","2020-07-23 14:01:33","standard","False","E","dark","dark",0,"True","False","False","2020-07-23","14:01:33",0,30,154,5.13333333333333,138,314,452,2685.4,6030.3,8715.7,19.4594202898551,19.2047770700637,19.2825221238938,1,9,27,40.05,3.9,3.1,0.54,1.81262797489175,"female",124,110,7.3,"f",69.4690265486726,"True","True","True","","False","False","False","False","False","False","False","False","False","False","False","False","False",NA
43,"1BT01h01014",1,"BT1","1h_1.0","01h 1.0%",1,1,"2020-07-23","14:19:17","2020-07-23 14:19:17","2020-07-23 14:19:17","standard","False","C","bright","bright",1,"True","False","False","2020-07-23","14:19:17",0,46,325,7.06521739130435,215,200,415,7010,4395.4,11405.4,32.6046511627907,21.977,27.4828915662651,1,9,20,39,3.6,2.9,0.53,2.17311082865226,"female",279,110,7.3,"f",48.1927710843374,"True","True","True","","False","False","False","False","False","False","False","False","False","False","False","False","False",NA
44,"1BT01h01015",1,"BT1","1h_1.0","01h 1.0%",1,1,"2020-07-23","14:37:43","2020-07-23 14:37:43","2020-07-23 14:37:43","standard","False","E","dark","dark",0,"True","False","False","2020-07-23","14:37:43",0,2,7,3.5,292,146,438,3320.2,1778.9,5099.1,11.3705479452055,12.1842465753425,11.6417808219178,1,8,55,35.3333333333333,3.7,2.9,0.31,1.27106482430604,"male",93,110,7.3,"m",33.3333333333333,"True","True","True","","False","False","False","False","False","False","False","False","False","False","False","False","False",NA
45,"1BT01h01016",1,"BT1","1h_1.0","01h 1.0%",1,1,"2020-07-23","14:55:18","2020-07-23 14:55:18","2020-07-23 14:55:18","standard","False","C","bright","bright",1,"True","False","False","2020-07-23","14:55:18",304,20,151,7.55,308,148,456,4714.11,3039.33,7753.44,15.3055519480519,20.5360135135135,17.0031578947368,1,8,41,33.4666666666667,3.5,2.8,0.34,1.54883381924198,"male",181,110,7.3,"m",32.4561403508772,"True","True","True","","False","False","False","False","False","False","False","False","False","False","False","False","False",NA
46,"1BT24hCTR01",1,"BT1","24h_CTR","24h 0.0%",0,24,"2020-08-11","10:09:00","2020-08-11 10:09:00","2020-08-11 10:09:00","standard","False","C","bright","bright",1,"True","False","False","2020-08-11","10:09:00",0,15,124,8.26666666666667,249,153,402,5861.27,4958.76,10820.03,23.5392369477912,32.4101960784314,26.9154975124378,1,11,52,64.5333333333333,3.7,3,0.39,1.44444444444444,"male",146,70,7.4,"m",38.0597014925373,"True","True","True","","False","False","False","False","False","False","False","False","False","False","False","False","False",NA
47,"1BT24hCTR02",1,"BT1","24h_CTR","24h 0.0%",0,24,"2020-08-11","10:26:00","2020-08-11 10:26:00","2020-08-11 10:26:00","standard","False","E","dark","dark",0,"True","False","False","2020-08-11","10:26:00",0,2,4,2,337,112,449,3299.73,1474.7,4774.43,9.79148367952522,13.1669642857143,10.6334743875278,1,9,42,42.3,3.6,2.9,0.46,1.88609619090574,"female",161,70,7.4,"f",24.9443207126949,"True","True","True","","False","False","False","False","False","False","False","False","False","False","False","False","False",NA
48,"1BT24hCTR03",1,"BT1","24h_CTR","24h 0.0%",0,24,"2020-08-11","10:44:04","2020-08-11 10:44:04","2020-08-11 10:44:04","standard","False","E","dark","dark",0,"True","False","False","2020-08-11","10:44:04",0,2,121,60.5,131,0,131,1207.55,0,1207.55,9.21793893129771,0,9.21793893129771,5,1,30,0.5,4.1,3.5,0.35,0.816326530612245,"male",NA,70,7.4,"m",0,"True","True","True","","True","False","False","False","False","False","False","False","False","False","False","False","False",NA
49,"1BT24hCTR04",1,"BT1","24h_CTR","24h 0.0%",0,24,"2020-08-11","11:03:58","2020-08-11 11:03:58","2020-08-11 11:03:58","standard","False","E","dark","dark",0,"True","False","False","2020-08-11","11:03:58",9,35,180,5.14285714285714,300,61,361,3296.07,1917.77,5213.84,10.9869,31.4388524590164,14.4427700831025,1,10,39,51.5,3.6,3,0.37,1.37037037037037,"male",NA,70,7.4,"m",16.8975069252078,"True","True","True","","True","False","False","False","False","False","False","False","False","False","False","False","False",NA
50,"1BT24hCTR05",1,"BT1","24h_CTR","24h 0.0%",0,24,"2020-08-11","11:21:53","2020-08-11 11:21:53","2020-08-11 11:21:53","standard","False","C","bright","bright",1,"True","False","False","2020-08-11","11:21:53",0,16,164,10.25,446,8,454,3390.15,90.87,3481.02,7.6012331838565,11.35875,7.6674449339207,1,12,8,67.6,3.5,2.9,0.33,1.35306900651933,"male",120,70,7.4,"m",1.76211453744493,"True","True","True","","False","False","False","False","False","False","False","False","False","False","False","False","False",NA
51,"1BT24hCTR06",1,"BT1","24h_CTR","24h 0.0%",0,24,"2020-08-11","11:41:02","2020-08-11 11:41:02","2020-08-11 11:41:02","standard","False","C","bright","bright",1,"True","False","False","2020-08-11","11:41:02",0,25,203,8.12,211,254,465,1549.36,1765.81,3315.17,7.34293838862559,6.95200787401575,7.12939784946237,1,9,44,42.6,3.6,2.9,0.3,1.23006273319939,"male",182,70,7.4,"m",54.6236559139785,"True","True","True","","False","False","False","False","False","False","False","False","False","False","False","False","False",NA
52,"1BT24hCTR07",1,"BT1","24h_CTR","24h 0.0%",0,24,"2020-08-11","12:00:53","2020-08-11 12:00:53","2020-08-11 12:00:53","standard","False","C","bright","bright",1,"True","False","False","2020-08-11","12:00:53",0,13,65,5,310,119,429,2658.78,1165.05,3823.83,8.57670967741936,9.79033613445378,8.91335664335664,1,9,5,36.75,3.4,2.8,0.33,1.50327988338192,"female",211,70,7.4,"f",27.7389277389277,"True","True","True","","False","False","False","False","False","False","False","False","False","False","False","False","False",NA
53,"1BT24hCTR08",1,"BT1","24h_CTR","24h 0.0%",0,24,"2020-08-11","12:20:58","2020-08-11 12:20:58","2020-08-11 12:20:58","standard","False","C","bright","bright",1,"True","False","False","2020-08-11","12:20:58",0,25,121,4.84,245,207,452,2580.37,2436.15,5016.52,10.5321224489796,11.7688405797101,11.0984955752212,1,9,55,44.25,3.5,2.9,0.29,1.18906064209275,"male",NA,70,7.4,"m",45.7964601769911,"True","True","True","","True","False","False","False","False","False","False","False","False","False","False","False","False",NA
54,"1BT24hCTR09",1,"BT1","24h_CTR","24h 0.0%",0,24,"2020-08-11","12:38:45","2020-08-11 12:38:45","2020-08-11 12:38:45","standard","False","C","bright","bright",1,"True","False","False","2020-08-11","12:38:45",0,20,95,4.75,194,230,424,2426.9,3112.55,5539.45,12.509793814433,13.5328260869565,13.0647405660377,1,9,55,44.25,3.3,2.7,0.39,1.98140527358634,"female",109,70,7.4,"f",54.2452830188679,"True","True","True","","False","False","False","False","False","False","False","False","False","False","False","False","False",NA
55,"1BT24hCTR10",1,"BT1","24h_CTR","24h 0.0%",0,24,"2020-08-11","12:56:25","2020-08-11 12:56:25","2020-08-11 12:56:25","standard","False","E","dark","dark",0,"True","False","False","2020-08-11","12:56:25",170,24,85,3.54166666666667,402,5,407,3580.11,124.61,3704.72,8.90574626865672,24.922,9.10250614250614,1,8,16,30.1333333333333,4,3.2,0.6,1.8310546875,"female",240,70,7.4,"f",1.22850122850123,"True","True","True","","False","False","False","False","False","False","False","False","False","False","False","False","False",NA
56,"1BT24hCTR11",1,"BT1","24h_CTR","24h 0.0%",0,24,"2020-08-11","13:14:11","2020-08-11 13:14:11","2020-08-11 13:14:11","standard","False","E","dark","dark",0,"True","False","False","2020-08-11","13:14:11",0,26,63,2.42307692307692,358,82,440,3781.56,1228.18,5009.74,10.5630167597765,14.9778048780488,11.3857727272727,1,8,16,30.1333333333333,4,3.4,0.7,1.78098921229391,"female",72,70,7.4,"f",18.6363636363636,"True","True","True","","False","False","False","False","False","False","False","False","False","False","False","False","False",NA
57,"1BT24hCTR12",1,"BT1","24h_CTR","24h 0.0%",0,24,"2020-08-11","13:32:50","2020-08-11 13:32:50","2020-08-11 13:32:50","standard","False","E","dark","dark",0,"True","False","False","2020-08-11","13:32:50",0,22,97,4.40909090909091,206,201,407,2909.33,3157.24,6066.57,14.1229611650485,15.7076616915423,14.9055773955774,1,10,51,53.5,3.6,2.8,0.38,1.73104956268222,"male",103,70,7.4,"m",49.3857493857494,"True","True","True","","False","False","False","False","False","False","False","False","False","False","False","False","False",NA
58,"1BT24hCTR13",1,"BT1","24h_CTR","24h 0.0%",0,24,"2020-08-11","13:51:28","2020-08-11 13:51:28","2020-08-11 13:51:28","standard","False","C","bright","bright",1,"True","False","False","2020-08-11","13:51:28",0,19,84,4.42105263157895,293,126,419,4524.06,2493.21,7017.27,15.4404778156997,19.787380952381,16.747661097852,1,10,38,51.3333333333333,3.7,3,0.4,1.48148148148148,"female",98,70,7.4,"f",30.0715990453461,"True","True","True","","False","False","False","False","False","False","False","False","False","False","False","False","False",NA
59,"1BT24hCTR14",1,"BT1","24h_CTR","24h 0.0%",0,24,"2020-08-11","14:09:10","2020-08-11 14:09:10","2020-08-11 14:09:10","standard","False","E","dark","dark",0,"True","False","False","2020-08-11","14:09:10",25,25,61,2.44,220,219,439,2895.87,3191.46,6087.33,13.1630454545455,14.5728767123288,13.8663553530752,1,11,15,57.75,3.5,2.8,0.36,1.6399416909621,"male",116,70,7.4,"m",49.8861047835991,"True","True","True","","False","False","False","False","False","False","False","False","False","False","False","False","False",NA
60,"1BT24hCTR15",1,"BT1","24h_CTR","24h 0.0%",0,24,"2020-08-11","14:26:58","2020-08-11 14:26:58","2020-08-11 14:26:58","standard","False","E","dark","dark",0,"True","False","False","2020-08-11","14:26:58",0,15,103,6.86666666666667,278,139,417,4284.59,2459.67,6744.26,15.4121942446043,17.6954676258993,16.1732853717026,1,4,49,9.26666666666667,3.6,2.8,0.4,1.82215743440233,"female",72,70,7.4,"f",33.3333333333333,"True","True","True","","False","False","False","False","False","False","False","False","False","False","False","False","False",NA
61,"1BT24h00501",1,"BT1","24h_0.5","24h 0.5%",0.5,24,"2020-08-12","10:08:52","2020-08-12 10:08:52","2020-08-12 10:08:52","standard","False","E","dark","dark",0,"True","False","False","2020-08-12","10:08:52",9,26,67,2.57692307692308,243,214,457,3628.2,3369,6997.2,14.9308641975309,15.7429906542056,15.3111597374179,1,10,47,52.8333333333333,4,3.2,0.61,1.861572265625,"male",126,110,7.2,"m",46.8271334792123,"True","True","True","","False","False","False","False","False","False","False","False","False","False","False","False","False",NA
62,"1BT24h00502",1,"BT1","24h_0.5","24h 0.5%",0.5,24,"2020-08-12","10:26:24","2020-08-12 10:26:24","2020-08-12 10:26:24","standard","False","C","bright","bright",1,"True","False","False","2020-08-12","10:26:24",0,28,156,5.57142857142857,384,25,409,3294.35,299.61,3593.96,8.57903645833333,11.9844,8.78718826405868,1,8,28,31.7333333333333,3.5,2.8,0.41,1.86771137026239,"female",95,110,7.2,"f",6.11246943765281,"True","True","True","","False","False","False","False","False","False","False","False","False","False","False","False","False",NA
63,"1BT24h00503",1,"BT1","24h_0.5","24h 0.5%",0.5,24,"2020-08-12","10:45:08","2020-08-12 10:45:08","2020-08-12 10:45:08","standard","False","C","bright","bright",1,"True","False","False","2020-08-12","10:45:08",0,6,402,67,220,211,431,2005.43,1817.05,3822.48,9.11559090909091,8.61161137440758,8.86886310904872,1,9,42,42.3,3.9,2.7,0.31,1.57496316618402,"male",165,110,7.2,"m",48.9559164733179,"True","True","True","","False","False","False","False","False","False","False","False","False","False","False","False","False",NA
64,"1BT24h00504",1,"BT1","24h_0.5","24h 0.5%",0.5,24,"2020-08-12","11:02:39","2020-08-12 11:02:39","2020-08-12 11:02:39","standard","False","C","bright","bright",1,"True","False","False","2020-08-12","11:02:39",6,33,213,6.45454545454545,303,121,424,2166.8,1140.67,3307.47,7.15115511551155,9.42702479338843,7.80063679245283,1,9,42,42.3,3.8,2.7,0.29,1.47335263933343,"male",61,110,7.2,"m",28.5377358490566,"True","True","True","","False","False","False","False","False","False","False","False","False","False","False","False","False",NA
65,"1BT24h00505",1,"BT1","24h_0.5","24h 0.5%",0.5,24,"2020-08-12","11:23:45","2020-08-12 11:23:45","2020-08-12 11:23:45","standard","False","C","bright","bright",1,"True","False","False","2020-08-12","11:23:45",0,30,183,6.1,280,155,435,3656.64,2180.27,5836.91,13.0594285714286,14.0662580645161,13.418183908046,1,9,45,42.75,3.9,3,0.57,2.11111111111111,"female",94,110,7.2,"f",35.632183908046,"True","True","True","","False","False","False","False","False","False","False","False","False","False","False","False","False",NA
66,"1BT24h00506",1,"BT1","24h_0.5","24h 0.5%",0.5,24,"2020-08-12","11:44:44","2020-08-12 11:44:44","2020-08-12 11:44:44","standard","False","E","dark","dark",0,"True","False","False","2020-08-12","11:44:44",11,6,10,1.66666666666667,224,212,436,2057.18,2124.33,4181.51,9.18383928571428,10.0204245283019,9.59061926605505,1,9,14,38.1,3.7,3,0.4,1.48148148148148,"female",180,110,7.2,"f",48.6238532110092,"True","True","True","","False","False","False","False","False","False","False","False","False","False","False","False","False",NA
67,"1BT24h00507",1,"BT1","24h_0.5","24h 0.5%",0.5,24,"2020-08-12","12:09:47","2020-08-12 12:09:47","2020-08-12 12:09:47","standard","False","C","bright","bright",1,"True","False","False","2020-08-12","12:09:47",0,20,432,21.6,193,233,426,2670.9,3002.58,5673.48,13.8388601036269,12.8866094420601,13.3180281690141,1,9,52,43.8,3.8,3,0.4,1.48148148148148,"female",155,110,7.2,"f",54.6948356807512,"True","True","True","","False","False","False","False","False","False","False","False","False","False","False","False","False",NA
68,"1BT24h00508",1,"BT1","24h_0.5","24h 0.5%",0.5,24,"2020-08-12","12:26:42","2020-08-12 12:26:42","2020-08-12 12:26:42","standard","False","C","bright","bright",1,"True","False","False","2020-08-12","12:26:42",363,0,117,117,259,158,417,4951.99,2758.12,7710.11,19.1196525096525,17.4564556962025,18.4894724220623,1,9,32,40.8,3.7,3,0.44,1.62962962962963,"female",161,110,7.2,"f",37.8896882494005,"True","True","True","","False","False","False","False","False","False","False","False","False","False","False","False","False",NA
69,"1BT24h00509",1,"BT1","24h_0.5","24h 0.5%",0.5,24,"2020-08-12","12:43:34","2020-08-12 12:43:34","2020-08-12 12:43:34","standard","False","E","dark","dark",0,"True","False","False","2020-08-12","12:43:34",2,31,127,4.09677419354839,233,189,422,3350.07,2622.71,5972.78,14.377982832618,13.8767724867725,14.1535071090047,1,9,39,41.85,3.5,2.8,0.28,1.27551020408163,"male",107,110,7.2,"m",44.7867298578199,"True","True","True","","False","False","False","False","False","False","False","False","False","False","False","False","False",NA
70,"1BT24h00510",1,"BT1","24h_0.5","24h 0.5%",0.5,24,"2020-08-12","13:03:05","2020-08-12 13:03:05","2020-08-12 13:03:05","standard","False","E","dark","dark",0,"True","False","False","2020-08-12","13:03:05",0,31,103,3.32258064516129,211,242,453,1885.65,2333.78,4219.43,8.93672985781991,9.64371900826446,9.31441501103753,1,3,11,3.55,3.6,2.9,0.39,1.59908155315921,"male",81,110,7.2,"m",53.4216335540839,"True","True","True","","False","False","False","False","False","False","False","False","False","False","False","False","False",NA
71,"1BT24h00511",1,"BT1","24h_0.5","24h 0.5%",0.5,24,"2020-08-12","13:21:12","2020-08-12 13:21:12","2020-08-12 13:21:12","standard","False","C","bright","bright",1,"True","False","False","2020-08-12","13:21:12",0,45,267,5.93333333333333,179,277,456,2049.08,3037.5,5086.58,11.447374301676,10.9657039711191,11.1547807017544,1,4,23,7.53333333333333,3.6,2.9,0.37,1.51707737094592,"male",113,110,7.2,"m",60.7456140350877,"True","True","True","","False","False","False","False","False","False","False","False","False","False","False","False","False",NA
72,"1BT24h00512",1,"BT1","24h_0.5","24h 0.5%",0.5,24,"2020-08-12","13:42:52","2020-08-12 13:42:52","2020-08-12 13:42:52","standard","False","C","bright","bright",1,"True","False","False","2020-08-12","13:42:52",318,0,162,162,369,50,419,3878.01,837.65,4715.66,10.509512195122,16.753,11.2545584725537,1,8,51,34.8,4.3,3.5,0.69,1.60932944606414,"female",131,110,7.2,"f",11.9331742243437,"True","True","True","","False","False","False","False","False","False","False","False","False","False","False","False","False",NA
74,"1BT24h00514",1,"BT1","24h_0.5","24h 0.5%",0.5,24,"2020-08-12","14:21:51","2020-08-12 14:21:51","2020-08-12 14:21:51","standard","False","C","bright","bright",1,"True","False","False","2020-08-12","14:21:51",126,7,181,25.8571428571429,290,157,447,3103.05,1961.75,5064.8,10.7001724137931,12.4952229299363,11.3306487695749,1,10,37,51.1666666666667,3.5,2.9,0.38,1.55807946205256,"male",142,110,7.2,"m",35.1230425055928,"True","True","True","","False","False","False","False","False","False","False","False","False","False","False","False","False",NA
75,"1BT24h00515",1,"BT1","24h_0.5","24h 0.5%",0.5,24,"2020-08-12","14:38:40","2020-08-12 14:38:40","2020-08-12 14:38:40","standard","False","C","bright","bright",1,"True","False","False","2020-08-12","14:38:40",0,30,179,5.96666666666667,322,124,446,3948.05,1860.27,5808.32,12.2610248447205,15.0021774193548,13.0231390134529,1,9,50,43.5,4,3.4,0.61,1.55200488499898,"female",98,110,7.2,"f",27.8026905829596,"True","True","True","","False","False","False","False","False","False","False","False","False","False","False","False","False",NA
76,"1BT24h00516",1,"BT1","24h_0.5","24h 0.5%",0.5,24,"2020-08-12","14:54:50","2020-08-12 14:54:50","2020-08-12 14:54:50","standard","False","C","bright","bright",1,"True","False","False","2020-08-12","14:54:50",20,26,224,8.61538461538461,203,240,443,2320.03,3085.85,5405.88,11.4287192118227,12.8577083333333,12.2028893905192,1,9,48,43.2,3.5,2.7,0.31,1.57496316618402,"male",72,110,7.2,"m",54.176072234763,"True","True","True","","False","False","False","False","False","False","False","False","False","False","False","False","False",NA
77,"1BT24h01001",1,"BT1","24h_1.0","24h 1.0%",1,24,"2020-09-29","10:53:54","2020-09-29 10:53:54","2020-09-29 10:53:54","standard","False","C","bright","bright",1,"True","False","False","2020-09-29","10:53:54",0,43,330,7.67441860465116,323,48,371,4549.99,1240.52,5790.51,14.0866563467492,25.8441666666667,15.6078436657682,1,4,14,6.93333333333333,3,2.3,0.2,1.64379058107997,"female",140,120,7.6,"f",12.9380053908356,"True","True","True","","False","False","False","False","False","False","False","False","False","False","False","False","False",NA
78,"1BT24h01002",1,"BT1","24h_1.0","24h 1.0%",1,24,"2020-09-29","11:10:28","2020-09-29 11:10:28","2020-09-29 11:10:28","standard","False","C","bright","bright",1,"True","False","False","2020-09-29","11:10:28",0,15,241,16.0666666666667,239,128,367,2029.71,1668.33,3698.04,8.49251046025105,13.033828125,10.0764032697548,5,2,9,1.3,2.9,2.3,0.19,1.56160105202597,"male",215,120,7.6,"m",34.8773841961853,"True","True","True","","False","False","False","False","False","False","False","False","False","False","False","False","False",NA
79,"1BT24h01003",1,"BT1","24h_1.0","24h 1.0%",1,24,"2020-09-29","11:27:59","2020-09-29 11:27:59","2020-09-29 11:27:59","standard","False","C","bright","bright",1,"True","False","False","2020-09-29","11:27:59",0,24,246,10.25,353,5,358,3461.53,86.82,3548.35,9.80603399433428,17.364,9.91159217877095,1,7,28,24.2666666666667,3,2.4,0.24,1.73611111111111,"male",405,120,7.6,"m",1.39664804469274,"True","True","True","","False","False","False","False","False","False","False","False","False","False","False","False","False",NA
80,"1BT24h01004",1,"BT1","24h_1.0","24h 1.0%",1,24,"2020-09-29","11:44:35","2020-09-29 11:44:35","2020-09-29 11:44:35","standard","False","C","bright","bright",1,"True","False","False","2020-09-29","11:44:35",0,2,435,217.5,280,24,304,3655.28,813.46,4468.74,13.0545714285714,33.8941666666667,14.6998026315789,1,4,45,9,2.9,2.4,0.16,1.15740740740741,"",NA,120,7.6,"",7.89473684210526,"True","True","True","","True","True","False","False","False","False","False","False","False","False","False","False","False",NA
81,"1BT24h01005",1,"BT1","24h_1.0","24h 1.0%",1,24,"2020-09-29","12:03:50","2020-09-29 12:03:50","2020-09-29 12:03:50","standard","False","C","bright","bright",1,"True","False","False","2020-09-29","12:03:50",0,29,201,6.93103448275862,341,43,384,3834.42,690.86,4525.28,11.244633431085,16.066511627907,11.7845833333333,1,2,41,2.36666666666667,3,2.5,0.2,1.28,"female",179,120,7.6,"f",11.1979166666667,"True","True","True","","False","False","False","False","False","False","False","False","False","False","False","False","False",NA
82,"1BT24h01006",1,"BT1","24h_1.0","24h 1.0%",1,24,"2020-09-29","12:21:21","2020-09-29 12:21:21","2020-09-29 12:21:21","standard","False","C","bright","bright",1,"True","False","False","2020-09-29","12:21:21",0,27,172,6.37037037037037,203,39,242,2526.11,839.26,3365.37,12.4438916256158,21.5194871794872,13.9064876033058,1,3,25,4.25,3,2.5,0.19,1.216,"male",NA,120,7.6,"m",16.1157024793388,"True","True","True","","True","False","False","False","False","False","False","False","False","False","False","False","False",NA
83,"1BT24h01007",1,"BT1","24h_1.0","24h 1.0%",1,24,"2020-09-29","12:38:39","2020-09-29 12:38:39","2020-09-29 12:38:39","standard","False","C","bright","bright",1,"True","False","False","2020-09-29","12:38:39",10,39,316,8.1025641025641,352,0,352,2761.66,0,2761.66,7.845625,0,7.845625,1,2,17,1.56666666666667,3,2.3,0.21,1.72598011013397,"male",212,120,7.6,"m",0,"True","True","True","","False","False","False","False","False","False","False","False","False","False","False","False","False",NA
84,"1BT24h01008",1,"BT1","24h_1.0","24h 1.0%",1,24,"2020-09-29","12:56:06","2020-09-29 12:56:06","2020-09-29 12:56:06","standard","False","C","bright","bright",1,"True","False","False","2020-09-29","12:56:06",10,19,150,7.89473684210526,271,97,368,2774.71,1409.52,4184.23,10.2387822878229,14.5311340206186,11.3701902173913,1,8,22,30.9333333333333,2.9,2.3,0.19,1.56160105202597,"",196,120,7.6,"",26.3586956521739,"True","True","True","","False","True","False","False","False","False","False","False","False","False","False","False","False",NA
85,"1BT24h01009",1,"BT1","24h_1.0","24h 1.0%",1,24,"2020-09-29","13:13:07","2020-09-29 13:13:07","2020-09-29 13:13:07","standard","False","C","bright","bright",1,"True","False","False","2020-09-29","13:13:07",0,41,226,5.51219512195122,285,94,379,4390.84,2175.28,6566.12,15.4064561403509,23.1412765957447,17.3248548812665,2,9,2,36.3,2.9,2.3,0.2,1.64379058107997,"male",305,120,7.6,"m",24.802110817942,"True","True","True","","False","False","False","False","False","False","False","False","False","False","False","False","False",NA
86,"1BT24h01010",1,"BT1","24h_1.0","24h 1.0%",1,24,"2020-09-29","13:29:43","2020-09-29 13:29:43","2020-09-29 13:29:43","standard","False","C","bright","bright",1,"True","False","False","2020-09-29","13:29:43",0,29,288,9.93103448275862,247,174,421,2351.11,2026.11,4377.22,9.51866396761134,11.6443103448276,10.3971971496437,2,2,28,1.93333333333333,2.9,2.4,0.17,1.22974537037037,"female",160,120,7.6,"f",41.3301662707838,"True","True","True","","False","False","False","False","False","False","False","False","False","False","False","False","False",NA
87,"1BT24h01011",1,"BT1","24h_1.0","24h 1.0%",1,24,"2020-09-29","13:46:45","2020-09-29 13:46:45","2020-09-29 13:46:45","standard","False","C","bright","bright",1,"True","False","False","2020-09-29","13:46:45",0,32,204,6.375,198,186,384,2731.34,3685.84,6417.18,13.7946464646465,19.8163440860215,16.71140625,1,9,41,42.15,2.8,2.4,0.18,1.30208333333333,"female",256,120,7.6,"f",48.4375,"True","True","True","","False","False","False","False","False","False","False","False","False","False","False","False","False",NA
88,"1BT24h01012",1,"BT1","24h_1.0","24h 1.0%",1,24,"2020-09-29","14:03:48","2020-09-29 14:03:48","2020-09-29 14:03:48","standard","False","C","bright","bright",1,"True","False","False","2020-09-29","14:03:48",4,18,393,21.8333333333333,82,292,374,1218.65,2865.9,4084.55,14.8615853658537,9.81472602739726,10.921256684492,2,8,18,30.4,2.9,2.4,0.21,1.51909722222222,"female",200,120,7.6,"f",78.0748663101604,"True","True","True","","False","False","False","False","False","False","False","False","False","False","False","False","False",NA
89,"1BT24h01013",1,"BT1","24h_1.0","24h 1.0%",1,24,"2020-09-29","14:20:37","2020-09-29 14:20:37","2020-09-29 14:20:37","standard","False","C","bright","bright",1,"True","False","False","2020-09-29","14:20:37",10,27,153,5.66666666666667,216,184,400,2553.21,2623.98,5177.19,11.8204166666667,14.2607608695652,12.942975,3,4,28,7.86666666666667,3,2.4,0.22,1.59143518518519,"male",150,120,7.6,"m",46,"True","True","True","","False","False","False","False","False","False","False","False","False","False","False","False","False",NA
90,"1BT24h01014",1,"BT1","24h_1.0","24h 1.0%",1,24,"2020-09-29","14:38:37","2020-09-29 14:38:37","2020-09-29 14:38:37","standard","False","C","bright","bright",1,"True","False","False","2020-09-29","14:38:37",0,36,302,8.38888888888889,209,193,402,3009.75,2776.26,5786.01,14.4007177033493,14.3847668393782,14.3930597014925,1,3,21,4.05,2.9,2.4,0.22,1.59143518518519,"male",115,120,7.6,"m",48.0099502487562,"True","True","True","","False","False","False","False","False","False","False","False","False","False","False","False","False",NA
92,"1BT96hCTR01",1,"BT1","96h_CTR","96h 0.0%",0,96,"2020-09-17","10:57:29","2020-09-17 10:57:29","2020-09-17 10:57:29","standard","False","C","bright","bright",1,"True","False","False","2020-09-17","10:57:29",0,20,127,6.35,209,213,422,2602.82,3121.55,5724.37,12.4536842105263,14.6551643192488,13.5648578199052,1,9,30,40.5,3,2.3,0.25,2.05473822634996,"female",NA,60,7.4,"f",50.4739336492891,"True","True","True","","True","False","False","False","False","False","False","False","False","False","False","False","False",NA
93,"1BT96hCTR02",1,"BT1","96h_CTR","96h 0.0%",0,96,"2020-09-17","11:15:42","2020-09-17 11:15:42","2020-09-17 11:15:42","standard","False","E","dark","dark",0,"True","False","False","2020-09-17","11:15:42",93,15,342,22.8,21,23,44,261.3,361.06,622.36,12.4428571428571,15.6982608695652,14.1445454545455,1,9,11,37.65,3.5,2.9,0.34,1.39407109762598,"male",90,60,7.4,"m",52.2727272727273,"True","True","True","","False","False","False","False","False","False","False","False","False","False","True","True","False",NA
94,"1BT96hCTR03",1,"BT1","96h_CTR","96h 0.0%",0,96,"2020-09-17","11:33:19","2020-09-17 11:33:19","2020-09-17 11:33:19","standard","False","C","bright","bright",1,"True","False","False","2020-09-17","11:33:19",0,17,200,11.7647058823529,241,170,411,4019.21,3082.49,7101.7,16.6772199170124,18.1322941176471,17.2790754257908,1,9,52,43.8,3.1,2.6,0.29,1.64997724169322,"female",NA,60,7.4,"f",41.3625304136253,"True","True","True","","True","False","False","False","False","False","False","False","False","False","False","False","False",NA
95,"1BT96hCTR04",1,"BT1","96h_CTR","96h 0.0%",0,96,"2020-09-17","11:50:53","2020-09-17 11:50:53","2020-09-17 11:50:53","standard","False","E","dark","dark",0,"True","False","False","2020-09-17","11:50:53",0,25,82,3.28,270,151,421,2981.35,2741.57,5722.92,11.042037037037,18.1560927152318,13.5936342042755,1,8,6,28.8,3,2.3,0.26,2.13692775540396,"female",369,60,7.4,"f",35.8669833729216,"True","True","True","","False","False","False","False","False","False","False","False","False","False","False","False","False",NA
96,"1BT96hCTR05",1,"BT1","96h_CTR","96h 0.0%",0,96,"2020-09-17","12:07:42","2020-09-17 12:07:42","2020-09-17 12:07:42","standard","False","C","bright","bright",1,"True","False","False","2020-09-17","12:07:42",0,4,461,115.25,248,118,366,5218.95,3104.12,8323.07,21.0441532258065,26.3061016949153,22.7406284153005,1,4,26,7.73333333333333,3.8,3.1,0.47,1.57765768185022,"male",121,60,7.4,"m",32.2404371584699,"True","True","True","","False","False","False","False","False","False","False","False","False","False","True","True","False",NA
97,"1BT96hCTR06",1,"BT1","96h_CTR","96h 0.0%",0,96,"2020-09-17","12:25:00","2020-09-17 12:25:00","2020-09-17 12:25:00","standard","False","C","bright","bright",1,"True","False","False","2020-09-17","12:25:00",0,23,291,12.6521739130435,177,244,421,1934.42,3136.35,5070.77,10.9289265536723,12.853893442623,12.0445843230404,1,10,7,46.1666666666667,3.3,2.7,0.32,1.62576842960931,"male",369,60,7.4,"m",57.957244655582,"True","True","True","","False","False","False","False","False","False","False","False","False","False","False","False","False",NA
98,"1BT96hCTR07",1,"BT1","96h_CTR","96h 0.0%",0,96,"2020-09-17","12:42:07","2020-09-17 12:42:07","2020-09-17 12:42:07","standard","False","E","dark","dark",0,"True","False","False","2020-09-17","12:42:07",0,25,107,4.28,198,230,428,2497.7,3097.75,5595.45,12.6146464646465,13.4684782608696,13.0734813084112,1,9,14,38.1,3,2.6,0.26,1.4792899408284,"male",219,60,7.4,"m",53.7383177570093,"True","True","True","","False","False","False","False","False","False","False","False","False","False","False","False","False",NA
99,"1BT96hCTR08",1,"BT1","96h_CTR","96h 0.0%",0,96,"2020-09-17","12:58:33","2020-09-17 12:58:33","2020-09-17 12:58:33","standard","False","C","bright","bright",1,"True","False","False","2020-09-17","12:58:33",0,19,108,5.68421052631579,280,148,428,2917.92,2128.25,5046.17,10.4211428571429,14.3800675675676,11.7901168224299,1,4,35,8.33333333333333,2.9,2.3,0.24,1.97254869729596,"female",NA,60,7.4,"f",34.5794392523364,"True","True","True","","True","False","False","False","False","False","False","False","False","False","False","False","False",NA
100,"1BT96hCTR09",1,"BT1","96h_CTR","96h 0.0%",0,96,"2020-09-17","13:15:54","2020-09-17 13:15:54","2020-09-17 13:15:54","standard","False","E","dark","dark",0,"True","False","False","2020-09-17","13:15:54",0,6,14,2.33333333333333,112,316,428,1159.12,3353.74,4512.86,10.3492857142857,10.6131012658228,10.5440654205607,1,8,49,34.5333333333333,3.3,2.6,0.26,1.4792899408284,"female",131,60,7.4,"f",73.8317757009346,"True","True","True","","False","False","False","False","False","False","False","False","False","False","False","False","False",NA
101,"1BT96hCTR10",1,"BT1","96h_CTR","96h 0.0%",0,96,"2020-09-17","13:51:40","2020-09-17 13:51:40","2020-09-17 13:51:40","standard","False","E","dark","dark",0,"True","False","False","2020-09-17","13:51:40",0,0,0,0,300,6,306,1911.38,103.84,2015.22,6.37126666666667,17.3066666666667,6.5856862745098,1,7,7,21.8166666666667,3.8,3,0.23,0.851851851851852,"male",NA,60,7.4,"m",1.96078431372549,"True","True","True","","True","False","False","False","False","False","False","False","False","False","True","True","False",NA
102,"1BT96hCTR11",1,"BT1","96h_CTR","96h 0.0%",0,96,"2020-09-17","14:09:25","2020-09-17 14:09:25","2020-09-17 14:09:25","standard","False","E","dark","dark",0,"True","False","False","2020-09-17","14:09:25",9,6,356,59.3333333333333,246,193,439,2790.69,2532.48,5323.17,11.3442682926829,13.1216580310881,12.1256719817768,1,6,42,19.2,3.1,2.7,0.27,1.37174211248285,"male",145,60,7.4,"m",43.9635535307517,"True","True","True","","False","False","False","False","False","False","False","False","False","False","False","False","False",NA
103,"1BT96hCTR12",1,"BT1","96h_CTR","96h 0.0%",0,96,"2020-09-17","14:27:29","2020-09-17 14:27:29","2020-09-17 14:27:29","standard","False","C","bright","bright",1,"True","False","False","2020-09-17","14:27:29",0,33,244,7.39393939393939,223,154,377,3536.04,3273.87,6809.91,15.8566816143498,21.2588961038961,18.0634217506631,1,4,31,8.06666666666667,3.3,2.7,0.33,1.6765736930346,"female",399,60,7.4,"f",40.8488063660477,"True","True","True","","False","False","False","False","False","False","False","False","False","False","False","False","False",NA
104,"1BT96hCTR13",1,"BT1","96h_CTR","96h 0.0%",0,96,"2020-09-17","14:44:00","2020-09-17 14:44:00","2020-09-17 14:44:00","standard","False","E","dark","dark",0,"True","False","False","2020-09-17","14:44:00",0,4,39,9.75,168,226,394,2730.07,3353.43,6083.5,16.2504166666667,14.838185840708,15.4403553299492,1,4,50,9.33333333333333,3.1,2.6,0.3,1.70687300864816,"female",NA,60,7.4,"f",57.3604060913706,"True","True","True","","True","False","False","False","False","False","False","False","False","False","False","False","False",NA
105,"1BT96hCTR14",1,"BT1","96h_CTR","96h 0.0%",0,96,"2020-09-17","15:01:10","2020-09-17 15:01:10","2020-09-17 15:01:10","standard","False","C","bright","bright",1,"True","False","False","2020-09-17","15:01:10",13,5,56,11.2,159,225,384,2332.69,3125.08,5457.77,14.6710062893082,13.8892444444444,14.2129427083333,1,10,4,45.6666666666667,3,2.4,0.22,1.59143518518519,"female",NA,60,7.4,"f",58.59375,"True","True","True","","True","False","False","False","False","False","False","False","False","False","False","False","False",NA
106,"1BT96hCTR15",1,"BT1","96h_CTR","96h 0.0%",0,96,"2020-09-17","15:20:10","2020-09-17 15:20:10","2020-09-17 15:20:10","standard","False","E","dark","dark",0,"True","False","False","2020-09-17","15:20:10",32,28,136,4.85714285714286,248,173,421,2851.06,2114.93,4965.99,11.4962096774194,12.2250289017341,11.7957007125891,1,9,23,39.45,3.2,2.5,0.3,1.92,"female",NA,60,7.4,"f",41.0926365795724,"True","True","True","","True","False","False","False","False","False","False","False","False","False","False","False","False",NA
107,"1BT96hCTR16",1,"BT1","96h_CTR","96h 0.0%",0,96,"2020-09-17","15:39:41","2020-09-17 15:39:41","2020-09-17 15:39:41","standard","False","C","bright","bright",1,"True","False","False","2020-09-17","15:39:41",0,17,97,5.70588235294118,191,235,426,2207.54,2859.09,5066.63,11.5578010471204,12.1663404255319,11.8934976525822,1,12,5,67,3.4,2.7,0.31,1.57496316618402,"male",NA,60,7.4,"m",55.1643192488263,"True","True","True","","True","False","False","False","False","False","False","False","False","False","False","False","False",NA
108,"1BT96h00501",1,"BT1","96h_0.5","96h 0.5%",0.5,96,"2020-09-18","10:23:44","2020-09-18 10:23:44","2020-09-18 10:23:44","standard","False","C","bright","bright",1,"True","False","False","2020-09-18","10:23:44",0,33,345,10.4545454545455,246,207,453,3645.42,3072,6717.42,14.8187804878049,14.8405797101449,14.8287417218543,1,8,23,31.0666666666667,3.2,2.6,0.26,1.4792899408284,"male",366,100,7.2,"m",45.6953642384106,"True","True","True","","False","False","False","False","False","False","False","False","False","False","False","False","False",NA
109,"1BT96h00502",1,"BT1","96h_0.5","96h 0.5%",0.5,96,"2020-09-18","10:41:19","2020-09-18 10:41:19","2020-09-18 10:41:19","standard","False","C","bright","bright",1,"True","False","False","2020-09-18","10:41:19",18,22,360,16.3636363636364,3,396,399,65.74,3852.18,3917.92,21.9133333333333,9.72772727272727,9.81934837092732,2,9,3,36.45,2.9,2.4,0.2,1.44675925925926,"male",391,100,7.2,"m",99.2481203007519,"True","True","True","","False","False","False","False","False","False","False","False","False","False","False","False","False",NA
110,"1BT96h00503",1,"BT1","96h_0.5","96h 0.5%",0.5,96,"2020-09-18","10:58:15","2020-09-18 10:58:15","2020-09-18 10:58:15","standard","False","C","bright","bright",1,"True","False","False","2020-09-18","10:58:15",0,17,283,16.6470588235294,320,101,421,3760.77,1466.72,5227.49,11.75240625,14.5219801980198,12.4168408551069,1,8,55,35.3333333333333,3.2,2.6,0.28,1.59308147473828,"female",NA,100,7.2,"f",23.9904988123515,"True","True","True","","True","False","False","False","False","False","False","False","False","False","False","False","False",NA
111,"1BT96h00504",1,"BT1","96h_0.5","96h 0.5%",0.5,96,"2020-09-18","11:15:29","2020-09-18 11:15:29","2020-09-18 11:15:29","standard","False","C","bright","bright",1,"True","False","False","2020-09-18","11:15:29",0,1,453,453,145,284,429,766.52,2083.14,2849.66,5.28634482758621,7.335,6.6425641025641,5,1,21,0.35,2.8,2.4,0.18,1.30208333333333,"female",NA,100,7.2,"f",66.2004662004662,"True","True","True","","True","False","False","False","False","False","False","False","False","False","False","False","False",NA
112,"1BT96h00505",1,"BT1","96h_0.5","96h 0.5%",0.5,96,"2020-09-18","11:32:31","2020-09-18 11:32:31","2020-09-18 11:32:31","standard","False","C","bright","bright",1,"True","False","False","2020-09-18","11:32:31",10,30,186,6.2,298,150,448,3009.33,1778.4,4787.73,10.0984228187919,11.856,10.6868973214286,1,8,40,33.3333333333333,3.1,2.5,0.24,1.536,"male",NA,100,7.2,"m",33.4821428571429,"True","True","True","","True","False","False","False","False","False","False","False","False","False","False","False","False",NA
113,"1BT96h00506",1,"BT1","96h_0.5","96h 0.5%",0.5,96,"2020-09-18","11:53:21","2020-09-18 11:53:21","2020-09-18 11:53:21","standard","False","C","bright","bright",1,"True","False","False","2020-09-18","11:53:21",0,37,227,6.13513513513514,231,199,430,2809.42,2561.44,5370.86,12.1619913419913,12.8715577889447,12.4903720930233,1,2,54,2.8,2.9,2.3,0.21,1.72598011013397,"female",NA,100,7.2,"f",46.2790697674419,"True","True","True","","True","False","False","False","False","False","False","False","False","False","False","False","False",NA
114,"1BT96h00507",1,"BT1","96h_0.5","96h 0.5%",0.5,96,"2020-09-18","12:11:05","2020-09-18 12:11:05","2020-09-18 12:11:05","standard","False","C","bright","bright",1,"True","False","False","2020-09-18","12:11:05",0,47,282,6,106,331,437,1506.62,4474.55,5981.17,14.2133962264151,13.5182779456193,13.6868878718535,1,6,44,19.4,3.2,2.9,0.28,1.1480585509861,"male",343,100,7.2,"m",75.7437070938215,"True","True","True","","False","False","False","False","False","False","False","False","False","False","False","False","False",NA
115,"1BT96h00508",1,"BT1","96h_0.5","96h 0.5%",0.5,96,"2020-09-18","12:28:37","2020-09-18 12:28:37","2020-09-18 12:28:37","standard","False","C","bright","bright",1,"True","False","False","2020-09-18","12:28:37",0,15,332,22.1333333333333,218,204,422,2225.87,2313.54,4539.41,10.2104128440367,11.3408823529412,10.7568957345972,1,8,40,33.3333333333333,3,2.2,0.21,1.97220135236664,"female",431,100,7.2,"f",48.3412322274881,"True","True","True","","False","False","False","False","False","False","False","False","False","False","False","False","False",NA
116,"1BT96h00509",1,"BT1","96h_0.5","96h 0.5%",0.5,96,"2020-09-18","12:45:08","2020-09-18 12:45:08","2020-09-18 12:45:08","standard","False","E","dark","dark",0,"True","False","False","2020-09-18","12:45:08",0,33,267,8.09090909090909,287,140,427,2574.55,1595.19,4169.74,8.9705574912892,11.3942142857143,9.76519906323185,1,8,41,33.4666666666667,3.2,2.7,0.25,1.27013158563227,"male",361,100,7.2,"m",32.7868852459016,"True","True","True","","False","False","False","False","False","False","False","False","False","False","False","False","False",NA
117,"1BT96h00510",1,"BT1","96h_0.5","96h 0.5%",0.5,96,"2020-09-18","13:02:34","2020-09-18 13:02:34","2020-09-18 13:02:34","standard","False","C","bright","bright",1,"True","False","False","2020-09-18","13:02:34",0,35,244,6.97142857142857,304,118,422,2718.57,1411.94,4130.51,8.94266447368421,11.965593220339,9.78793838862559,1,4,13,6.86666666666667,2.9,2.3,0.19,1.56160105202597,"female",NA,100,7.2,"f",27.9620853080569,"True","True","True","","True","False","False","False","False","False","False","False","False","False","False","False","False",NA
118,"1BT96h00511",1,"BT1","96h_0.5","96h 0.5%",0.5,96,"2020-09-18","13:19:11","2020-09-18 13:19:11","2020-09-18 13:19:11","standard","False","C","bright","bright",1,"True","False","False","2020-09-18","13:19:11",435,4,35,8.75,28,374,402,343.11,4701.67,5044.78,12.2539285714286,12.5713101604278,12.5492039800995,2,3,41,5.05,3.4,2.6,0.18,1.02412380518889,"male",217,100,7.2,"m",93.0348258706468,"True","True","True","","False","False","False","False","False","False","False","False","False","False","False","False","False",NA
119,"1BT96h00512",1,"BT1","96h_0.5","96h 0.5%",0.5,96,"2020-09-18","13:44:37","2020-09-18 13:44:37","2020-09-18 13:44:37","standard","False","C","bright","bright",1,"True","False","False","2020-09-18","13:44:37",0,35,234,6.68571428571429,238,193,431,3033.71,2548.32,5582.03,12.7466806722689,13.2037305699482,12.9513457076566,1,8,23,31.0666666666667,3.1,2.5,0.28,1.792,"female",281,100,7.2,"f",44.7795823665893,"True","True","True","","False","False","False","False","False","False","False","False","False","False","False","False","False",NA
120,"1BT96h00513",1,"BT1","96h_0.5","96h 0.5%",0.5,96,"2020-09-18","14:01:44","2020-09-18 14:01:44","2020-09-18 14:01:44","standard","False","C","bright","bright",1,"True","False","False","2020-09-18","14:01:44",0,31,162,5.2258064516129,287,158,445,3803.6,2446.82,6250.42,13.2529616724739,15.4862025316456,14.0458876404494,1,10,20,48.3333333333333,3.5,2.9,0.34,1.39407109762598,"female",126,100,7.2,"f",35.5056179775281,"True","True","True","","False","False","False","False","False","False","False","False","False","False","False","False","False",NA
121,"1BT96h00514",1,"BT1","96h_0.5","96h 0.5%",0.5,96,"2020-09-18","14:18:50","2020-09-18 14:18:50","2020-09-18 14:18:50","standard","False","C","bright","bright",1,"True","False","False","2020-09-18","14:18:50",0,20,383,19.15,126,304,430,1856.1,5206.23,7062.33,14.7309523809524,17.1257565789474,16.424023255814,1,9,10,37.5,3.1,2.5,0.23,1.472,"male",317,100,7.2,"m",70.6976744186046,"True","True","True","","False","False","False","False","False","False","False","False","False","False","False","False","False",NA
122,"1BT96h00515",1,"BT1","96h_0.5","96h 0.5%",0.5,96,"2020-09-18","14:37:40","2020-09-18 14:37:40","2020-09-18 14:37:40","standard","False","C","bright","bright",1,"True","False","False","2020-09-18","14:37:40",0,45,269,5.97777777777778,179,265,444,1945.97,2925.4,4871.37,10.8713407821229,11.0392452830189,10.9715540540541,1,4,33,8.2,3,2.5,0.22,1.408,"male",134,100,7.2,"m",59.6846846846847,"True","True","True","","False","False","False","False","False","False","False","False","False","False","False","False","False",NA
123,"1BT96h00516",1,"BT1","96h_0.5","96h 0.5%",0.5,96,"2020-09-18","14:56:17","2020-09-18 14:56:17","2020-09-18 14:56:17","standard","False","C","bright","bright",1,"True","False","False","2020-09-18","14:56:17",0,34,243,7.14705882352941,230,174,404,2659.11,2306.31,4965.42,11.561347826087,13.2546551724138,12.2906435643564,1,8,55,35.3333333333333,2.8,2.3,0.18,1.47941152297197,"female",96,100,7.2,"f",43.0693069306931,"True","True","True","","False","False","False","False","False","False","False","False","False","False","False","False","False",NA
124,"1BT96h01001",1,"BT1","96h_1.0","96h 1.0%",1,96,"2020-09-25","10:51:58","2020-09-25 10:51:58","2020-09-25 10:51:58","standard","False","C","bright","bright",1,"True","False","False","2020-09-25","10:51:58",0,14,402,28.7142857142857,240,187,427,1289.81,1347.26,2637.07,5.37420833333333,7.20459893048128,6.17580796252927,3,5,21,11.75,3.1,2.6,0.25,1.42239417387346,"female",74,120,7.8,"f",43.7939110070258,"True","True","True","","False","False","False","False","False","False","False","False","False","False","False","False","False",NA
125,"1BT96h01002",1,"BT1","96h_1.0","96h 1.0%",1,96,"2020-09-25","11:11:50","2020-09-25 11:11:50","2020-09-25 11:11:50","standard","False","E","dark","dark",0,"True","False","False","2020-09-25","11:11:50",0,1,475,475,334,80,414,2901.87,979.6,3881.47,8.68823353293413,12.245,9.37553140096618,2,3,52,5.6,3,2.5,0.19,1.216,"female",NA,120,7.8,"f",19.3236714975845,"True","True","True","","True","False","False","False","False","False","False","False","False","False","False","False","False",NA
126,"1BT96h01003",1,"BT1","96h_1.0","96h 1.0%",1,96,"2020-09-25","11:28:41","2020-09-25 11:28:41","2020-09-25 11:28:41","standard","False","C","bright","bright",1,"True","False","False","2020-09-25","11:28:41",0,0,480,480,117,281,398,2191.07,4413.8,6604.87,18.727094017094,15.7074733096085,16.5951507537688,2,7,37,25.3166666666667,3.4,2.7,0.33,1.6765736930346,"male",150,120,7.8,"m",70.6030150753769,"True","True","True","","False","False","False","False","False","False","False","False","False","False","False","False","False",NA
127,"1BT96h01004",1,"BT1","96h_1.0","96h 1.0%",1,96,"2020-09-25","11:45:34","2020-09-25 11:45:34","2020-09-25 11:45:34","standard","False","C","bright","bright",1,"True","False","False","2020-09-25","11:45:34",8,8,459,57.375,305,91,396,3482.22,1569.32,5051.54,11.4171147540984,17.2452747252747,12.7564141414141,2,4,37,8.46666666666667,3.3,2.7,0.3,1.52415790275873,"female",167,120,7.8,"f",22.979797979798,"True","True","True","","False","False","False","False","False","False","False","False","False","False","False","False","False",NA
128,"1BT96h01005",1,"BT1","96h_1.0","96h 1.0%",1,96,"2020-09-25","12:03:29","2020-09-25 12:03:29","2020-09-25 12:03:29","standard","False","C","bright","bright",1,"True","False","False","2020-09-25","12:03:29",0,20,83,4.15,235,66,301,1978.45,981.15,2959.6,8.41893617021277,14.8659090909091,9.83255813953488,1,4,5,6.33333333333333,3.7,3,0.41,1.51851851851852,"male",88,120,7.8,"m",21.9269102990033,"True","True","True","","False","False","False","False","False","False","False","False","False","False","False","False","False",NA
129,"1BT96h01006",1,"BT1","96h_1.0","96h 1.0%",1,96,"2020-09-25","12:20:17","2020-09-25 12:20:17","2020-09-25 12:20:17","standard","False","C","bright","bright",1,"True","False","False","2020-09-25","12:20:17",18,0,462,462,391,15,406,3724.07,238.32,3962.39,9.52447570332481,15.888,9.75958128078818,1,6,2,15.2,2.9,2.3,0.18,1.47941152297197,"female",210,120,7.8,"f",3.69458128078818,"True","True","True","","False","False","False","False","False","False","False","False","False","False","False","False","False",NA
130,"1BT96h01007",1,"BT1","96h_1.0","96h 1.0%",1,96,"2020-09-25","12:38:05","2020-09-25 12:38:05","2020-09-25 12:38:05","standard","False","C","bright","bright",1,"True","False","False","2020-09-25","12:38:05",0,21,95,4.52380952380952,363,14,377,3986.18,247.17,4233.35,10.9812121212121,17.655,11.2290450928382,2,4,7,6.46666666666667,3.2,2.6,0.24,1.36549840691853,"",142,120,7.8,"",3.71352785145889,"True","True","True","","False","True","False","False","False","False","False","False","False","False","False","False","False",NA
131,"1BT96h01008",1,"BT1","96h_1.0","96h 1.0%",1,96,"2020-09-25","12:55:37","2020-09-25 12:55:37","2020-09-25 12:55:37","standard","False","C","bright","bright",1,"True","False","False","2020-09-25","12:55:37",0,6,435,72.5,158,200,358,1463.92,1727.32,3191.24,9.2653164556962,8.6366,8.9140782122905,1,4,55,9.66666666666667,3,2.5,0.23,1.472,"female",161,120,7.8,"f",55.8659217877095,"True","True","True","","False","False","False","False","False","False","False","False","False","False","False","False","False",NA
132,"1BT96h01009",1,"BT1","96h_1.0","96h 1.0%",1,96,"2020-09-25","13:13:01","2020-09-25 13:13:01","2020-09-25 13:13:01","standard","False","C","bright","bright",1,"True","False","False","2020-09-25","13:13:01",0,12,445,37.0833333333333,276,107,383,3460.77,1660.6,5121.37,12.5390217391304,15.5196261682243,13.3717232375979,1,5,34,12.8333333333333,2.9,2.3,0.17,1.39722199391798,"male",NA,120,7.8,"m",27.9373368146214,"True","True","True","","True","False","False","False","False","False","False","False","False","False","False","False","False",NA
133,"1BT96h01010",1,"BT1","96h_1.0","96h 1.0%",1,96,"2020-09-25","13:31:01","2020-09-25 13:31:01","2020-09-25 13:31:01","standard","False","E","dark","dark",0,"True","False","False","2020-09-25","13:31:01",0,18,400,22.2222222222222,372,6,378,3498,204.8,3702.8,9.40322580645161,34.1333333333333,9.7957671957672,3,4,43,8.86666666666667,3,2.4,0.21,1.51909722222222,"male",242,120,7.8,"m",1.58730158730159,"True","True","True","","False","False","False","False","False","False","False","False","False","False","False","False","False",NA
134,"1BT96h01011",1,"BT1","96h_1.0","96h 1.0%",1,96,"2020-09-25","13:48:39","2020-09-25 13:48:39","2020-09-25 13:48:39","standard","False","C","bright","bright",1,"True","False","False","2020-09-25","13:48:39",0,32,365,11.40625,356,42,398,3147.84,706.37,3854.21,8.84224719101124,16.8183333333333,9.68394472361809,1,8,20,30.6666666666667,3.1,2.5,0.27,1.728,"female",256,120,7.8,"f",10.5527638190955,"True","True","True","","False","False","False","False","False","False","False","False","False","False","False","False","False",NA
135,"1BT96h01012",1,"BT1","96h_1.0","96h 1.0%",1,96,"2020-09-25","14:07:08","2020-09-25 14:07:08","2020-09-25 14:07:08","standard","False","C","bright","bright",1,"True","False","False","2020-09-25","14:07:08",0,8,443,55.375,240,5,245,3473.79,320.74,3794.53,14.474125,64.148,15.4878775510204,1,4,16,7.06666666666667,3.6,2.9,0.38,1.55807946205256,"male",100,120,7.8,"m",2.04081632653061,"True","True","True","","False","False","False","False","False","False","False","False","False","False","False","False","False",NA
136,"1BT96h01013",1,"BT1","96h_1.0","96h 1.0%",1,96,"2020-09-25","14:24:05","2020-09-25 14:24:05","2020-09-25 14:24:05","standard","False","C","bright","bright",1,"True","False","False","2020-09-25","14:24:05",0,36,127,3.52777777777778,359,60,419,4067.99,938.15,5006.14,11.3314484679666,15.6358333333333,11.9478281622912,1,4,55,9.66666666666667,3.6,3,0.44,1.62962962962963,"male",192,120,7.8,"m",14.3198090692124,"True","True","True","","False","False","False","False","False","False","False","False","False","False","False","False","False",NA
137,"1BT96h01014",1,"BT1","96h_1.0","96h 1.0%",1,96,"2020-09-25","14:44:06","2020-09-25 14:44:06","2020-09-25 14:44:06","standard","False","C","bright","bright",1,"True","False","False","2020-09-25","14:44:06",0,0,480,480,141,121,262,1503.16,2438.78,3941.94,10.6607092198582,20.1552066115703,15.045572519084,3,8,22,30.9333333333333,2.9,2.3,0.19,1.56160105202597,"",116,120,7.8,"",46.1832061068702,"True","True","True","","False","True","False","False","False","False","False","False","False","False","False","False","False",NA
