fish_id,battery_suite,group,date,start_time,treatment,exposure,latency,first_choice,num_changes,time_bright,mtpc,mov_bottom,mov_upper,mov_total,dist_bottom,dist_upper,dist_total,vel_bottom,vel_upper,vel_mean,attempts,last_flux,time_in_last_flux,resistance_index,lt,ls,wt,Kc,sex,blood_sugar,conductivity,pH
1BT01hCTR01,1,1h_CTR,2020-07-21,08:52:05 ,0.0,1,0,C,23,402,17.5,370,84,454,1344,399,1743,3.63,4.75,3.84,2,4,17,7.13,4.2,3.4,0.49,0.00125,,,80,7.2
1BT01hCTR02,1,1h_CTR,2020-07-21,09:09:30 ,0.0,1,0,C,7,421,60.1,87,0,87,723.1,0,723.1,8.31,,8.31,3,3,17,3.85,3.6,2.8,0.37,0.00169,,95,80,7.2
1BT01hCTR03,1,1h_CTR,2020-07-21,09:30:15 ,0.0,1,81,C,66,202,3.1,257,172,429,3492.8,2325.5,5818.3,13.59,13.52,13.56,1,9,52,43.8,4,3.2,0.51,0.00156,,,80,7.2
1BT01hCTR04,1,1h_CTR,2020-07-21,09:50:12 ,0.0,1,0,C,52,151,2.9,262,180,442,2653,1832.2,4485.2,10.13,10.18,10.15,1,8,52,34.93,3.3,2.5,0.32,0.00205,,119,80,7.2
1BT01hCTR05,1,1h_CTR,2020-07-21,10:10:35 ,0.0,1,0,C,40,110,2.8,196,250,446,2504.6,3333.7,5838.3,12.78,13.33,13.09,2,8,27,31.6,3.8,3,0.44,0.00163,m,197,80,7.2
1BT01hCTR06,1,1h_CTR,2020-07-21,10:28:41 ,0.0,1,0,E,35,183,5.2,343,102,445,2950.7,1080.7,4031.4,8.6,10.6,9.06,2,8,55,35.33,3.8,3,0.45,0.00167,,,80,7.2
1BT01hCTR07,1,1h_CTR,2020-07-21,10:47:40 ,0.0,1,259,E,11,40,3.6,84,4,88,900,50.2,950.2,10.71,12.55,10.8,1,9,2,36.3,3.3,3,0.45,0.00167,f,223,80,7.2
1BT01hCTR08,1,1h_CTR,2020-07-21,11:06:15 ,0.0,1,0,C,21,123,5.9,353,86,439,2520.2,744.1,3264.3,7.14,8.65,7.44,1,9,10,37.5,3.4,2.7,0.33,0.00168,m,187,80,7.2
1BT01hCTR09,1,1h_CTR,2020-07-21,11:25:40 ,0.0,1,0,E,11,42,3.8,187,28,215,1903.5,287.3,2190.8,10.18,10.26,10.19,1,4,10,6.67,3.9,3.1,0.55,0.00185,m,133,80,7.2
1BT01hCTR10,1,1h_CTR,2020-07-21,11:45:10 ,0.0,1,0,C,0,0,0,220,197,417,2988.5,2344.9,5333.4,13.58,11.9,12.79,1,12,5,67,3.6,3,0.39,0.00144,m,163,80,7.2
1BT01hCTR11,1,1h_CTR,2020-07-21,12:02:37 ,0.0,1,0,C,5,15,3,254,174,428,4329.7,3846.3,8176,17.05,22.11,19.1,1,10,1,45.17,3.6,2.9,0.43,0.00176,f,193,80,7.2
1BT01hCTR12,1,1h_CTR,2020-07-21,12:22:01 ,0.0,1,0,C,26,79,3,54,0,54,253.7,0,253.7,4.7,,4.7,1,7,39,25.55,3.5,2.8,0.34,0.00155,m,215,80,7.2
1BT01hCTR13,1,1h_CTR,2020-07-21,12:40:05 ,0.0,1,0,C,27,121,4.5,220,216,436,2562.1,2388.9,4951,11.65,11.06,11.36,1,8,10,29.33,3.3,2.6,0.29,0.00165,m,165,80,7.2
1BT01hCTR14,1,1h_CTR,2020-07-21,13:00:05 ,0.0,1,19,C,34,149,4.4,240,208,448,2659.6,2413.6,5073.2,11.08,11.6,11.32,1,6,5,15.5,4,3.2,0.53,0.00162,f,118,80,7.2
1BT01h00501,1,1h_0.5,2020-07-22,09:00:30 ,0.5,1,0,E,26,120,4.6,380,55,435,3556.3,751.4,4307.7,9.36,13.66,9.9,1,8,45,34,3.5,2.6,0.34,0.00193,f,372,110,7.2
1BT01h00502,1,1h_0.5,2020-07-22,09:19:30 ,0.5,1,0,E,60,188,3.1,308,134,442,3721.2,1527.5,5248.7,12.08,11.4,11.87,1,8,40,33.33,3.8,3,0.42,0.00156,f,136,110,7.2
1BT01h00503,1,1h_0.5,2020-07-22,09:37:00 ,0.5,1,71,E,28,137,4.9,237,196,433,2492.4,2889.9,5382.3,10.52,14.74,12.43,1,6,30,18,3.6,2.8,0.36,0.00164,m,266,110,7.2
1BT01h00504,1,1h_0.5,2020-07-22,09:56:10 ,0.5,1,0,C,60,318,5.3,274,151,425,3170.8,1916.6,5087.4,11.57,12.69,11.97,1,9,5,36.75,3.7,2.9,0.46,0.00189,f,186,110,7.2
1BT01h00505,1,1h_0.5,2020-07-22,10:15:15 ,0.5,1,150,C,15,147,9.8,236,26,262,2890.1,307.9,3198,12.25,11.84,12.21,1,9,38,41.7,3.7,2.9,0.47,0.00193,f,136,110,7.2
1BT01h00506,1,1h_0.5,2020-07-22,10:33:22 ,0.5,1,0,C,28,342,12.2,131,309,440,2146.9,3971,6117.9,16.39,12.85,13.9,1,8,0,28,3.7,2.9,0.44,0.0018,f,151,110,7.2
1BT01h00507,1,1h_0.5,2020-07-22,10:55:50 ,0.5,1,70,E,12,62,5.2,191,167,358,2009.5,1772.9,3782.4,10.52,10.62,10.57,1,3,35,4.75,3.4,2.7,0.28,0.00142,m,113,110,7.2
1BT01h00508,1,1h_0.5,2020-07-22,11:13:20 ,0.5,1,0,E,0,0,0,0,0,0,0,0,0,0,,,1,5,0,10,3.4,2.8,0.33,0.0015,m,73,110,7.2
1BT01h00509,1,1h_0.5,2020-07-22,11:31:38 ,0.5,1,0,E,0,0,0,0,0,0,0,0,0,0,,,1,8,17,30.27,3.2,2.5,0.28,0.00179,m,,110,7.2
1BT01h00510,1,1h_0.5,2020-07-22,11:50:30 ,0.5,1,0,C,3,491,163.7,0,0,0,0,0,0,0,,,1,10,12,47,3.8,3,0.59,0.00219,f,173,110,7.2
1BT01h00511,1,1h_0.5,2020-07-22,12:09:22 ,0.5,1,194,E,8,38,4.8,281,174,455,2848.5,2009.6,4858.1,10.14,11.55,10.68,2,7,48,26.6,3.4,2.8,0.37,0.00169,m,,110,7.2
1BT01h00512,1,1h_0.5,2020-07-22,12:29:30 ,0.5,1,0,E,33,151,4.6,153,289,442,1575.4,2975.9,4551.3,10.3,10.3,10.3,1,9,27,40.05,3.4,2.7,0.34,0.00173,m,200,110,7.2
1BT01h00513,1,1h_0.5,2020-07-22,12:48:25 ,0.5,1,0,E,25,117,4.7,263,177,440,3279.2,2654.3,5933.5,12.47,15,13.49,1,9,59,44.85,3.9,3.1,0.52,0.00175,f,251,110,7.2
1BT01h00514,1,1h_0.5,2020-07-22,13:07:12 ,0.5,1,0,C,36,150,4.2,203,244,447,2319.8,2979.7,5299.5,11.43,12.21,11.86,1,9,24,39.6,3.6,2.9,0.33,0.00135,m,92,110,7.2
1BT01h00515,1,1h_0.5,2020-07-22,13:26:06 ,0.5,1,0,C,41,240,5.9,159,241,400,1882.2,3627.3,5509.5,11.84,15.05,13.77,1,9,12,37.8,3.6,3,0.47,0.00174,f,113,110,7.2
1BT01h00516,1,1h_0.5,2020-07-22,13:44:30 ,0.5,1,480,,0,0,0,241,200,441,3305.3,2400.5,5705.8,13.71,12,12.94,1,10,40,51.67,4,3.2,0.63,0.00192,f,99,110,7.2
1BT01h01001,1,1h_1.0,2020-07-23,10:35:47,1.0,1,0,C,4,360,90,12,312,324,213.4,5071.4,5284.8,17.78,16.25,16.31,1,8,13,29.73,3.9,3.2,0.53,0.00162,m,207,110,7.3
1BT01h01002,1,1h_1.0,2020-07-23,10:53:28,1.0,1,0,C,16,187,11.7,380,60,440,7570.4,1538.7,9109.1,19.92,25.65,20.7,5,1,34,0.57,3.8,3,0.52,0.00193,f,175,110,7.3
1BT01h01003,1,1h_1.0,2020-07-23,11:06:06,1.0,1,26,C,17,164,9.6,372,54,426,4581.7,900.2,5481.9,12.32,16.67,12.87,1,8,43,33.73,3.7,3,0.49,0.00181,m,124,110,7.3
1BT01h01004,1,1h_1.0,2020-07-23,11:24:26,1.0,1,135,E,39,258,6.6,70,378,448,1527.4,5724.4,7251.8,21.82,15.14,16.19,1,3,16,3.8,3.8,3,0.59,0.00219,f,191,110,7.3
1BT01h01005,1,1h_1.0,2020-07-23,11:44:04,1.0,1,0,E,4,106,26.5,89,0,89,1039.9,0,1039.9,11.68,,11.68,2,8,48,34.4,3.8,3,0.51,0.00189,f,155,110,7.3
1BT01h01006,1,1h_1.0,2020-07-23,12:01:24,1.0,1,2,C,34,131,3.9,220,202,422,3388.1,3305.1,6693.2,15.4,16.36,15.86,1,3,12,3.6,3.3,2.8,0.28,0.00128,m,145,110,7.3
1BT01h01007,1,1h_1.0,2020-07-23,12:18:27,1.0,1,0,E,0,0,0,331,86,417,4742.6,1900.8,6643.4,14.33,22.1,15.93,1,5,22,11.83,3.5,3.1,0.61,0.00205,f,223,110,7.3
1BT01h01008,1,1h_1.0,2020-07-23,12:35:36,1.0,1,0,C,14,267,19.1,439,0,439,4633.3,0,4633.3,10.55,,10.55,1,2,6,1.2,3.5,2.7,0.34,0.00173,m,240,110,7.3
1BT01h01009,1,1h_1.0,2020-07-23,12:53:10,1.0,1,0,E,55,269,4.9,241,199,440,4323.8,3747.3,8071.1,17.94,18.83,18.34,1,8,25,31.33,3.9,3.1,0.44,0.00148,m,317,110,7.3
1BT01h01010,1,1h_1.0,2020-07-23,13:09:38,1.0,1,0,E,108,306,2.8,325,120,445,6158,2732.5,8890.5,18.95,22.77,19.98,1,9,48,43.2,3.6,2.9,0.42,0.00172,m,281,110,7.3
1BT01h01011,1,1h_1.0,2020-07-23,13:26:22,1.0,1,7,E,45,142,3.2,257,183,440,3192.9,2453.3,5646.2,12.42,13.41,12.83,1,8,32,32.27,3.6,2.8,0.3,0.00137,m,137,110,7.3
1BT01h01012,1,1h_1.0,2020-07-23,13:43:21,1.0,1,164,E,0,0,0,0,0,0,0,0,0,,,,1,9,16,38.4,4,3.1,0.7,0.00235,f,237,110,7.3
1BT01h01013,1,1h_1.0,2020-07-23,14:01:33,1.0,1,0,E,30,154,5.1,138,314,452,2685.4,6030.3,8715.7,19.46,19.2,19.28,1,9,27,40.05,3.9,3.1,0.54,0.00181,f,124,110,7.3
1BT01h01014,1,1h_1.0,2020-07-23,14:19:17,1.0,1,0,C,46,325,7.1,215,200,415,7010,4395.4,11405.4,32.6,21.98,27.48,1,9,20,39,3.6,2.9,0.53,0.00217,f,279,110,7.3
1BT01h01015,1,1h_1.0,2020-07-23,14:37:43,1.0,1,0,E,2,7,3.5,292,146,438,3320.2,1778.9,5099.1,11.37,12.18,11.64,1,8,55,35.33,3.7,2.9,0.31,0.00127,m,93,110,7.3
1BT01h01016,1,1h_1.0,2020-07-23,14:55:18,1.0,1,304,C,20,151,7.6,308,148,456,4714.11,3039.33,7753.44,15.31,20.54,17,1,8,41,33.47,3.5,2.8,0.34,0.00155,m,181,110,7.3
1BT24hCTR01,1,24h_CTR,2020-08-11,10:09:00,0.0,24,0,C,15,124,8.3,249,153,402,5861.27,4958.76,10820.03,23.54,32.41,26.92,1,11,52,64.53,3.7,3,3.9,0.00144,m,146,70,7.4
1BT24hCTR02,1,24h_CTR,2020-08-11,10:26:00,0.0,24,0,E,2,4,2,337,112,449,3299.73,1474.7,4774.43,9.79,13.17,10.63,1,9,42,42.3,3.6,2.9,4.6,0.00189,f,161,70,7.4
1BT24hCTR03,1,24h_CTR,2020-08-11,10:44:04,0.0,24,0,E,2,121,60.5,131,0,131,1207.55,0,1207.55,9.22,0,9.22,5,1,30,0.5,4.1,3.5,3.5,0.00082,m,,70,7.4
1BT24hCTR04,1,24h_CTR,2020-08-11,11:03:58,0.0,24,9,E,35,180,5.1,300,61,361,3296.07,1917.77,5213.84,10.99,31.44,14.44,1,10,39,51.5,3.6,3,3.7,0.00137,m,,70,7.4
1BT24hCTR05,1,24h_CTR,2020-08-11,11:21:53,0.0,24,0,C,16,164,10.3,446,8,454,3390.15,90.87,3481.02,7.6,11.36,7.67,1,12,8,67.6,3.5,2.9,3.3,0.00135,m,120,70,7.4
1BT24hCTR06,1,24h_CTR,2020-08-11,11:41:02,0.0,24,0,C,25,203,8.1,211,254,465,1549.36,1765.81,3315.17,7.34,6.95,7.13,1,9,44,42.6,3.6,2.9,3,0.00123,m,182,70,7.4
1BT24hCTR07,1,24h_CTR,2020-08-11,12:00:53,0.0,24,0,C,13,65,5,310,119,429,2658.78,1165.05,3823.83,8.58,9.79,8.91,1,9,5,36.75,3.4,2.8,3.3,0.0015,f,211,70,7.4
1BT24hCTR08,1,24h_CTR,2020-08-11,12:20:58,0.0,24,0,C,25,121,4.8,245,207,452,2580.37,2436.15,5016.52,10.53,11.77,11.1,1,9,55,44.25,3.5,2.9,2.9,0.00119,m,,70,7.4
1BT24hCTR09,1,24h_CTR,2020-08-11,12:38:45,0.0,24,0,C,20,95,4.8,194,230,424,2426.9,3112.55,5539.45,12.51,13.53,13.06,1,9,55,44.25,3.3,2.7,3.9,0.00198,f,109,70,7.4
1BT24hCTR10,1,24h_CTR,2020-08-11,12:56:25,0.0,24,170,E,24,85,3.5,402,5,407,3580.11,124.61,3704.72,8.91,24.92,9.1,1,8,16,30.13,4,3.2,6,0.00183,f,240,70,7.4
1BT24hCTR11,1,24h_CTR,2020-08-11,13:14:11,0.0,24,0,E,26,63,2.4,358,82,440,3781.56,1228.18,5009.74,10.56,14.98,11.39,1,8,16,30.13,4,3.4,7,0.00178,f,72,70,7.4
1BT24hCTR12,1,24h_CTR,2020-08-11,13:32:50,0.0,24,0,E,22,97,4.4,206,201,407,2909.33,3157.24,6066.57,14.12,15.71,14.91,1,10,51,53.5,3.6,2.8,3.8,0.00173,m,103,70,7.4
1BT24hCTR13,1,24h_CTR,2020-08-11,13:51:28,0.0,24,0,C,19,84,4.4,293,126,419,4524.06,2493.21,7017.27,15.44,19.79,16.75,1,10,38,51.33,3.7,3,4,0.00148,f,98,70,7.4
1BT24hCTR14,1,24h_CTR,2020-08-11,14:09:10,0.0,24,25,E,25,61,2.4,220,219,439,2895.87,3191.46,6087.33,13.16,14.57,13.87,1,11,15,57.75,3.5,2.8,3.6,0.00164,m,116,70,7.4
1BT24hCTR15,1,24h_CTR,2020-08-11,14:26:58,0.0,24,0,E,15,103,6.9,278,139,417,4284.59,2459.67,6744.26,15.41,17.7,16.17,1,4,49,9.27,3.6,2.8,4,0.00182,f,72,70,7.4
1BT24h00501,1,24h_0.5,2020-08-12,10:08:52,0.5,24,9,E,26,67,2.6,243,214,457,3628.2,3369,6997.2,14.93,15.74,15.31,1,10,47,52.83,4,3.2,0.61,0.00186,m,126,110,7.2
1BT24h00502,1,24h_0.5,2020-08-12,10:26:24,0.5,24,0,C,28,156,5.6,384,25,409,3294.35,299.61,3593.96,8.58,11.98,8.79,1,8,28,31.73,3.5,2.8,0.41,0.00187,f,95,110,7.2
1BT24h00503,1,24h_0.5,2020-08-12,10:45:08,0.5,24,0,C,6,402,67,220,211,431,2005.43,1817.05,3822.48,9.12,8.61,8.87,1,9,42,42.3,3.9,2.7,0.31,0.00157,m,165,110,7.2
1BT24h00504,1,24h_0.5,2020-08-12,11:02:39,0.5,24,6,C,33,213,6.5,303,121,424,2166.8,1140.67,3307.47,7.15,9.43,7.8,1,9,42,42.3,3.8,2.7,0.29,0.00147,m,61,110,7.2
1BT24h00505,1,24h_0.5,2020-08-12,11:23:45,0.5,24,0,C,30,183,6.1,280,155,435,3656.64,2180.27,5836.91,13.06,14.07,13.42,1,9,45,42.75,3.9,3,0.57,0.00211,f,94,110,7.2
1BT24h00506,1,24h_0.5,2020-08-12,11:44:44,0.5,24,11,E,6,10,1.7,224,212,436,2057.18,2124.33,4181.51,9.18,10.02,9.59,1,9,14,38.1,3.7,3,0.4,0.00148,f,180,110,7.2
1BT24h00507,1,24h_0.5,2020-08-12,12:09:47,0.5,24,0,C,20,432,21.6,193,233,426,2670.9,3002.58,5673.48,13.84,12.89,13.32,1,9,52,43.8,3.8,3,0.4,0.00148,f,155,110,7.2
1BT24h00508,1,24h_0.5,2020-08-12,12:26:42,0.5,24,363,C,0,117,,259,158,417,4951.99,2758.12,7710.11,19.12,17.46,18.49,1,9,32,40.8,3.7,3,0.44,0.00163,f,161,110,7.2
1BT24h00509,1,24h_0.5,2020-08-12,12:43:34,0.5,24,2,E,31,127,4.1,233,189,422,3350.07,2622.71,5972.78,14.38,13.88,14.15,1,9,39,41.85,3.5,2.8,0.28,0.00128,m,107,110,7.2
1BT24h00510,1,24h_0.5,2020-08-12,13:03:05,0.5,24,0,E,31,103,3.3,211,242,453,1885.65,2333.78,4219.43,8.94,9.64,9.31,1,3,11,3.55,3.6,2.9,0.39,0.0016,m,81,110,7.2
1BT24h00511,1,24h_0.5,2020-08-12,13:21:12,0.5,24,0,C,45,267,5.9,179,277,456,2049.08,3037.5,5086.58,11.45,10.97,11.15,1,4,23,7.53,3.6,2.9,0.37,0.00152,m,113,110,7.2
1BT24h00512,1,24h_0.5,2020-08-12,13:42:52,0.5,24,318,C,0,162,,369,50,419,3878.01,837.65,4715.66,10.51,16.75,11.25,1,8,51,34.8,4.3,3.5,0.69,0.00161,f,131,110,7.2
1BT24h00513,1,24h_0.5,2020-08-12,13:59:52,0.5,24,0,C,,,,,,0,,,0,,,,,,,,3.3,2.7,0.25,0.00127,m,,110,7.2
1BT24h00514,1,24h_0.5,2020-08-12,14:21:51,0.5,24,126,C,7,181,25.9,290,157,447,3103.05,1961.75,5064.8,10.7,12.5,11.33,1,10,37,51.17,3.5,2.9,0.38,0.00156,m,142,110,7.2
1BT24h00515,1,24h_0.5,2020-08-12,14:38:40,0.5,24,0,C,30,179,6,322,124,446,3948.05,1860.27,5808.32,12.26,15,13.02,1,9,50,43.5,4,3.4,0.61,0.00155,f,98,110,7.2
1BT24h00516,1,24h_0.5,2020-08-12,14:54:50,0.5,24,20,C,26,224,8.6,203,240,443,2320.03,3085.85,5405.88,11.43,12.86,12.2,1,9,48,43.2,3.5,2.7,0.31,0.00157,m,72,110,7.2
1BT24h01001,1,24h_1.0,2020-09-29,10:53:54,1.0,24,0,C,43,330,7.7,323,48,371,4549.99,1240.52,5790.51,14.09,25.84,15.61,1,4,14,6.93,3,2.3,0.2,0.00164,f,140,120,7.6
1BT24h01002,1,24h_1.0,2020-09-29,11:10:28,1.0,24,0,C,15,241,16.1,239,128,367,2029.71,1668.33,3698.04,8.49,13.03,10.08,5,2,9,1.3,2.9,2.3,0.19,0.00156,m,215,120,7.6
1BT24h01003,1,24h_1.0,2020-09-29,11:27:59,1.0,24,0,C,24,246,10.3,353,5,358,3461.53,86.82,3548.35,9.81,17.36,9.91,1,7,28,24.27,3,2.4,0.24,0.00174,m,405,120,7.6
1BT24h01004,1,24h_1.0,2020-09-29,11:44:35,1.0,24,0,C,2,435,217.5,280,24,304,3655.28,813.46,4468.74,13.05,33.89,14.7,1,4,45,9,2.9,2.4,0.16,0.00116,,,120,7.6
1BT24h01005,1,24h_1.0,2020-09-29,12:03:50,1.0,24,0,C,29,201,6.9,341,43,384,3834.42,690.86,4525.28,11.24,16.07,11.78,1,2,41,2.37,3,2.5,0.2,0.00128,f,179,120,7.6
1BT24h01006,1,24h_1.0,2020-09-29,12:21:21,1.0,24,0,C,27,172,6.4,203,39,242,2526.11,839.26,3365.37,12.44,21.52,13.91,1,3,25,4.25,3,2.5,0.19,0.00122,m,,120,7.6
1BT24h01007,1,24h_1.0,2020-09-29,12:38:39,1.0,24,10,C,39,316,8.1,352,0,352,2761.66,0,2761.66,7.85,,7.85,1,2,17,1.57,3,2.3,0.21,0.00173,m,212,120,7.6
1BT24h01008,1,24h_1.0,2020-09-29,12:56:06,1.0,24,10,C,19,150,7.9,271,97,368,2774.71,1409.52,4184.23,10.24,14.53,11.37,1,8,22,30.93,2.9,2.3,0.19,0.00156,,196,120,7.6
1BT24h01009,1,24h_1.0,2020-09-29,13:13:07,1.0,24,0,C,41,226,5.5,285,94,379,4390.84,2175.28,6566.12,15.41,23.14,17.32,2,9,2,36.3,2.9,2.3,0.2,0.00164,m,305,120,7.6
1BT24h01010,1,24h_1.0,2020-09-29,13:29:43,1.0,24,0,C,29,288,9.9,247,174,421,2351.11,2026.11,4377.22,9.52,11.64,10.4,2,2,28,1.93,2.9,2.4,0.17,0.00123,f,160,120,7.6
1BT24h01011,1,24h_1.0,2020-09-29,13:46:45,1.0,24,0,C,32,204,6.4,198,186,384,2731.34,3685.84,6417.18,13.79,19.82,16.71,1,9,41,42.15,2.8,2.4,0.18,0.0013,f,256,120,7.6
1BT24h01012,1,24h_1.0,2020-09-29,14:03:48,1.0,24,4,C,18,393,21.8,82,292,374,1218.65,2865.9,4084.55,14.86,9.81,10.92,2,8,18,30.4,2.9,2.4,0.21,0.00152,f,200,120,7.6
1BT24h01013,1,24h_1.0,2020-09-29,14:20:37,1.0,24,10,C,27,153,5.7,216,184,400,2553.21,2623.98,5177.19,11.82,14.26,12.94,3,4,28,7.87,3,2.4,0.22,0.00159,m,150,120,7.6
1BT24h01014,1,24h_1.0,2020-09-29,14:38:37,1.0,24,0,C,36,302,8.4,209,193,402,3009.75,2776.26,5786.01,14.4,14.38,14.39,1,3,21,4.05,2.9,2.4,0.22,0.00159,m,115,120,7.6
1BT24h01015,1,24h_1.0,2020-09-29,14:55:25,1.0,24,,C,,,,189,109,298,1702,717.92,2419.92,9.01,6.59,8.12,1,3,54,5.7,2.8,2.3,0.21,0.00173,m,,120,7.6
1BT96hCTR01,1,96h_CTR,2020-09-17,10:57:29,0.0,96,0,C,20,127,6.4,209,213,422,2602.82,3121.55,5724.37,12.45,14.66,13.56,1,9,30,40.5,3,2.3,0.25,0.00205,f,,60,7.4
1BT96hCTR02,1,96h_CTR,2020-09-17,11:15:42,0.0,96,93,E,15,342,22.8,21,23,44,261.3,361.06,622.36,12.44,15.7,14.14,1,9,11,37.65,3.5,2.9,0.34,0.00139,m,90,60,7.4
1BT96hCTR03,1,96h_CTR,2020-09-17,11:33:19,0.0,96,0,C,17,200,11.8,241,170,411,4019.21,3082.49,7101.7,16.68,18.13,17.28,1,9,52,43.8,3.1,2.6,0.29,0.00165,f,,60,7.4
1BT96hCTR04,1,96h_CTR,2020-09-17,11:50:53,0.0,96,0,E,25,82,3.3,270,151,421,2981.35,2741.57,5722.92,11.04,18.16,13.59,1,8,6,28.8,3,2.3,0.26,0.00214,f,369,60,7.4
1BT96hCTR05,1,96h_CTR,2020-09-17,12:07:42,0.0,96,0,C,4,461,115.3,248,118,366,5218.95,3104.12,8323.07,21.04,26.31,22.74,1,4,26,7.73,3.8,3.1,0.47,0.00158,m,121,60,7.4
1BT96hCTR06,1,96h_CTR,2020-09-17,12:25:00,0.0,96,0,C,23,291,12.7,177,244,421,1934.42,3136.35,5070.77,10.93,12.85,12.04,1,10,7,46.17,3.3,2.7,0.32,0.00163,m,369,60,7.4
1BT96hCTR07,1,96h_CTR,2020-09-17,12:42:07,0.0,96,0,E,25,107,4.3,198,230,428,2497.7,3097.75,5595.45,12.61,13.47,13.07,1,9,14,38.1,3,2.6,0.26,0.00148,m,219,60,7.4
1BT96hCTR08,1,96h_CTR,2020-09-17,12:58:33,0.0,96,0,C,19,108,5.7,280,148,428,2917.92,2128.25,5046.17,10.42,14.38,11.79,1,4,35,8.33,2.9,2.3,0.24,0.00197,f,,60,7.4
1BT96hCTR09,1,96h_CTR,2020-09-17,13:15:54,0.0,96,0,E,6,14,2.3,112,316,428,1159.12,3353.74,4512.86,10.35,10.61,10.54,1,8,49,34.53,3.3,2.6,0.26,0.00148,f,131,60,7.4
1BT96hCTR10,1,96h_CTR,2020-09-17,13:51:40,0.0,96,0,E,0,0,,300,6,306,1911.38,103.84,2015.22,6.37,17.31,6.59,1,7,7,21.82,3.8,3,0.23,0.00085,m,,60,7.4
1BT96hCTR11,1,96h_CTR,2020-09-17,14:09:25,0.0,96,9,E,6,356,59.3,246,193,439,2790.69,2532.48,5323.17,11.34,13.12,12.13,1,6,42,19.2,3.1,2.7,0.27,0.00137,m,145,60,7.4
1BT96hCTR12,1,96h_CTR,2020-09-17,14:27:29,0.0,96,0,C,33,244,7.4,223,154,377,3536.04,3273.87,6809.91,15.86,21.26,18.06,1,4,31,8.07,3.3,2.7,0.33,0.00168,f,399,60,7.4
1BT96hCTR13,1,96h_CTR,2020-09-17,14:44:00,0.0,96,0,E,4,39,9.8,168,226,394,2730.07,3353.43,6083.5,16.25,14.84,15.44,1,4,50,9.33,3.1,2.6,0.3,0.00171,f,,60,7.4
1BT96hCTR14,1,96h_CTR,2020-09-17,15:01:10,0.0,96,13,C,5,56,11.2,159,225,384,2332.69,3125.08,5457.77,14.67,13.89,14.21,1,10,4,45.67,3,2.4,0.22,0.00159,f,,60,7.4
1BT96hCTR15,1,96h_CTR,2020-09-17,15:20:10,0.0,96,32,E,28,136,4.9,248,173,421,2851.06,2114.93,4965.99,11.5,12.23,11.8,1,9,23,39.45,3.2,2.5,0.3,0.00192,f,,60,7.4
1BT96hCTR16,1,96h_CTR,2020-09-17,15:39:41,0.0,96,0,C,17,97,5.7,191,235,426,2207.54,2859.09,5066.63,11.56,12.17,11.89,1,12,5,11,3.4,2.7,0.31,0.00157,m,,60,7.4
1BT96h00501,1,96h_0.5,2020-09-18,10:23:44,0.5,96,0,C,33,345,10.5,246,207,453,3645.42,3072,6717.42,14.82,14.84,14.83,1,8,23,31.07,3.2,2.6,0.26,0.00148,m,366,100,7.2
1BT96h00502,1,96h_0.5,2020-09-18,10:41:19,0.5,96,18,C,22,360,16.4,3,396,399,65.74,3852.18,3917.92,21.91,9.73,9.82,2,9,3,36.45,2.9,2.4,0.2,0.00145,m,391,100,7.2
1BT96h00503,1,96h_0.5,2020-09-18,10:58:15,0.5,96,0,C,17,283,16.6,320,101,421,3760.77,1466.72,5227.49,11.75,14.52,12.42,1,8,55,35.33,3.2,2.6,0.28,0.00159,f,,100,7.2
1BT96h00504,1,96h_0.5,2020-09-18,11:15:29,0.5,96,0,C,1,453,453,145,284,429,766.52,2083.14,2849.66,5.29,7.34,6.64,5,1,21,0.35,2.8,2.4,0.18,0.0013,f,,100,7.2
1BT96h00505,1,96h_0.5,2020-09-18,11:32:31,0.5,96,10,C,30,186,6.2,298,150,448,3009.33,1778.4,4787.73,10.1,11.86,10.69,1,8,40,33.33,3.1,2.5,0.24,0.00154,m,,100,7.2
1BT96h00506,1,96h_0.5,2020-09-18,11:53:21,0.5,96,0,C,37,227,6.1,231,199,430,2809.42,2561.44,5370.86,12.16,12.87,12.49,1,2,54,2.8,2.9,2.3,0.21,0.00173,f,,100,7.2
1BT96h00507,1,96h_0.5,2020-09-18,12:11:05,0.5,96,0,C,47,282,6,106,331,437,1506.62,4474.55,5981.17,14.21,13.52,13.69,1,6,44,19.4,3.2,2.9,0.28,0.00115,m,343,100,7.2
1BT96h00508,1,96h_0.5,2020-09-18,12:28:37,0.5,96,0,C,15,332,22.1,218,204,422,2225.87,2313.54,4539.41,10.21,11.34,10.76,1,8,40,33.33,3,2.2,0.21,0.00197,f,431,100,7.2
1BT96h00509,1,96h_0.5,2020-09-18,12:45:08,0.5,96,0,E,33,267,8.1,287,140,427,2574.55,1595.19,4169.74,8.97,11.39,9.77,1,8,41,33.47,3.2,2.7,0.25,0.00127,m,361,100,7.2
1BT96h00510,1,96h_0.5,2020-09-18,13:02:34,0.5,96,0,C,35,244,7,304,118,422,2718.57,1411.94,4130.51,8.94,11.97,9.79,1,4,13,6.87,2.9,2.3,0.19,0.00156,f,,100,7.2
1BT96h00511,1,96h_0.5,2020-09-18,13:19:11,0.5,96,435,C,4,35,8.8,28,374,402,343.11,4701.67,5044.78,12.25,12.57,12.55,2,3,41,5.05,3.4,2.6,0.18,0.00102,m,217,100,7.2
1BT96h00512,1,96h_0.5,2020-09-18,13:44:37,0.5,96,0,C,35,234,,238,193,431,3033.71,2548.32,5582.03,12.75,13.2,12.95,1,8,23,31.07,3.1,2.5,0.28,0.00179,f,281,100,7.2
1BT96h00513,1,96h_0.5,2020-09-18,14:01:44,0.5,96,0,C,31,162,5.2,287,158,445,3803.6,2446.82,6250.42,13.25,15.49,14.05,1,10,20,48.33,3.5,2.9,0.34,0.00139,f,126,100,7.2
1BT96h00514,1,96h_0.5,2020-09-18,14:18:50,0.5,96,0,C,20,383,19.2,126,304,430,1856.1,5206.23,7062.33,14.73,17.13,16.42,1,9,10,37.5,3.1,2.5,0.23,0.00147,m,317,100,7.2
1BT96h00515,1,96h_0.5,2020-09-18,14:37:40,0.5,96,0,C,45,269,6,179,265,444,1945.97,2925.4,4871.37,10.87,11.04,10.97,1,4,33,8.2,3,2.5,0.22,0.00141,m,134,100,7.2
1BT96h00516,1,96h_0.5,2020-09-18,14:56:17,0.5,96,0,C,34,243,7.1,230,174,404,2659.11,2306.31,4965.42,11.56,13.25,12.29,1,8,55,35.33,2.8,2.3,0.18,0.00148,f,96,100,7.2
1BT96h01001,1,96h_1.0,2020-09-25,10:51:58,1.0,96,0,C,14,402,28.7,240,187,427,1289.81,1347.26,2637.07,5.37,7.2,6.18,3,5,21,11.75,3.1,2.6,0.25,0.00142,f,74,120,7.8
1BT96h01002,1,96h_1.0,2020-09-25,11:11:50,1.0,96,0,E,1,475,475,334,80,414,2901.87,979.6,3881.47,8.69,12.25,9.38,2,3,52,5.6,3,2.5,0.19,0.00122,f,,120,7.8
1BT96h01003,1,96h_1.0,2020-09-25,11:28:41,1.0,96,0,C,0,480,480,117,281,398,2191.07,4413.8,6604.87,18.73,15.71,16.6,2,7,37,25.32,3.4,2.7,0.33,0.00168,m,150,120,7.8
1BT96h01004,1,96h_1.0,2020-09-25,11:45:34,1.0,96,8,C,8,459,57.4,305,91,396,3482.22,1569.32,5051.54,11.42,17.25,12.76,2,4,37,8.47,3.3,2.7,0.3,0.00152,f,167,120,7.8
1BT96h01005,1,96h_1.0,2020-09-25,12:03:29,1.0,96,0,C,20,83,4.2,235,66,301,1978.45,981.15,2959.6,8.42,14.87,9.83,1,4,5,6.33,3.7,3,0.41,0.00152,m,88,120,7.8
1BT96h01006,1,96h_1.0,2020-09-25,12:20:17,1.0,96,18,C,0,462,462,391,15,406,3724.07,238.32,3962.39,9.52,15.89,9.76,1,6,2,15.2,2.9,2.3,0.18,0.00148,f,210,120,7.8
1BT96h01007,1,96h_1.0,2020-09-25,12:38:05,1.0,96,0,C,21,95,4.5,363,14,377,3986.18,247.17,4233.35,10.98,17.66,11.23,2,4,7,6.47,3.2,2.6,0.24,0.00137,,142,120,7.8
1BT96h01008,1,96h_1.0,2020-09-25,12:55:37,1.0,96,0,C,6,435,72.5,158,200,358,1463.92,1727.32,3191.24,9.27,8.64,8.91,1,4,55,9.67,3,2.5,0.23,0.00147,f,161,120,7.8
1BT96h01009,1,96h_1.0,2020-09-25,13:13:01,1.0,96,0,C,12,445,37.1,276,107,383,3460.77,1660.6,5121.37,12.54,15.52,13.37,1,5,34,12.83,2.9,2.3,0.17,0.0014,m,,120,7.8
1BT96h01010,1,96h_1.0,2020-09-25,13:31:01,1.0,96,0,E,18,400,22.2,372,6,378,3498,204.8,3702.8,9.4,34.13,9.8,3,4,43,8.87,3,2.4,0.21,0.00152,m,242,120,7.8
1BT96h01011,1,96h_1.0,2020-09-25,13:48:39,1.0,96,0,C,32,365,11.4,356,42,398,3147.84,706.37,3854.21,8.84,16.82,9.68,1,8,20,30.67,3.1,2.5,0.27,0.00173,f,256,120,7.8
1BT96h01012,1,96h_1.0,2020-09-25,14:07:08,1.0,96,0,C,8,443,55.4,240,5,245,3473.79,320.74,3794.53,14.47,64.15,15.49,1,4,16,7.07,3.6,2.9,0.38,0.00156,m,100,120,7.8
1BT96h01013,1,96h_1.0,2020-09-25,14:24:05,1.0,96,0,C,36,127,3.5,359,60,419,4067.99,938.15,5006.14,11.33,15.64,11.95,1,4,55,9.67,3.6,3,0.44,0.00163,m,192,120,7.8
1BT96h01014,1,96h_1.0,2020-09-25,14:44:06,1.0,96,0,C,0,480,480,141,121,262,1503.16,2438.78,3941.94,10.66,20.16,15.05,3,8,22,30.93,2.9,2.3,0.19,0.00156,,116,120,7.8
2BT01hCTR01,2,01h_CTR,2021-08-04,11:21:36,0.0,1,0,C,48,148,3.083333333,222,188,410,3275.5,2993.9,6269.4,14.7545045,15.925,15.33975225,,,,,2.6,2,0.18,,m,,120,7.2
2BT01hCTR02,2,01h_CTR,2021-08-04,11:38:36,0.0,1,0,C,30,214,7.133333333,213,162,375,2480.8,2248.4,4729.2,11.64694836,13.87901235,12.76298035,,,,,2.8,2.3,0.23,,f,,120,7.2
2BT01hCTR03,2,01h_CTR,2021-08-04,11:55:34,0.0,1,0,C,0,480,,431,11,442,2266.3,90.1,2356.4,5.258236659,8.190909091,6.724572875,,,,,2.9,2.4,0.24,,f,,120,7.2
2BT01hCTR04,2,01h_CTR,2021-08-04,12:12:40,0.0,1,0,C,9,60,6.666666667,267,139,406,3778.3,2539.4,6317.7,14.15093633,18.26906475,16.21000054,,,,,2.8,2.4,0.22,,m,,120,7.2
2BT01hCTR05,2,01h_CTR,2021-08-04,12:29:30,0.0,1,0,C,34,216,6.352941176,153,237,390,3138.8,4348.9,7487.7,20.51503268,18.34978903,19.43241085,,,,,2.9,2.4,0.18,,f,,120,7.2
2BT01hCTR06,2,01h_CTR,2021-08-04,12:47:08,0.0,1,0,E,20,89,4.45,207,189,396,3927.2,3986.1,7913.3,18.97198068,21.09047619,20.03122843,,,,,3,2.4,0.24,,f,105,120,7.2
2BT01hCTR07,2,01h_CTR,2021-08-04,13:03:45,0.0,1,0,E,25,122,4.88,243,167,410,4643.6,3917.7,8561.3,19.10946502,23.45928144,21.28437323,,,,,2.7,2,0.15,,m,,120,7.2
2BT01hCTR08,2,01h_CTR,2021-08-04,13:21:19,0.0,1,0,E,10,40,4,204,194,398,2595,2286.1,4881.1,12.72058824,11.78402062,12.25230443,,,,,2.5,2,0.15,,m,,120,7.2
2BT01hCTR09,2,01h_CTR,2021-08-04,13:38:02,0.0,1,0,C,23,343,14.91304348,223,199,422,3650.2,3253.5,6903.7,16.36860987,16.34924623,16.35892805,,,,,2.9,2.2,0.22,,f,,120,7.2
2BT01hCTR10,2,01h_CTR,2021-08-04,13:54:56,0.0,1,0,C,9,251,27.88888889,219,218,437,3343.9,3832,7175.9,15.26894977,17.57798165,16.42346571,,,,,2.8,2.2,0.19,,f,257,120,7.2
2BT01hCTR11,2,01h_CTR,2021-08-04,14:12:27,0.0,1,0,C,17,172,10.11764706,209,185,394,3506.5,3620.1,7126.6,16.77751196,19.56810811,18.17281003,,,,,2.9,2.2,0.24,,f,,120,7.2
2BT01hCTR12,2,01h_CTR,2021-08-04,14:30:01,0.0,1,0,C,15,51,3.4,157,256,413,1750.4,2563.5,4313.9,11.14904459,10.01367188,10.58135823,,,,,3,2.3,0.21,,f,201,120,7.2
2BT01hCTR13,2,01h_CTR,2021-08-04,14:47:20,0.0,1,8,C,9,222,24.66666667,342,100,442,2859.7,1207.5,4067.2,8.361695906,12.075,10.21834795,,,,,2.8,2.2,0.21,,f,182,120,7.2
2BT01hCTR14,2,01h_CTR,2021-08-04,15:04:27,0.0,1,0,E,1,3,3,239,161,400,3137.2,2202.7,5339.9,13.12635983,13.68136646,13.40386315,,,,,,,,,,,120,7.2
2BT01hCTR15,2,01h_CTR,2021-08-04,15:20:58,0.0,1,0,E,3,325,108.3333333,240,145,385,4154.2,2616.6,6770.8,17.30916667,18.04551724,17.67734195,,,,,3.1,2.6,0.24,,f,,120,7.2
2BT01hCTR16,2,01h_CTR,2021-08-04,15:37:59,0.0,1,0,C,10,378,37.8,271,171,442,4302.9,3373,7675.9,15.87785978,19.7251462,17.80150299,,,,,3.1,2.8,0.29,,f,,120,7.2
2BT01h00501,2,01h_0.5,2021-08-05,11:00:07,0.5,1,0,C,34,211,6.205882353,298,80,378,3896,1808.2,5704.2,13.0738255,22.6025,17.83816275,,,,,2.8,2.2,0.18,,m,,120,7.5
2BT01h00502,2,01h_0.5,2021-08-05,11:16:24,0.5,1,0,E,0,0,0,335,64,399,4075.4,1077.3,5152.7,12.16537313,16.8328125,14.49909282,,,,,3.1,2.4,0.29,,m,,120,7.5
2BT01h00503,2,01h_0.5,2021-08-05,11:34:23,0.5,1,0,E,54,251,4.648148148,357,0,357,3761.1,0,3761.1,10.53529412,,10.53529412,,,,,2.6,2.2,0.2,,m,,120,7.5
2BT01h00504,2,01h_0.5,2021-08-05,12:08:38,0.5,1,0,E,0,0,0,279,140,419,2899.1,1652.8,4551.9,10.39103943,11.80571429,11.09837686,,,,,2.9,2.2,0.24,,f,,120,7.5
2BT01h00505,2,01h_0.5,2021-08-05,12:24:33,0.5,1,0,E,44,221,5.022727273,304,100,404,3431.7,1408.7,4840.4,11.28848684,14.087,12.68774342,,,,,3,2.5,0.29,,,,120,7.5
2BT01h00506,2,01h_0.5,2021-08-05,12:41:08,0.5,1,0,C,3,465,155,309,105,414,3549.2,1529,5078.2,11.48608414,14.56190476,13.02399445,,,,,2.9,2.2,0.18,,f,,120,7.5
2BT01h00507,2,01h_0.5,2021-08-05,12:57:37,0.5,1,0,C,17,130,7.647058824,340,51,391,3582.17,801.2,4383.37,10.53579412,15.70980392,13.12279902,,,,,2.8,2.2,0.23,,f,,120,7.5
2BT01h00508,2,01h_0.5,2021-08-05,13:14:20,0.5,1,9,E,34,159,4.676470588,17,0,17,405,0,405,23.82352941,,23.82352941,,,,,3,2.5,0.29,,f,,120,7.5
2BT01h00509,2,01h_0.5,2021-08-05,13:30:49,0.5,1,0,C,30,336,11.2,355,89,444,5276,1650.6,6926.6,14.86197183,18.54606742,16.70401962,,,,,2.8,2.1,0.22,,f,,120,7.5
2BT01h00510,2,01h_0.5,2021-08-05,13:37:24,0.5,1,75,C,22,237,10.77272727,71,0,71,776.8,0,776.8,10.94084507,,10.94084507,,,,,2.8,2.1,0.22,,f,158,120,7.5
2BT01h00511,2,01h_0.5,2021-08-05,14:03:57,0.5,1,0,C,26,354,13.61538462,402,0,402,3938.6,0,3938.6,9.797512438,,9.797512438,,,,,3.4,2.7,0.4,,f,,120,7.5
2BT01h00512,2,01h_0.5,2021-08-05,14:21:02,0.5,1,0,C,41,196,4.780487805,221,196,417,3586.8,3083.4,6670.2,16.22986425,15.73163265,15.98074845,,,,,3.2,2.6,0.35,,f,,120,7.5
2BT01h00513,2,01h_0.5,2021-08-05,14:47:02,0.5,1,0,C,54,239,4.425925926,114,0,114,1327.8,0,1327.8,11.64736842,,11.64736842,,,,,3.3,2.6,0.35,,f,,120,7.5
2BT01h00514,2,01h_0.5,2021-08-05,15:03:39,0.5,1,4,C,8,380,47.5,202,223,425,3149.7,3715.5,6865.2,15.59257426,16.66143498,16.12700462,,,,,3.1,2.4,0.27,,m,,120,7.5
2BT01h00515,2,01h_0.5,2021-08-05,15:20:01,0.5,1,0,C,25,248,9.92,372,31,403,5537.4,644,6181.4,14.88548387,20.77419355,17.82983871,,,,,3.2,2.6,0.34,,f,,120,7.5
2BT01h00516,2,01h_0.5,2021-08-05,15:36:13,0.5,1,0,C,0,480,480,401,0,401,5628.4,0,5628.4,14.03591022,,14.03591022,,,,,2.8,2.2,0.22,,m,,120,7.5
2BT01h01001,2,01h_1.0,2021-08-06,10:18:33,1.0,1,10,C,33,288,8.727272727,381,35,416,4221.7,702.25,4923.95,11.08057743,20.06428571,15.57243157,,,,,3.5,2.7,0.31,,m,,120,7.6
2BT01h01002,2,01h_1.0,2021-08-06,10:34:51,1.0,1,0,C,25,96,3.84,380,57,437,3984.3,82,4066.3,10.485,1.438596491,5.961798246,,,,,2.7,2.1,0.23,,m,,120,7.6
2BT01h01003,2,01h_1.0,2021-08-06,10:51:29,1.0,1,0,C,31,222,7.161290323,198,0,198,1519.92,0,1519.92,7.676363636,,7.676363636,,,,,3.6,2.8,0.44,,f,,120,7.6
2BT01h01004,2,01h_1.0,2021-08-06,11:08:22,1.0,1,0,C,12,441,36.75,172,227,399,3817.3,4069.36,7886.66,22.19360465,17.92669604,20.06015034,,,,,2.9,2.1,0.23,,f,285,120,7.6
2BT01h01005,2,01h_1.0,2021-08-06,11:24:50,1.0,1,0,C,30,425,14.16666667,39,373,412,759.19,7406.93,8166.12,19.46641026,19.85772118,19.66206572,,,,,2.6,2.1,0.21,,f,,120,7.6
2BT01h01006,2,01h_1.0,2021-08-06,11:41:11,1.0,1,0,C,125,253,2.024,175,223,398,5482.44,7255.86,12738.3,31.32822857,32.53748879,31.93285868,,,,,3.1,2.4,0.23,,f,,120,7.6
2BT01h01007,2,01h_1.0,2021-08-06,11:58:17,1.0,1,0,E,0,0,,164,0,164,1530.01,0,1530.01,9.329329268,,9.329329268,,,,,3.1,2.6,0.34,,f,346,120,7.6
2BT01h01008,2,01h_1.0,2021-08-06,12:16:17,1.0,1,0,C,13,391,30.07692308,374,0,374,4678.7,0,4678.7,12.50989305,,12.50989305,,,,,2.7,2.1,0.17,,m,,120,7.6
2BT01h01009,2,01h_1.0,2021-08-06,12:33:34,1.0,1,0,C,16,111,6.9375,87,0,87,1009.9,0,1009.9,11.60804598,,11.60804598,,,,,2.8,2.1,0.22,,m,207,120,7.6
2BT01h01010,2,01h_1.0,2021-08-06,12:52:41,1.0,1,11,C,0,480,480,141,121,262,3718.42,3364.37,7082.79,26.37177305,27.80471074,27.0882419,,,,,3,2.3,0.24,,m,,120,7.6
2BT01h01011,2,01h_1.0,2021-08-06,13:09:35,1.0,1,358,C,0,122,122,212,0,212,2672.23,0,2672.23,12.60485849,,12.60485849,,,,,2.8,2.2,0.26,,f,,120,7.6
2BT01h01012,2,01h_1.0,2021-08-06,13:26:07,1.0,1,0,C,28,367,13.10714286,16,2,18,212.99,12.28,225.27,13.311875,6.14,9.7259375,,,,,2.9,2.2,0.21,,f,391,120,7.6
2BT01h01013,2,01h_1.0,2021-08-06,13:42:33,1.0,1,0,C,75,307,4.093333333,108,6,114,2046.04,98.72,2144.76,18.94481481,16.45333333,17.69907407,,,,,3,2.3,0.25,,f,,120,7.6
2BT01h01014,2,01h_1.0,2021-08-06,13:59:03,1.0,1,0,E,53,348,6.566037736,199,130,329,3798.46,3209.37,7007.83,19.08773869,24.68746154,21.88760012,,,,,3.3,2.6,0.34,,f,,120,7.6
2BT01h01015,2,01h_1.0,2021-08-06,14:15:35,1.0,1,0,C,37,134,3.621621622,128,1,129,1544.87,6.52,1551.39,12.06929688,6.52,9.294648438,,,,,2.9,2.4,0.24,,m,,120,7.6
2BT01h01016,2,01h_1.0,2021-08-06,14:32:46,1.0,1,0,C,43,378,8.790697674,272,154,426,4261.34,2821.38,7082.72,15.66669118,18.32064935,16.99367026,,,,,2.6,1.9,0.16,,m,,120,7.6
2BT24hCTR01,2,24h_CTR,2021-08-10,11:31:07,0.0,24,0,C,0,480,480,115,0,115,896.96,0,896.96,7.799652174,,7.799652174,,,,,3,2.4,0.21,,f,,110,7.3
2BT24hCTR02,2,24h_CTR,2021-08-10,11:47:28,0.0,24,0,E,0,0,,229,177,406,3748.24,3390.78,7139.02,16.36786026,19.15694915,17.76240471,,,,,2.7,2.1,0.2,,m,,110,7.3
2BT24hCTR03,2,24h_CTR,2021-08-10,12:04:24,0.0,24,0,E,9,193,21.44444444,286,134,420,3569.95,2226.69,5796.64,12.48234266,16.61708955,14.5497161,,,,,2.9,2.4,0.18,,m,,110,7.3
2BT24hCTR04,2,24h_CTR,2021-08-10,12:21:14,0.0,24,0,C,0,480,480,179,215,394,1846.44,2437.15,4283.59,10.31530726,11.3355814,10.82544433,,,,,2.6,2,0.16,,m,,110,7.3
2BT24hCTR05,2,24h_CTR,2021-08-10,12:37:40,0.0,24,0,C,7,178,25.42857143,85,297,382,2138,5781.3,7919.3,25.15294118,19.46565657,22.30929887,,,,,2.6,2,0.16,,m,,110,7.3
2BT24hCTR06,2,24h_CTR,2021-08-10,12:54:02,0.0,24,0,E,22,214,9.727272727,126,161,287,2175.03,2799.66,4974.69,17.26214286,17.38919255,17.3256677,,,,,2.6,2,0.13,,m,,110,7.3
2BT24hCTR07,2,24h_CTR,2021-08-10,13:11:38,0.0,24,0,C,20,236,11.8,275,154,429,2524.61,1883.11,4407.72,9.1804,12.22798701,10.70419351,,,,,3.1,2.4,0.18,,m,,110,7.3
2BT24hCTR08,2,24h_CTR,2021-08-10,13:29:01,0.0,24,0,E,9,50,5.555555556,179,116,295,2574.8,2227.68,4802.48,14.38435754,19.20413793,16.79424774,,,,,3,2.3,0.2,,f,,110,7.3
2BT24hCTR09,2,24h_CTR,2021-08-10,13:46:06,0.0,24,0,C,25,134,5.36,198,216,414,3384.81,4082.19,7467,17.095,18.89902778,17.99701389,,,,,3.3,2.7,0.32,,f,74,110,7.3
2BT24hCTR10,2,24h_CTR,2021-08-10,14:02:38,0.0,24,0,C,21,305,14.52380952,257,132,389,3328.71,2622.81,5951.52,12.95217899,19.86977273,16.41097586,,,,,2.8,2.1,0.22,,f,,110,7.3
2BT24hCTR11,2,24h_CTR,2021-08-10,14:18:52,0.0,24,0,C,28,248,8.857142857,279,112,391,3322.86,1793.62,5116.48,11.90989247,16.01446429,13.96217838,,,,,2.9,2.1,0.17,,f,,110,7.3
2BT24hCTR12,2,24h_CTR,2021-08-10,14:35:29,0.0,24,0,E,13,78,6,269,126,395,4768.79,2886.98,7655.77,17.72784387,22.91253968,20.32019177,,,,,3.3,2.5,0.26,,m,,110,7.3
2BT24hCTR13,2,24h_CTR,2021-08-10,14:51:50,0.0,24,0,E,36,165,4.583333333,255,158,413,3636.85,3217.16,6854.01,14.26215686,20.36177215,17.31196451,,,,,2.7,2.2,0.21,,f,,110,7.3
2BT24hCTR14,2,24h_CTR,2021-08-10,15:09:13,0.0,24,0,E,22,242,11,168,139,307,2542.46,2168.32,4710.78,15.13369048,15.59942446,15.36655747,,,,,2.7,2.1,0.15,,f,,110,7.3
2BT24hCTR15,2,24h_CTR,2021-08-10,15:25:56,0.0,24,0,C,29,187,6.448275862,139,198,337,2253.66,3457.22,5710.88,16.21338129,17.46070707,16.83704418,,,,,2.9,2.3,0.22,,m,84,110,7.3
2BT24hCTR16,2,24h_CTR,2021-08-10,15:42:25,0.0,24,0,E,1,421,421,143,225,368,2047.62,2672.56,4720.18,14.31902098,11.87804444,13.09853271,,,,,2.6,2,0.15,,f,,110,7.3
2BT24h00501,2,24h_0.5,2021-08-11,10:00:30,0.5,24,13,C,16,444,27.75,,,,,,,,,,,,,,2.5,2,0.17,,m,,110,7.5
2BT24h00502,2,24h_0.5,2021-08-11,10:16:34,0.5,24,7,E,11,397,36.09090909,163,259,,1937,3228,5165,11.88343558,12.46332046,12.17337802,,,,,3.2,2.5,0.38,,f,65,110,7.5
2BT24h00503,2,24h_0.5,2021-08-11,10:35:12,0.5,24,288,C,2,182,91,0,0,0,0,0,0,0,,0,,,,,2.4,1.9,0.15,,m,,110,7.5
2BT24h00504,2,24h_0.5,2021-08-11,10:51:51,0.5,24,8,C,2,421,210.5,0,435,435,0,2636,2636,,6.059770115,6.059770115,,,,,2.6,1.9,0.14,,m,,110,7.5
2BT24h00505,2,24h_0.5,2021-08-11,11:08:24,0.5,24,0,C,1,12,12,0,354,354,0,2930,2930,,8.276836158,8.276836158,,,,,2.7,2.1,0.19,,m,,110,7.5
2BT24h00506,2,24h_0.5,2021-08-11,11:24:50,0.5,24,0,E,0,0,,19,406,425,302,5034,5336,15.89473684,12.39901478,14.14687581,,,,,3,2.4,0.25,,m,,110,7.5
2BT24h00507,2,24h_0.5,2021-08-11,11:41:05,0.5,24,0,C,17,390,22.94117647,34,379,413,395,3612,4007,11.61764706,9.530343008,10.57399503,,,,,2.8,2.3,0.2,,f,,110,7.5
2BT24h00508,2,24h_0.5,2021-08-11,11:57:56,0.5,24,8,E,32,147,4.59375,145,290,435,2401,3975,6376,16.55862069,13.70689655,15.13275862,,,,,3.4,2.7,0.38,,f,75,110,7.5
2BT24h00509,2,24h_0.5,2021-08-11,12:14:22,0.5,24,10,C,0,470,470,0,440,440,0,4763,4763,,10.825,10.825,,,,,2.7,2.1,0.17,,m,,110,7.5
2BT24h00510,2,24h_0.5,2021-08-11,12:31:33,0.5,24,0,C,4,474,118.5,0,440,440,0,4085,4085,,9.284090909,9.284090909,,,,,3.1,2.4,0.27,,f,129,110,7.5
2BT24h00511,2,24h_0.5,2021-08-11,12:47:54,0.5,24,0,E,0,0,,54,318,372,562,2713,3275,10.40740741,8.531446541,9.469426974,,,,,3.1,1.4,0.16,,m,,110,7.5
2BT24h00512,2,24h_0.5,2021-08-11,13:04:10,0.5,24,0,E,10,394,39.4,96,319,415,1045,3650,4695,10.88541667,11.44200627,11.16371147,,,,,2.7,2.1,0.15,,m,,110,7.5
2BT24h00513,2,24h_0.5,2021-08-11,13:20:45,0.5,24,0,E,0,0,,31,246,277,366,2696,3062,11.80645161,10.95934959,11.3829006,,,,,2.8,2.2,0.17,,m,,110,7.5
2BT24h00514,2,24h_0.5,2021-08-11,13:37:14,0.5,24,0,E,13,368,28.30769231,101,342,443,1358,3880,5238,13.44554455,11.34502924,12.3952869,,,,,3.6,2.9,0.46,,f,105,110,7.5
2BT24h00515,2,24h_0.5,2021-08-11,13:53:56,0.5,24,0,C,0,480,480,0,443,443,0,4408,4408,,9.9503386,9.9503386,,,,,2.9,2.2,0.24,,f,,110,7.5
2BT24h00516,2,24h_0.5,2021-08-11,14:10:18,0.5,24,0,C,10,425,42.5,0,350,350,0,3190,3190,,9.114285714,9.114285714,,,,,2.3,1.9,0.16,,m,,110,7.5
2BT24h01001,2,24h_1.0,2021-12-19,12:09:51,1.0,24,0,E,18,116,6.444444444,237,93,330,3415,1794,5209,14.4092827,19.29032258,16.84980264,,,,,3.9,3.6,0.45,,f,,100,7.6
2BT24h01002,2,24h_1.0,2021-12-19,12:28:15,1.0,24,0,C,58,257,4.431034483,416,1,417,4940,24,4964,11.875,24,17.9375,,,,,3.4,2.8,0.37,,f,99,100,7.6
2BT24h01003,2,24h_1.0,2021-12-19,12:45:16,1.0,24,411,C,0,69,69,68,39,107,1042,1045,2087,15.32352941,26.79487179,21.0592006,,,,,3.9,3.2,0.49,,f,85,100,7.6
2BT24h01004,2,24h_1.0,2021-12-19,13:05:33,1.0,24,0,C,55,412,7.490909091,268,57,325,4492,1393,5885,16.76119403,24.43859649,20.59989526,,,,,3.8,3.2,0.39,,m,66,100,7.6
2BT24h01005,2,24h_1.0,2021-12-19,13:22:35,1.0,24,0,E,14,366,26.14285714,370,7,377,3723,101,3824,10.06216216,14.42857143,12.2453668,,,,,3.2,2.6,0.33,,f,205,100,7.6
2BT24h01006,2,24h_1.0,2021-12-19,13:39:12,1.0,24,0,C,39,274,7.025641026,270,144,414,3786,2335,6121,14.02222222,16.21527778,15.11875,,,,,3.5,2.8,0.43,,f,266,100,7.6
2BT24h01007,2,24h_1.0,2021-12-19,13:57:19,1.0,24,0,E,66,398,6.03030303,272,37,309,3100,802,3902,11.39705882,21.67567568,16.53636725,,,,,3.5,2.8,0.37,,m,207,100,7.6
2BT24h01008,2,24h_1.0,2021-12-19,14:14:06,1.0,24,42,C,3,411,137,16,3,19,230,85,315,14.375,28.33333333,21.35416667,,,,,3.2,2.6,0.23,,m,113,100,7.6
2BT24h01009,2,24h_1.0,2021-12-19,14:30:38,1.0,24,0,C,12,355,29.58333333,49,0,49,610,0,610,12.44897959,,12.44897959,,,,,3.3,2.6,0.29,,m,103,100,7.6
2BT24h01010,2,24h_1.0,2021-12-19,14:47:09,1.0,24,0,C,24,290,12.08333333,318,84,402,4041,1774,5815,12.70754717,21.11904762,16.91329739,,,,,3,2.4,0.26,,m,,100,7.6
2BT24h01011,2,24h_1.0,2021-12-19,15:03:40,1.0,24,0,C,36,276,7.666666667,306,84,390,3970,1654,5624,12.97385621,19.69047619,16.3321662,,,,,3.4,2.6,0.26,,m,,100,7.6
2BT24h01012,2,24h_1.0,2021-12-19,15:19:54,1.0,24,0,C,24,400,16.66666667,106,0,106,1537,0,1537,14.5,,14.5,,,,,3.7,3,0.41,,f,60,100,7.6
2BT96hCTR01,2,96h_CTR,2021-08-20,11:58:47,0.0,96,5,C,13,285.8,21.98461538,172,255,427,942,1345,2287,5.476744186,5.274509804,5.375626995,,,,,3,2.3,0.25,,f,,110,7.3
2BT96hCTR02,2,96h_CTR,2021-08-20,12:14:45,0.0,96,0,C,25,278.9,11.156,132,209,341,2528,3740,6268,19.15151515,17.89473684,18.523126,,,,,2.8,2.2,0.18,,m,,110,7.3
2BT96hCTR03,2,96h_CTR,2021-08-20,12:31:07,0.0,96,0,C,17,400.3,23.54705882,163,223,386,5385,6571,11956,33.03680982,29.46636771,31.25158876,,,,,2.9,2.3,0.25,,f,,110,7.3
2BT96hCTR04,2,96h_CTR,2021-08-26,11:39:23,0.0,96,0,E,20,175.3,8.765,136,103,239,1985,1678,3663,14.59558824,16.29126214,15.44342519,,,,,3,2.4,0.25,,m,184,110,7.3
2BT96hCTR05,2,96h_CTR,2021-08-26,11:55:46,0.0,96,0,C,30,193,6.433333333,173,219,392,2129,2799,4928,12.30635838,12.78082192,12.54359015,,,,,2.4,1.9,0.11,,m,,110,7.3
2BT96hCTR06,2,96h_CTR,2021-08-26,12:15:18,0.0,96,0,C,19,173.3,9.121052632,212,210,422,3068,3590,6658,14.47169811,17.0952381,15.7834681,,,,,3,2.2,0.18,,f,,110,7.3
2BT96hCTR07,2,96h_CTR,2021-08-26,12:32:02,0.0,96,9,C,30,162.05,5.401666667,349,72,421,3378,1022,4400,9.679083095,14.19444444,11.93676377,,,,,3,2.3,0.25,,f,223,110,7.3
2BT96hCTR08,2,96h_CTR,2021-08-26,12:48:12,0.0,96,0,E,18,45.3,2.516666667,231,122,353,2780,1971,4751,12.03463203,16.1557377,14.09518487,,,,,2.6,2.1,0.16,,m,,110,7.3
2BT96hCTR09,2,96h_CTR,2021-08-26,13:04:51,0.0,96,0,C,2,470.8,235.4,280,143,423,3202,1575,4777,11.43571429,11.01398601,11.22485015,,,,,3.6,2.6,0.41,,f,156,110,7.3
2BT96hCTR10,2,96h_CTR,2021-08-26,13:21:06,0.0,96,0,C,21,138.4,6.59047619,224,171,395,4573,4448,9021,20.41517857,26.01169591,23.21343724,,,,,3.4,2.9,0.37,,f,84,110,7.3
2BT96hCTR11,2,96h_CTR,2021-08-26,13:37:44,0.0,96,7,C,13,259.2,19.93846154,297,96,393,2763,1147,3910,9.303030303,11.94791667,10.62547348,,,,,2.7,2.2,0.17,,m,,110,7.3
2BT96hCTR12,2,96h_CTR,2021-08-26,13:53:54,0.0,96,0,C,41,145.75,3.554878049,167,234,401,2341,3158,5499,14.01796407,13.4957265,13.75684528,,,,,3.1,2.6,0.25,,f,,110,7.3
2BT96hCTR13,2,96h_CTR,2021-08-26,14:12:12,0.0,96,0,C,7,49.25,7.035714286,234,96,330,4924,2862,7786,21.04273504,29.8125,25.42761752,,,,,2.9,2.3,0.24,,m,,110,7.3
2BT96hCTR14,2,96h_CTR,2021-08-26,14:28:40,0.0,96,0,C,54,238.35,4.413888889,206,171,377,2859,2537,5396,13.87864078,14.83625731,14.35744904,,,,,2.7,2.1,0.24,,f,,110,7.3
2BT96hCTR15,2,96h_CTR,2021-08-26,14:51:34,0.0,96,0,C,27,244.6,9.059259259,238,146,384,3831,2445,6276,16.09663866,16.74657534,16.421607,,,,,2.9,2.3,0.19,,m,,110,7.3
2BT96hCTR16,2,96h_CTR,2021-08-26,15:08:12,0.0,96,0,C,25,84.35,3.374,157,224,381,2087,4092,6179,13.29299363,18.26785714,15.78042539,,,,,2.9,2.4,0.18,,m,,110,7.3
2BT96h00501,2,96h_0.5,2021-08-21,11:10:45,0.5,96,4,C,3,420.75,140.25,230,141,371,3931,3187,7118,17.09130435,22.60283688,19.84707061,,,,,3.1,2.5,0.22,,m,,,
2BT96h00502,2,96h_0.5,2021-08-21,11:28:15,0.5,96,0,C,30,254.6,8.486666667,236,185,421,3459,3327,6786,14.65677966,17.98378378,16.32028172,,,,,2.7,2.2,0.18,,m,,,
2BT96h00503,2,96h_0.5,2021-08-21,11:44:48,0.5,96,0,C,46,274.6,5.969565217,111,282,393,1801,5596,7397,16.22522523,19.84397163,18.03459843,,,,,3,2.3,0.19,,m,,,
2BT96h00504,2,96h_0.5,2021-08-21,12:01:55,0.5,96,6,C,0,474.2,474,237,172,409,3030,2464,5494,12.78481013,14.3255814,13.55519576,,,,,2.7,2.1,0.2,,f,36,,
2BT96h00505,2,96h_0.5,2021-08-21,12:18:55,0.5,96,0,C,10,444.2,44.42,206,227,433,2440,2699,5139,11.84466019,11.88986784,11.86726402,,,,,3.2,2.6,0.27,,f,208,,
2BT96h00506,2,96h_0.5,2021-08-21,12:35:25,0.5,96,0,C,39,102.25,2.621794872,199,219,418,2520,3294,5814,12.66331658,15.04109589,13.85220624,,,,,3,2.3,0.26,,m,,,
2BT96h00507,2,96h_0.5,2021-08-21,12:52:00,0.5,96,6,C,10,440.45,44.045,225,198,423,2637,3006,5643,11.72,15.18181818,13.45090909,,,,,3.1,2.5,0.23,,m,,,
2BT96h00508,2,96h_0.5,2021-08-21,13:08:16,0.5,96,0,C,17,363.65,21.39117647,248,197,445,2675,2756,5431,10.78629032,13.98984772,12.38806902,,,,,3.3,2.7,0.33,,f,251,,
2BT96h00509,2,96h_0.5,2021-08-21,13:24:47,0.5,96,0,C,29,103.65,3.574137931,177,208,385,2258,3193,5451,12.75706215,15.35096154,14.05401184,,,,,3.1,2.3,0.23,,m,,,
2BT96h00510,2,96h_0.5,2021-08-21,13:41:05,0.5,96,0,C,16,258.25,16.140625,307,129,436,3655,1856,5511,11.90553746,14.3875969,13.14656718,,,,,3.3,2.8,0.36,,f,123,,
2BT96h00511,2,96h_0.5,2021-08-21,13:57:57,0.5,96,184,C,2,291.35,145.675,193,240,433,2750,3473,6223,14.24870466,14.47083333,14.359769,,,,,3,2.4,0.23,,f,,,
2BT96h00512,2,96h_0.5,2021-08-21,14:15:17,0.5,96,0,C,45,340.55,7.567777778,209,201,410,2925,3150,6075,13.99521531,15.67164179,14.83342855,,,,,3.1,2.5,0.25,,f,264,,
2BT96h00513,2,96h_0.5,2021-08-21,14:33:27,0.5,96,7,C,50,174.8,3.496,147,283,430,2403,4270,6673,16.34693878,15.08833922,15.717639,,,,,3,2.3,0.25,,m,112,,
2BT96h00514,2,96h_0.5,2021-08-21,14:49:50,0.5,96,0,C,33,73.25,2.21969697,253,161,414,3465,2817,6282,13.69565217,17.49689441,15.59627329,,,,,3,2.4,0.22,,m,,,
2BT96h00515,2,96h_0.5,2021-08-21,15:06:30,0.5,96,0,C,12,391.75,32.64583333,138,283,421,1996,3972,5968,14.46376812,14.03533569,14.2495519,,,,,2.7,2.3,0.18,,m,,,
2BT96h00516,2,96h_0.5,2021-08-21,15:35:48,0.5,96,9,C,38,226.1,5.95,180,187,367,2035,2598,4633,11.30555556,13.89304813,12.59930184,,,,,2.7,2.2,0.16,,f,,,
2BT96h01001,2,96h_1.0,2021-08-22,11:53:55,1.0,96,0,C,0,480,480,357,44,401,2331,622,2953,6.529411765,14.13636364,10.3328877,,,,,2.7,2.1,0.16,,m,,,
2BT96h01002,2,96h_1.0,2021-08-22,12:11:11,1.0,96,0,E,13,318.15,24.47307692,349,65,414,2822,1008,3830,8.085959885,15.50769231,11.7968261,,,,,2.6,2,0.18,,f,,,
2BT96h01003,2,96h_1.0,2021-08-22,12:28:09,1.0,96,0,C,8,464.9,58.1125,319,91,410,3427,1545,4972,10.74294671,16.97802198,13.86048434,,,,,2.9,2.2,0.18,,f,,,
2BT96h01004,2,96h_1.0,2021-08-22,12:44:35,1.0,96,0,C,0,480,480,0,458,458,0,3796,3796,,8.288209607,8.288209607,,,,,3,2.4,0.22,,m,,,
2BT96h01005,2,96h_1.0,2021-08-22,13:01:05,1.0,96,12,E,32,209.65,6.5515625,186,193,379,1767,1681,3448,9.5,8.70984456,9.10492228,,,,,2.7,2,0.17,,f,,,
2BT96h01006,2,96h_1.0,2021-08-22,13:18:03,1.0,96,10,C,29,207.7,7.162068966,157,240,397,2842,4143,6985,18.10191083,17.2625,17.68220541,,,,,2.9,2.4,0.23,,f,,,
2BT96h01007,2,96h_1.0,2021-08-22,13:34:20,1.0,96,22,E,11,246.4,22.4,237,172,409,2080,1912,3992,8.776371308,11.11627907,9.946325189,,,,,2.9,2.1,0.22,,f,107,,
2BT96h01008,2,96h_1.0,2021-08-22,13:50:47,1.0,96,0,C,0,480,480,368,52,420,3336,632,3968,9.065217391,12.15384615,10.60953177,,,,,2.9,2.2,0.25,,f,,,
2BT96h01009,2,96h_1.0,2021-08-22,14:07:59,1.0,96,15,C,11,414.8,37.70909091,248,134,382,2768,1879,4647,11.16129032,14.02238806,12.59183919,,,,,2.9,2.2,0.22,,m,,,
2BT96h01010,2,96h_1.0,2021-08-22,14:25:24,1.0,96,12,C,14,438.4,31.31428571,100,341,441,1364,4094,5458,13.64,12.0058651,12.82293255,,,,,3.4,2.7,0.36,,f,89,,
2BT96h01011,2,96h_1.0,2021-08-22,14:42:01,1.0,96,0,C,0,480,480,111,224,335,1544,2754,4298,13.90990991,12.29464286,13.10227638,,,,,2.6,1.9,0.13,,m,,,
2BT96h01012,2,96h_1.0,2021-08-22,14:58:16,1.0,96,0,C,6,457.5,76.25,184,224,408,1809,2528,4337,9.831521739,11.28571429,10.55861801,,,,,2.8,2.1,0.2,,m,,,
2BT96h01013,2,96h_1.0,2021-08-22,15:14:41,1.0,96,0,C,0,480,480,175,251,426,2111,3357,5468,12.06285714,13.37450199,12.71867957,,,,,3.7,2.4,0.26,,m,361,,
2BT96h01014,2,96h_1.0,2021-08-22,15:31:01,1.0,96,480,,,,,0,0,0,0,0,0,0,,0,,,,,,,,,,,,
2BT96h01015,2,96h_1.0,2021-08-22,15:47:10,1.0,96,0,C,2,473.1,236.55,194,204,398,1944,2210,4154,10.02061856,10.83333333,10.42697595,,,,,2.6,2,0.16,,m,,,
2BT96h01016,2,96h_1.0,2021-08-22,16:03:46,1.0,96,14,E,25,200.65,8.026,214,192,406,1822,1646,3468,8.514018692,8.572916667,8.543467679,,,,,2.9,2.2,0.16,,f,,,
3BT01hCTR01,3,01h_CTR,,,0.0,1,,,,,,,,,,,,,,,1,6,17,,3.2,2.7,0.32,1.62577,,,,
3BT01hCTR02,3,01h_CTR,,,0.0,1,,,,,,,,,,,,,,,2,2,18,,3.4,2.7,0.29,1.47335,m,142,,
3BT01hCTR03,3,01h_CTR,,,0.0,1,,,,,,,,,,,,,,,1,4,33,,3.6,2.4,0.18,1.30208,f,,,
3BT01hCTR04,3,01h_CTR,,,0.0,1,,,,,,,,,,,,,,,3,4,3,,3.5,2.7,0.27,1.37174,,396,,
3BT01hCTR05,3,01h_CTR,,,0.0,1,,,,,,,,,,,,,,,1,6,32,,3.5,2.9,0.36,1.47608,f,,,
3BT01hCTR06,3,01h_CTR,,,0.0,1,,,,,,,,,,,,,,,2,3,16,,3.6,2.9,0.37,1.51708,f,,,
3BT01hCTR07,3,01h_CTR,,,0.0,1,,,,,,,,,,,,,,,1,7,0,,3.2,2.5,0.27,1.728,m,,,
3BT01hCTR08,3,01h_CTR,,,0.0,1,,,,,,,,,,,,,,,1,6,15,,3.8,2.8,0.33,1.50328,f,43,,
3BT01hCTR09,3,01h_CTR,,,0.0,1,,,,,,,,,,,,,,,1,8,30,,3.7,2.8,0.37,1.6855,f,137,,
3BT01hCTR10,3,01h_CTR,,,0.0,1,,,,,,,,,,,,,,,1,4,45,,3.4,2.7,0.33,1.67657,f,,,
3BT01hCTR11,3,01h_CTR,,,0.0,1,,,,,,,,,,,,,,,1,6,49,,3,2.5,0.23,1.472,m,,,
3BT01hCTR12,3,01h_CTR,,,0.0,1,,,,,,,,,,,,,,,1,6,50,,3.4,2.7,0.28,1.42255,f,,,
3BT01hCTR13,3,01h_CTR,,,0.0,1,,,,,,,,,,,,,,,1,4,14,,3,2.4,0.21,1.5191,m,142,,
3BT01hCTR14,3,01h_CTR,,,0.0,1,,,,,,,,,,,,,,,1,10,37,,3.3,2.7,0.26,1.32094,m,152,,
3BT01hCTR15,3,01h_CTR,,,0.0,1,,,,,,,,,,,,,,,1,6,0,,3.6,3.1,0.38,1.27555,f,165,,
3BT01hCTR16,3,01h_CTR,,,0.0,1,,,,,,,,,,,,,,,1,7,5,,3.1,2.5,0.24,,m,327,,
3BT01h00501,3,01h_0.5,,,0.5,1,,,,,,,,,,,,,,,1,6,26,,3.4,2.4,0.28,,m,,,
3BT01h00502,3,01h_0.5,,,0.5,1,,,,,,,,,,,,,,,2,6,48,,3.3,2.6,0.27,,m,,,
3BT01h00503,3,01h_0.5,,,0.5,1,,,,,,,,,,,,,,,3,9,7,,3.5,2.9,0.43,,f,161,,
3BT01h00504,3,01h_0.5,,,0.5,1,,,,,,,,,,,,,,,2,6,38,,3.4,2.7,0.28,,m,322,,
3BT01h00505,3,01h_0.5,,,0.5,1,,,,,,,,,,,,,,,1,7,47,,3.1,2.5,0.28,,m,,,
3BT01h00506,3,01h_0.5,,,0.5,1,,,,,,,,,,,,,,,1,6,31,,3.3,2.6,0.28,,,,,
3BT01h00507,3,01h_0.5,,,0.5,1,,,,,,,,,,,,,,,1,5,47,,3.1,2.5,0.18,,m,102,,
3BT01h00508,3,01h_0.5,,,0.5,1,,,,,,,,,,,,,,,2,8,33,,3.9,3.2,0.49,,f,324,,
3BT01h00509,3,01h_0.5,,,0.5,1,,,,,,,,,,,,,,,2,5,12,,3.1,2.5,0.3,,f,,,
3BT01h00510,3,01h_0.5,,,0.5,1,,,,,,,,,,,,,,,1,2,31,,3.9,3.2,0.62,,f,384,,
3BT01h00511,3,01h_0.5,,,0.5,1,,,,,,,,,,,,,,,1,2,26,,3.4,2.7,0.33,,f,,,
3BT01h00512,3,01h_0.5,,,0.5,1,,,,,,,,,,,,,,,1,2,29,,3.3,2.7,0.31,,m,,,
3BT01h00513,3,01h_0.5,,,0.5,1,,,,,,,,,,,,,,,1,7,20,,3.5,2.5,0.46,,f,,,
3BT01h00514,3,01h_0.5,,,0.5,1,,,,,,,,,,,,,,,1,4,28,,3.4,2.5,0.4,,f,432,,
3BT01h00515,3,01h_0.5,,,0.5,1,,,,,,,,,,,,,,,1,3,31,,3.5,2.7,0.39,,m,,,
3BT01h00516,3,01h_0.5,,,0.5,1,,,,,,,,,,,,,,,1,6,35,,3.4,2.6,0.58,,f,306,,
3BT01h01001,3,01h_1.0,,,1,1,,,,,,,,,,,,,,,2,3,43,,3.1,2.6,0.26,,m,101,,
3BT01h01002,3,01h_1.0,,,1,1,,,,,,,,,,,,,,,2,6,30,,3.8,3.1,0.58,,f,204,,
3BT01h01003,3,01h_1.0,,,1,1,,,,,,,,,,,,,,,4,5,18,,3.2,2.6,0.31,,m,114,,
3BT01h01004,3,01h_1.0,,,1,1,,,,,,,,,,,,,,,1,3,50,,3.5,2.9,0.36,,m,67,,
3BT01h01005,3,01h_1.0,,,1,1,,,,,,,,,,,,,,,1,6,8,,3.8,3,0.58,,f,,,
3BT01h01006,3,01h_1.0,,,1,1,,,,,,,,,,,,,,,4,6,26,,3.7,3.1,0.47,,,287,,
3BT01h01007,3,01h_1.0,,,1,1,,,,,,,,,,,,,,,5,1,9,,3.1,2.5,0.2,,m,,,
3BT01h01008,3,01h_1.0,,,1,1,,,,,,,,,,,,,,,5,1,14,,3.5,2.5,0.31,,m,147,,
3BT01h01009,3,01h_1.0,,,1,1,,,,,,,,,,,,,,,5,1,59,,3.1,2.6,0.31,,m,135,,
3BT01h01010,3,01h_1.0,,,1,1,,,,,,,,,,,,,,,5,1,14,,3.3,2.8,0.29,,f,132,,
3BT01h01011,3,01h_1.0,,,1,1,,,,,,,,,,,,,,,3,2,41,,3.5,2.8,0.32,,f,198,,
3BT01h01012,3,01h_1.0,,,1,1,,,,,,,,,,,,,,,2,5,7,,3.2,2.6,0.26,,m,109,,
3BT01h01013,3,01h_1.0,,,1,1,,,,,,,,,,,,,,,5,1,14,,3.2,2.6,0.25,,m,69,,
3BT01h01014,3,01h_1.0,,,1,1,,,,,,,,,,,,,,,1,4,54,,3.4,2.7,0.27,,,38,,
3BT01h01015,3,01h_1.0,,,1,1,,,,,,,,,,,,,,,,,,,,,,,,,,
3BT01h01016,3,01h_1.0,,,1,1,,,,,,,,,,,,,,,3,3,11,,2.5,1.9,0.11,,m,,,
3BT24hCTR01,3,24h_CTR,,,0,24,,,,,,,,,,,,,,,1,7,41,,3.1,2.6,0.43,,f,143,,
3BT24hCTR02,3,24h_CTR,,,0,24,,,,,,,,,,,,,,,1,6,52,,3.5,2.8,0.46,,f,,,
3BT24hCTR03,3,24h_CTR,,,0,24,,,,,,,,,,,,,,,2,3,51,,2.9,2.4,0.21,,m,,,
3BT24hCTR04,3,24h_CTR,,,0,24,,,,,,,,,,,,,,,1,5,31,,2.9,2.4,0.23,,m,159,,
3BT24hCTR05,3,24h_CTR,,,0,24,,,,,,,,,,,,,,,1,7,29,,3.5,2.8,0.42,,f,,,
3BT24hCTR06,3,24h_CTR,,,0,24,,,,,,,,,,,,,,,5,1,54,,3.4,2.6,0.24,,m,,,
3BT24hCTR07,3,24h_CTR,,,0,24,,,,,,,,,,,,,,,2,4,31,,3.2,2.6,0.22,,m,136,,
3BT24hCTR08,3,24h_CTR,,,0,24,,,,,,,,,,,,,,,1,11,43,,2.9,2.2,0.22,,m,150,,
3BT24hCTR09,3,24h_CTR,,,0,24,,,,,,,,,,,,,,,1,6,14,,3.7,3.4,0.49,,f,256,,
3BT24hCTR10,3,24h_CTR,,,0,24,,,,,,,,,,,,,,,1,12,22,,3.1,2.5,0.22,,m,392,,
3BT24hCTR11,3,24h_CTR,,,0,24,,,,,,,,,,,,,,,1,7,16,,3.5,2.9,0.34,,f,,,
3BT24hCTR12,3,24h_CTR,,,0,24,,,,,,,,,,,,,,,1,9,21,,3.5,2.8,0.33,,m,,,
3BT24hCTR13,3,24h_CTR,,,0,24,,,,,,,,,,,,,,,1,8,43,,3.5,2.9,0.41,,f,,,
3BT24hCTR14,3,24h_CTR,,,0,24,,,,,,,,,,,,,,,1,3,44,,3.4,2.6,0.29,,m,367,,
3BT24hCTR15,3,24h_CTR,,,0,24,,,,,,,,,,,,,,,1,8,12,,3.3,2.8,0.42,,f,,,
3BT24h00501,3,24h_0.5,,,0.5,24,,,,,,,,,,,,,,,1,6,6,,3.5,2.9,0.32,,f,104,,
3BT24h00502,3,24h_0.5,,,0.5,24,,,,,,,,,,,,,,,1,4,37,,3,2.4,0.14,,m,,,
3BT24h00503,3,24h_0.5,,,0.5,24,,,,,,,,,,,,,,,1,6,3,,2.8,2.3,0.17,,m,120,,
3BT24h00504,3,24h_0.5,,,0.5,24,,,,,,,,,,,,,,,1,6,15,,3,2.5,0.24,,f,107,,
3BT24h00505,3,24h_0.5,,,0.5,24,,,,,,,,,,,,,,,1,6,7,,2.8,2.4,0.18,,m,114,,
3BT24h00506,3,24h_0.5,,,0.5,24,,,,,,,,,,,,,,,5,1,30,,3,2.4,0.21,,f,,,
3BT24h00507,3,24h_0.5,,,0.5,24,,,,,,,,,,,,,,,2,6,18,,3.1,2.4,0.18,,m,116,,
3BT24h00508,3,24h_0.5,,,0.5,24,,,,,,,,,,,,,,,1,8,14,,3.4,2.8,0.3,,f,288,,
3BT24h00509,3,24h_0.5,,,0.5,24,,,,,,,,,,,,,,,1,7,27,,3.5,2.9,0.28,,m,138,,
3BT24h00510,3,24h_0.5,,,0.5,24,,,,,,,,,,,,,,,1,4,38,,3.2,2.6,0.42,,f,219,,
3BT24h00511,3,24h_0.5,,,0.5,24,,,,,,,,,,,,,,,1,7,15,,3.4,2.6,0.29,,m,104,,
3BT24h00512,3,24h_0.5,,,0.5,24,,,,,,,,,,,,,,,1,7,38,,3.3,2.7,0.38,,f,358,,
3BT24h00513,3,24h_0.5,,,0.5,24,,,,,,,,,,,,,,,1,7,21,,3.4,2.7,0.36,,m,,,
3BT24h00514,3,24h_0.5,,,0.5,24,,,,,,,,,,,,,,,5,7,10,,3.2,2.6,0.18,,m,,,
3BT24h01001,3,24h_1.0,,,1,24,,,,,,,,,,,,,,,2,6,17,,3.6,2.9,0.35,,f,75,,
3BT24h01002,3,24h_1.0,,,1,24,,,,,,,,,,,,,,,4,5,23,,3,2.5,0.27,,m,76,,
3BT24h01003,3,24h_1.0,,,1,24,,,,,,,,,,,,,,,2,3,44,,3.6,3.1,0.7,,f,183,,
3BT24h01004,3,24h_1.0,,,1,24,,,,,,,,,,,,,,,1,6,7,,3.4,2.8,0.35,,m,136,,
3BT24h01005,3,24h_1.0,,,1,24,,,,,,,,,,,,,,,1,7,10,,3.3,2.7,0.28,,m,80,,
3BT24h01006,3,24h_1.0,,,1,24,,,,,,,,,,,,,,,2,3,11,,3.4,2.7,0.33,,f,42,,
3BT24h01007,3,24h_1.0,,,1,24,,,,,,,,,,,,,,,4,6,29,,3.1,2.5,0.25,,m,88,,
3BT24h01008,3,24h_1.0,,,1,24,,,,,,,,,,,,,,,3,4,11,,3.2,2.5,0.25,,m,,,
3BT24h01009,3,24h_1.0,,,1,24,,,,,,,,,,,,,,,2,2,7,,3.5,2.8,0.24,,m,84,,
3BT24h01010,3,24h_1.0,,,1,24,,,,,,,,,,,,,,,1,4,23,,4,3.6,0.27,,m,,,
3BT24h01011,3,24h_1.0,,,1,24,,,,,,,,,,,,,,,4,4,43,,3.6,3,0.36,,m,115,,
3BT24h01012,3,24h_1.0,,,1,24,,,,,,,,,,,,,,,5,1,12,,3,2.5,0.32,,m,107,,
3BT96hCTR01,3,96h_CTR,,,0,96,,,,,,,,,,,,,,,1,3,48,,2.5,2.3,0.16,,m,,,
3BT96hCTR02,3,96h_CTR,,,0,96,,,,,,,,,,,,,,,2,2,7,,2.5,2,0.1,,m,,,
3BT96hCTR03,3,96h_CTR,,,0,96,,,,,,,,,,,,,,,1,7,9,,3,2.4,0.15,,f,,,
3BT96hCTR04,3,96h_CTR,,,0,96,,,,,,,,,,,,,,,1,5,31,,3.5,2.7,0.42,,f,,,
3BT96hCTR05,3,96h_CTR,,,0,96,,,,,,,,,,,,,,,1,9,15,,3,2.5,0.19,,m,99,,
3BT96hCTR06,3,96h_CTR,,,0,96,,,,,,,,,,,,,,,1,7,25,,3,2.5,0.16,,,89,,
3BT96hCTR07,3,96h_CTR,,,0,96,,,,,,,,,,,,,,,1,2,12,,3,2.4,0.2,,m,,,
3BT96hCTR08,3,96h_CTR,,,0,96,,,,,,,,,,,,,,,1,9,18,,3.3,2.7,0.33,,m,98,,
3BT96hCTR09,3,96h_CTR,,,0,96,,,,,,,,,,,,,,,1,9,5,,3,2.4,0.19,,,116,,
3BT96hCTR10,3,96h_CTR,,,0,96,,,,,,,,,,,,,,,1,8,12,,3.5,2.8,0.31,,m,,,
3BT96hCTR11,3,96h_CTR,,,0,96,,,,,,,,,,,,,,,1,5,4,,3.1,2.5,0.22,,m,,,
3BT96hCTR12,3,96h_CTR,,,0,96,,,,,,,,,,,,,,,1,9,40,,3.7,3,0.34,,f,125,,
3BT96hCTR13,3,96h_CTR,,,0,96,,,,,,,,,,,,,,,1,9,54,,3,2.4,0.29,,m,,,
3BT96hCTR14,3,96h_CTR,,,0,96,,,,,,,,,,,,,,,1,8,30,,3.1,2.5,0.24,,f,,,
3BT96hCTR15,3,96h_CTR,,,0,96,,,,,,,,,,,,,,,1,9,46,,4.2,3.4,0.57,,f,179,,
3BT96hCTR16,3,96h_CTR,,,0,96,,,,,,,,,,,,,,,1,6,17,,3.3,2.5,0.23,,f,180,,
3BT96h00501,3,96h_0.5,,,0.5,96,,,,,,,,,,,,,,,3,4,49,,2.7,2.1,0.13,,m,,,
3BT96h00502,3,96h_0.5,,,0.5,96,,,,,,,,,,,,,,,2,2,38,,2.9,2.4,0.1,,m,,,
3BT96h00503,3,96h_0.5,,,0.5,96,,,,,,,,,,,,,,,2,6,24,,3.6,2.5,0.3,,f,73,,
3BT96h00504,3,96h_0.5,,,0.5,96,,,,,,,,,,,,,,,2,2,20,,3.1,2.5,0.16,,m,,,
3BT96h00505,3,96h_0.5,,,0.5,96,,,,,,,,,,,,,,,5,1,21,,3.4,2.7,0.21,,m,,,
3BT96h00506,3,96h_0.5,,,0.5,96,,,,,,,,,,,,,,,1,7,10,,3.4,2.6,0.24,,f,53,,
3BT96h00507,3,96h_0.5,,,0.5,96,,,,,,,,,,,,,,,2,3,6,,3.2,2.4,0.18,,f,,,
3BT96h00508,3,96h_0.5,,,0.5,96,,,,,,,,,,,,,,,1,6,40,,3.5,2.8,0.28,,f,,,
3BT96h00509,3,96h_0.5,,,0.5,96,,,,,,,,,,,,,,,5,1,42,,3.2,2.6,0.11,,m,,,
3BT96h00510,3,96h_0.5,,,0.5,96,,,,,,,,,,,,,,,1,3,18,,2.9,2.4,0.12,,m,,,
3BT96h00511,3,96h_0.5,,,0.5,96,,,,,,,,,,,,,,,3,4,16,,3,2.4,0.15,,m,,,
3BT96h00512,3,96h_0.5,,,0.5,96,,,,,,,,,,,,,,,2,5,8,,3.4,2.7,0.22,,f,127,,
3BT96h00513,3,96h_0.5,,,0.5,96,,,,,,,,,,,,,,,1,6,8,,3.3,2.7,0.27,,f,74,,
3BT96h00514,3,96h_0.5,,,0.5,96,,,,,,,,,,,,,,,3,7,59,,3.5,2.8,0.28,,f,120,,
3BT96h00515,3,96h_0.5,,,0.5,96,,,,,,,,,,,,,,,2,6,37,,3,2.4,0.19,,m,,,
3BT96h00516,3,96h_0.5,,,0.5,96,,,,,,,,,,,,,,,5,1,38,,3.3,2.7,0.28,,m,,,
3BT96h01001,3,96h_1.0,,,1,96,,,,,,,,,,,,,,,1,3,37,,3.2,2.4,0.19,,m,,,
3BT96h01002,3,96h_1.0,,,1,96,,,,,,,,,,,,,,,3,2,55,,3.4,2.8,0.27,,f,,,
3BT96h01003,3,96h_1.0,,,1,96,,,,,,,,,,,,,,,1,2,29,,3.1,2.5,0.22,,f,,,
3BT96h01004,3,96h_1.0,,,1,96,,,,,,,,,,,,,,,5,1,18,,3.1,2.6,0.16,,m,,,
3BT96h01005,3,96h_1.0,,,1,96,,,,,,,,,,,,,,,1,6,4,,3.7,3,0.39,,f,55,,
3BT96h01006,3,96h_1.0,,,1,96,,,,,,,,,,,,,,,1,6,11,,3.3,2.7,0.32,,f,,,
3BT96h01007,3,96h_1.0,,,1,96,,,,,,,,,,,,,,,3,2,10,,3.4,2.7,0.19,,m,,,
3BT96h01008,3,96h_1.0,,,1,96,,,,,,,,,,,,,,,2,3,43,,3.2,2.6,0.21,,m,,,
3BT96h01009,3,96h_1.0,,,1,96,,,,,,,,,,,,,,,5,1,36,,2.8,2.2,0.18,,m,,,
3BT96h01010,3,96h_1.0,,,1,96,,,,,,,,,,,,,,,1,5,55,,3,2.4,0.18,,m,71,,
3BT96h01011,3,96h_1.0,,,1,96,,,,,,,,,,,,,,,1,5,43,,3.5,2.9,0.41,,f,122,,
3BT96h01012,3,96h_1.0,,,1,96,,,,,,,,,,,,,,,1,5,35,,4.3,3.4,0.56,,f,91,,
3BT96h01013,3,96h_1.0,,,1,96,,,,,,,,,,,,,,,1,4,12,,3.7,2.8,0.36,,m,69,,
3BT96h01014,3,96h_1.0,,,1,96,,,,,,,,,,,,,,,1,6,1,,3.6,2.8,0.31,,m,37,,
3BT96h01015,3,96h_1.0,,,1,96,,,,,,,,,,,,,,,3,4,13,,3.5,2.7,0.38,,f,113,,