"battery","check","n_checked","n_flagged","max_abs_difference","note"
"BT1","vel_mean_vs_dist_total_div_mov_total",132,0,0,"Checks whether vel_mean approximates dist_total / mov_total when mov_total > 0."
"BT1","mtpc_vs_time_bright_div_num_changes",136,0,0,"Checks documented mtpc edge-case rule: if num_changes == 0, mtpc equals time_bright."
"BT1","resistance_index_vs_last_flux_time_in_last_flux",136,0,0,"Checks the documented resistance index formula."
"BT2","vel_mean_vs_dist_total_div_mov_total",137,0,0,"Checks whether vel_mean approximates dist_total / mov_total when mov_total > 0."
"BT2","mtpc_vs_time_bright_div_num_changes",138,0,0,"Checks documented mtpc edge-case rule: if num_changes == 0, mtpc equals time_bright."
"BT2","resistance_index_vs_last_flux_time_in_last_flux",0,0,NA,"Checks the documented resistance index formula."
"BT3","vel_mean_vs_dist_total_div_mov_total",0,0,NA,"Checks whether vel_mean approximates dist_total / mov_total when mov_total > 0."
"BT3","mtpc_vs_time_bright_div_num_changes",0,0,NA,"Checks documented mtpc edge-case rule: if num_changes == 0, mtpc equals time_bright."
"BT3","resistance_index_vs_last_flux_time_in_last_flux",135,0,0,"Checks the documented resistance index formula."
