"battery","treatment","exposure","variable","n_rows","missing_n","missing_pct"
"BT1","0","1","dist_total",14,0,0
"BT1","0.5","1","dist_total",16,0,0
"BT1","1","1","dist_total",16,0,0
"BT1","0","24","dist_total",15,0,0
"BT1","0.5","24","dist_total",15,0,0
"BT1","1","24","dist_total",14,0,0
"BT1","0","96","dist_total",16,0,0
"BT1","0.5","96","dist_total",16,0,0
"BT1","1","96","dist_total",14,0,0
"BT1","0","1","mov_total",14,0,0
"BT1","0.5","1","mov_total",16,0,0
"BT1","1","1","mov_total",16,0,0
"BT1","0","24","mov_total",15,0,0
"BT1","0.5","24","mov_total",15,0,0
"BT1","1","24","mov_total",14,0,0
"BT1","0","96","mov_total",16,0,0
"BT1","0.5","96","mov_total",16,0,0
"BT1","1","96","mov_total",14,0,0
"BT1","0","1","vel_mean",14,0,0
"BT1","0.5","1","vel_mean",16,0,0
"BT1","1","1","vel_mean",16,0,0
"BT1","0","24","vel_mean",15,0,0
"BT1","0.5","24","vel_mean",15,0,0
"BT1","1","24","vel_mean",14,0,0
"BT1","0","96","vel_mean",16,0,0
"BT1","0.5","96","vel_mean",16,0,0
"BT1","1","96","vel_mean",14,0,0
"BT1","0","1","stratum_pref",14,0,0
"BT1","0.5","1","stratum_pref",16,0,0
"BT1","1","1","stratum_pref",16,0,0
"BT1","0","24","stratum_pref",15,0,0
"BT1","0.5","24","stratum_pref",15,0,0
"BT1","1","24","stratum_pref",14,0,0
"BT1","0","96","stratum_pref",16,0,0
"BT1","0.5","96","stratum_pref",16,0,0
"BT1","1","96","stratum_pref",14,0,0
"BT1","0","1","time_bright",14,0,0
"BT1","0.5","1","time_bright",16,0,0
"BT1","1","1","time_bright",16,0,0
"BT1","0","24","time_bright",15,0,0
"BT1","0.5","24","time_bright",15,0,0
"BT1","1","24","time_bright",14,0,0
"BT1","0","96","time_bright",16,0,0
"BT1","0.5","96","time_bright",16,0,0
"BT1","1","96","time_bright",14,0,0
"BT1","0","1","first_choice_binary",14,0,0
"BT1","0.5","1","first_choice_binary",16,1,6.25
"BT1","1","1","first_choice_binary",16,0,0
"BT1","0","24","first_choice_binary",15,0,0
"BT1","0.5","24","first_choice_binary",15,0,0
"BT1","1","24","first_choice_binary",14,0,0
"BT1","0","96","first_choice_binary",16,0,0
"BT1","0.5","96","first_choice_binary",16,0,0
"BT1","1","96","first_choice_binary",14,0,0
"BT1","0","1","latency",14,0,0
"BT1","0.5","1","latency",16,0,0
"BT1","1","1","latency",16,0,0
"BT1","0","24","latency",15,0,0
"BT1","0.5","24","latency",15,0,0
"BT1","1","24","latency",14,0,0
"BT1","0","96","latency",16,0,0
"BT1","0.5","96","latency",16,0,0
"BT1","1","96","latency",14,0,0
"BT1","0","1","mtpc",14,0,0
"BT1","0.5","1","mtpc",16,0,0
"BT1","1","1","mtpc",16,0,0
"BT1","0","24","mtpc",15,0,0
"BT1","0.5","24","mtpc",15,0,0
"BT1","1","24","mtpc",14,0,0
"BT1","0","96","mtpc",16,0,0
"BT1","0.5","96","mtpc",16,0,0
"BT1","1","96","mtpc",14,0,0
"BT1","0","1","num_changes",14,0,0
"BT1","0.5","1","num_changes",16,0,0
"BT1","1","1","num_changes",16,0,0
"BT1","0","24","num_changes",15,0,0
"BT1","0.5","24","num_changes",15,0,0
"BT1","1","24","num_changes",14,0,0
"BT1","0","96","num_changes",16,0,0
"BT1","0.5","96","num_changes",16,0,0
"BT1","1","96","num_changes",14,0,0
"BT1","0","1","resistance_index",14,0,0
"BT1","0.5","1","resistance_index",16,0,0
"BT1","1","1","resistance_index",16,0,0
"BT1","0","24","resistance_index",15,0,0
"BT1","0.5","24","resistance_index",15,0,0
"BT1","1","24","resistance_index",14,0,0
"BT1","0","96","resistance_index",16,0,0
"BT1","0.5","96","resistance_index",16,0,0
"BT1","1","96","resistance_index",14,0,0
"BT1","0","1","attempts",14,0,0
"BT1","0.5","1","attempts",16,0,0
"BT1","1","1","attempts",16,0,0
"BT1","0","24","attempts",15,0,0
"BT1","0.5","24","attempts",15,0,0
"BT1","1","24","attempts",14,0,0
"BT1","0","96","attempts",16,0,0
"BT1","0.5","96","attempts",16,0,0
"BT1","1","96","attempts",14,0,0
"BT1","0","1","last_flux",14,0,0
"BT1","0.5","1","last_flux",16,0,0
"BT1","1","1","last_flux",16,0,0
"BT1","0","24","last_flux",15,0,0
"BT1","0.5","24","last_flux",15,0,0
"BT1","1","24","last_flux",14,0,0
"BT1","0","96","last_flux",16,0,0
"BT1","0.5","96","last_flux",16,0,0
"BT1","1","96","last_flux",14,0,0
"BT1","0","1","time_in_last_flux",14,0,0
"BT1","0.5","1","time_in_last_flux",16,0,0
"BT1","1","1","time_in_last_flux",16,0,0
"BT1","0","24","time_in_last_flux",15,0,0
"BT1","0.5","24","time_in_last_flux",15,0,0
"BT1","1","24","time_in_last_flux",14,0,0
"BT1","0","96","time_in_last_flux",16,0,0
"BT1","0.5","96","time_in_last_flux",16,0,0
"BT1","1","96","time_in_last_flux",14,0,0
"BT1","0","1","blood_sugar",14,3,21.43
"BT1","0.5","1","blood_sugar",16,2,12.5
"BT1","1","1","blood_sugar",16,0,0
"BT1","0","24","blood_sugar",15,3,20
"BT1","0.5","24","blood_sugar",15,0,0
"BT1","1","24","blood_sugar",14,2,14.29
"BT1","0","96","blood_sugar",16,8,50
"BT1","0.5","96","blood_sugar",16,5,31.25
"BT1","1","96","blood_sugar",14,2,14.29
"BT1","0","1","sex",14,5,35.71
"BT1","0.5","1","sex",16,0,0
"BT1","1","1","sex",16,0,0
"BT1","0","24","sex",15,0,0
"BT1","0.5","24","sex",15,0,0
"BT1","1","24","sex",14,2,14.29
"BT1","0","96","sex",16,0,0
"BT1","0.5","96","sex",16,0,0
"BT1","1","96","sex",14,2,14.29
"BT1","0","1","fish_id",14,0,0
"BT1","0.5","1","fish_id",16,0,0
"BT1","1","1","fish_id",16,0,0
"BT1","0","24","fish_id",15,0,0
"BT1","0.5","24","fish_id",15,0,0
"BT1","1","24","fish_id",14,0,0
"BT1","0","96","fish_id",16,0,0
"BT1","0.5","96","fish_id",16,0,0
"BT1","1","96","fish_id",14,0,0
"BT1","0","1","battery",14,0,0
"BT1","0.5","1","battery",16,0,0
"BT1","1","1","battery",16,0,0
"BT1","0","24","battery",15,0,0
"BT1","0.5","24","battery",15,0,0
"BT1","1","24","battery",14,0,0
"BT1","0","96","battery",16,0,0
"BT1","0.5","96","battery",16,0,0
"BT1","1","96","battery",14,0,0
"BT1","0","1","treatment",14,0,0
"BT1","0.5","1","treatment",16,0,0
"BT1","1","1","treatment",16,0,0
"BT1","0","24","treatment",15,0,0
"BT1","0.5","24","treatment",15,0,0
"BT1","1","24","treatment",14,0,0
"BT1","0","96","treatment",16,0,0
"BT1","0.5","96","treatment",16,0,0
"BT1","1","96","treatment",14,0,0
"BT1","0","1","exposure",14,0,0
"BT1","0.5","1","exposure",16,0,0
"BT1","1","1","exposure",16,0,0
"BT1","0","24","exposure",15,0,0
"BT1","0.5","24","exposure",15,0,0
"BT1","1","24","exposure",14,0,0
"BT1","0","96","exposure",16,0,0
"BT1","0.5","96","exposure",16,0,0
"BT1","1","96","exposure",14,0,0
"BT1","0","1","datetime",14,0,0
"BT1","0.5","1","datetime",16,0,0
"BT1","1","1","datetime",16,0,0
"BT1","0","24","datetime",15,0,0
"BT1","0.5","24","datetime",15,0,0
"BT1","1","24","datetime",14,0,0
"BT1","0","96","datetime",16,0,0
"BT1","0.5","96","datetime",16,0,0
"BT1","1","96","datetime",14,0,0
"BT1","0","1","Kc",14,0,0
"BT1","0.5","1","Kc",16,0,0
"BT1","1","1","Kc",16,0,0
"BT1","0","24","Kc",15,0,0
"BT1","0.5","24","Kc",15,0,0
"BT1","1","24","Kc",14,0,0
"BT1","0","96","Kc",16,0,0
"BT1","0.5","96","Kc",16,0,0
"BT1","1","96","Kc",14,0,0
"BT1","0","1","source_row_index",14,0,0
"BT1","0.5","1","source_row_index",16,0,0
"BT1","1","1","source_row_index",16,0,0
"BT1","0","24","source_row_index",15,0,0
"BT1","0.5","24","source_row_index",15,0,0
"BT1","1","24","source_row_index",14,0,0
"BT1","0","96","source_row_index",16,0,0
"BT1","0.5","96","source_row_index",16,0,0
"BT1","1","96","source_row_index",14,0,0
"BT1","0","1","wt",14,0,0
"BT1","0.5","1","wt",16,0,0
"BT1","1","1","wt",16,0,0
"BT1","0","24","wt",15,0,0
"BT1","0.5","24","wt",15,0,0
"BT1","1","24","wt",14,0,0
"BT1","0","96","wt",16,0,0
"BT1","0.5","96","wt",16,0,0
"BT1","1","96","wt",14,0,0
"BT1","0","1","lt",14,0,0
"BT1","0.5","1","lt",16,0,0
"BT1","1","1","lt",16,0,0
"BT1","0","24","lt",15,0,0
"BT1","0.5","24","lt",15,0,0
"BT1","1","24","lt",14,0,0
"BT1","0","96","lt",16,0,0
"BT1","0.5","96","lt",16,0,0
"BT1","1","96","lt",14,0,0
"BT1","0","1","ls",14,0,0
"BT1","0.5","1","ls",16,0,0
"BT1","1","1","ls",16,0,0
"BT1","0","24","ls",15,0,0
"BT1","0.5","24","ls",15,0,0
"BT1","1","24","ls",14,0,0
"BT1","0","96","ls",16,0,0
"BT1","0.5","96","ls",16,0,0
"BT1","1","96","ls",14,0,0
"BT1","0","1","conductivity",14,0,0
"BT1","0.5","1","conductivity",16,0,0
"BT1","1","1","conductivity",16,0,0
"BT1","0","24","conductivity",15,0,0
"BT1","0.5","24","conductivity",15,0,0
"BT1","1","24","conductivity",14,0,0
"BT1","0","96","conductivity",16,0,0
"BT1","0.5","96","conductivity",16,0,0
"BT1","1","96","conductivity",14,0,0
"BT1","0","1","pH",14,0,0
"BT1","0.5","1","pH",16,0,0
"BT1","1","1","pH",16,0,0
"BT1","0","24","pH",15,0,0
"BT1","0.5","24","pH",15,0,0
"BT1","1","24","pH",14,0,0
"BT1","0","96","pH",16,0,0
"BT1","0.5","96","pH",16,0,0
"BT1","1","96","pH",14,0,0
"BT1","0","1","mov_bottom",14,0,0
"BT1","0.5","1","mov_bottom",16,0,0
"BT1","1","1","mov_bottom",16,0,0
"BT1","0","24","mov_bottom",15,0,0
"BT1","0.5","24","mov_bottom",15,0,0
"BT1","1","24","mov_bottom",14,0,0
"BT1","0","96","mov_bottom",16,0,0
"BT1","0.5","96","mov_bottom",16,0,0
"BT1","1","96","mov_bottom",14,0,0
"BT1","0","1","mov_upper",14,0,0
"BT1","0.5","1","mov_upper",16,0,0
"BT1","1","1","mov_upper",16,0,0
"BT1","0","24","mov_upper",15,0,0
"BT1","0.5","24","mov_upper",15,0,0
"BT1","1","24","mov_upper",14,0,0
"BT1","0","96","mov_upper",16,0,0
"BT1","0.5","96","mov_upper",16,0,0
"BT1","1","96","mov_upper",14,0,0
"BT1","0","1","dist_bottom",14,0,0
"BT1","0.5","1","dist_bottom",16,0,0
"BT1","1","1","dist_bottom",16,0,0
"BT1","0","24","dist_bottom",15,0,0
"BT1","0.5","24","dist_bottom",15,0,0
"BT1","1","24","dist_bottom",14,0,0
"BT1","0","96","dist_bottom",16,0,0
"BT1","0.5","96","dist_bottom",16,0,0
"BT1","1","96","dist_bottom",14,0,0
"BT1","0","1","dist_upper",14,0,0
"BT1","0.5","1","dist_upper",16,0,0
"BT1","1","1","dist_upper",16,0,0
"BT1","0","24","dist_upper",15,0,0
"BT1","0.5","24","dist_upper",15,0,0
"BT1","1","24","dist_upper",14,0,0
"BT1","0","96","dist_upper",16,0,0
"BT1","0.5","96","dist_upper",16,0,0
"BT1","1","96","dist_upper",14,0,0
"BT1","0","1","vel_bottom",14,0,0
"BT1","0.5","1","vel_bottom",16,0,0
"BT1","1","1","vel_bottom",16,0,0
"BT1","0","24","vel_bottom",15,0,0
"BT1","0.5","24","vel_bottom",15,0,0
"BT1","1","24","vel_bottom",14,0,0
"BT1","0","96","vel_bottom",16,0,0
"BT1","0.5","96","vel_bottom",16,0,0
"BT1","1","96","vel_bottom",14,0,0
"BT1","0","1","vel_upper",14,0,0
"BT1","0.5","1","vel_upper",16,0,0
"BT1","1","1","vel_upper",16,0,0
"BT1","0","24","vel_upper",15,0,0
"BT1","0.5","24","vel_upper",15,0,0
"BT1","1","24","vel_upper",14,0,0
"BT1","0","96","vel_upper",16,0,0
"BT1","0.5","96","vel_upper",16,0,0
"BT1","1","96","vel_upper",14,0,0
"BT2","0","1","dist_total",16,0,0
"BT2","0.5","1","dist_total",16,0,0
"BT2","1","1","dist_total",16,0,0
"BT2","0","24","dist_total",16,0,0
"BT2","0.5","24","dist_total",15,0,0
"BT2","1","24","dist_total",12,0,0
"BT2","0","96","dist_total",16,0,0
"BT2","0.5","96","dist_total",16,0,0
"BT2","1","96","dist_total",16,0,0
"BT2","0","1","mov_total",16,0,0
"BT2","0.5","1","mov_total",16,0,0
"BT2","1","1","mov_total",16,0,0
"BT2","0","24","mov_total",16,0,0
"BT2","0.5","24","mov_total",15,0,0
"BT2","1","24","mov_total",12,0,0
"BT2","0","96","mov_total",16,0,0
"BT2","0.5","96","mov_total",16,0,0
"BT2","1","96","mov_total",16,0,0
"BT2","0","1","vel_mean",16,0,0
"BT2","0.5","1","vel_mean",16,0,0
"BT2","1","1","vel_mean",16,0,0
"BT2","0","24","vel_mean",16,0,0
"BT2","0.5","24","vel_mean",15,0,0
"BT2","1","24","vel_mean",12,0,0
"BT2","0","96","vel_mean",16,0,0
"BT2","0.5","96","vel_mean",16,0,0
"BT2","1","96","vel_mean",16,0,0
"BT2","0","1","stratum_pref",16,0,0
"BT2","0.5","1","stratum_pref",16,0,0
"BT2","1","1","stratum_pref",16,0,0
"BT2","0","24","stratum_pref",16,0,0
"BT2","0.5","24","stratum_pref",15,0,0
"BT2","1","24","stratum_pref",12,0,0
"BT2","0","96","stratum_pref",16,0,0
"BT2","0.5","96","stratum_pref",16,0,0
"BT2","1","96","stratum_pref",16,0,0
"BT2","0","1","time_bright",16,0,0
"BT2","0.5","1","time_bright",16,0,0
"BT2","1","1","time_bright",16,0,0
"BT2","0","24","time_bright",16,0,0
"BT2","0.5","24","time_bright",15,0,0
"BT2","1","24","time_bright",12,0,0
"BT2","0","96","time_bright",16,0,0
"BT2","0.5","96","time_bright",16,0,0
"BT2","1","96","time_bright",16,1,6.25
"BT2","0","1","first_choice_binary",16,0,0
"BT2","0.5","1","first_choice_binary",16,0,0
"BT2","1","1","first_choice_binary",16,0,0
"BT2","0","24","first_choice_binary",16,0,0
"BT2","0.5","24","first_choice_binary",15,0,0
"BT2","1","24","first_choice_binary",12,0,0
"BT2","0","96","first_choice_binary",16,0,0
"BT2","0.5","96","first_choice_binary",16,0,0
"BT2","1","96","first_choice_binary",16,1,6.25
"BT2","0","1","latency",16,0,0
"BT2","0.5","1","latency",16,0,0
"BT2","1","1","latency",16,0,0
"BT2","0","24","latency",16,0,0
"BT2","0.5","24","latency",15,0,0
"BT2","1","24","latency",12,0,0
"BT2","0","96","latency",16,0,0
"BT2","0.5","96","latency",16,0,0
"BT2","1","96","latency",16,0,0
"BT2","0","1","mtpc",16,0,0
"BT2","0.5","1","mtpc",16,0,0
"BT2","1","1","mtpc",16,0,0
"BT2","0","24","mtpc",16,0,0
"BT2","0.5","24","mtpc",15,0,0
"BT2","1","24","mtpc",12,0,0
"BT2","0","96","mtpc",16,0,0
"BT2","0.5","96","mtpc",16,0,0
"BT2","1","96","mtpc",16,1,6.25
"BT2","0","1","num_changes",16,0,0
"BT2","0.5","1","num_changes",16,0,0
"BT2","1","1","num_changes",16,0,0
"BT2","0","24","num_changes",16,0,0
"BT2","0.5","24","num_changes",15,0,0
"BT2","1","24","num_changes",12,0,0
"BT2","0","96","num_changes",16,0,0
"BT2","0.5","96","num_changes",16,0,0
"BT2","1","96","num_changes",16,1,6.25
"BT2","0","1","resistance_index",16,16,100
"BT2","0.5","1","resistance_index",16,16,100
"BT2","1","1","resistance_index",16,16,100
"BT2","0","24","resistance_index",16,16,100
"BT2","0.5","24","resistance_index",15,15,100
"BT2","1","24","resistance_index",12,12,100
"BT2","0","96","resistance_index",16,16,100
"BT2","0.5","96","resistance_index",16,16,100
"BT2","1","96","resistance_index",16,16,100
"BT2","0","1","attempts",16,16,100
"BT2","0.5","1","attempts",16,16,100
"BT2","1","1","attempts",16,16,100
"BT2","0","24","attempts",16,16,100
"BT2","0.5","24","attempts",15,15,100
"BT2","1","24","attempts",12,12,100
"BT2","0","96","attempts",16,16,100
"BT2","0.5","96","attempts",16,16,100
"BT2","1","96","attempts",16,16,100
"BT2","0","1","last_flux",16,16,100
"BT2","0.5","1","last_flux",16,16,100
"BT2","1","1","last_flux",16,16,100
"BT2","0","24","last_flux",16,16,100
"BT2","0.5","24","last_flux",15,15,100
"BT2","1","24","last_flux",12,12,100
"BT2","0","96","last_flux",16,16,100
"BT2","0.5","96","last_flux",16,16,100
"BT2","1","96","last_flux",16,16,100
"BT2","0","1","time_in_last_flux",16,16,100
"BT2","0.5","1","time_in_last_flux",16,16,100
"BT2","1","1","time_in_last_flux",16,16,100
"BT2","0","24","time_in_last_flux",16,16,100
"BT2","0.5","24","time_in_last_flux",15,15,100
"BT2","1","24","time_in_last_flux",12,12,100
"BT2","0","96","time_in_last_flux",16,16,100
"BT2","0.5","96","time_in_last_flux",16,16,100
"BT2","1","96","time_in_last_flux",16,16,100
"BT2","0","1","blood_sugar",16,12,75
"BT2","0.5","1","blood_sugar",16,15,93.75
"BT2","1","1","blood_sugar",16,12,75
"BT2","0","24","blood_sugar",16,14,87.5
"BT2","0.5","24","blood_sugar",15,11,73.33
"BT2","1","24","blood_sugar",12,3,25
"BT2","0","96","blood_sugar",16,12,75
"BT2","0.5","96","blood_sugar",16,10,62.5
"BT2","1","96","blood_sugar",16,13,81.25
"BT2","0","1","sex",16,1,6.25
"BT2","0.5","1","sex",16,1,6.25
"BT2","1","1","sex",16,0,0
"BT2","0","24","sex",16,0,0
"BT2","0.5","24","sex",15,0,0
"BT2","1","24","sex",12,0,0
"BT2","0","96","sex",16,0,0
"BT2","0.5","96","sex",16,0,0
"BT2","1","96","sex",16,1,6.25
"BT2","0","1","fish_id",16,0,0
"BT2","0.5","1","fish_id",16,0,0
"BT2","1","1","fish_id",16,0,0
"BT2","0","24","fish_id",16,0,0
"BT2","0.5","24","fish_id",15,0,0
"BT2","1","24","fish_id",12,0,0
"BT2","0","96","fish_id",16,0,0
"BT2","0.5","96","fish_id",16,0,0
"BT2","1","96","fish_id",16,0,0
"BT2","0","1","battery",16,0,0
"BT2","0.5","1","battery",16,0,0
"BT2","1","1","battery",16,0,0
"BT2","0","24","battery",16,0,0
"BT2","0.5","24","battery",15,0,0
"BT2","1","24","battery",12,0,0
"BT2","0","96","battery",16,0,0
"BT2","0.5","96","battery",16,0,0
"BT2","1","96","battery",16,0,0
"BT2","0","1","treatment",16,0,0
"BT2","0.5","1","treatment",16,0,0
"BT2","1","1","treatment",16,0,0
"BT2","0","24","treatment",16,0,0
"BT2","0.5","24","treatment",15,0,0
"BT2","1","24","treatment",12,0,0
"BT2","0","96","treatment",16,0,0
"BT2","0.5","96","treatment",16,0,0
"BT2","1","96","treatment",16,0,0
"BT2","0","1","exposure",16,0,0
"BT2","0.5","1","exposure",16,0,0
"BT2","1","1","exposure",16,0,0
"BT2","0","24","exposure",16,0,0
"BT2","0.5","24","exposure",15,0,0
"BT2","1","24","exposure",12,0,0
"BT2","0","96","exposure",16,0,0
"BT2","0.5","96","exposure",16,0,0
"BT2","1","96","exposure",16,0,0
"BT2","0","1","datetime",16,0,0
"BT2","0.5","1","datetime",16,0,0
"BT2","1","1","datetime",16,0,0
"BT2","0","24","datetime",16,0,0
"BT2","0.5","24","datetime",15,0,0
"BT2","1","24","datetime",12,0,0
"BT2","0","96","datetime",16,0,0
"BT2","0.5","96","datetime",16,0,0
"BT2","1","96","datetime",16,0,0
"BT2","0","1","Kc",16,1,6.25
"BT2","0.5","1","Kc",16,0,0
"BT2","1","1","Kc",16,0,0
"BT2","0","24","Kc",16,0,0
"BT2","0.5","24","Kc",15,0,0
"BT2","1","24","Kc",12,0,0
"BT2","0","96","Kc",16,0,0
"BT2","0.5","96","Kc",16,0,0
"BT2","1","96","Kc",16,1,6.25
"BT2","0","1","source_row_index",16,0,0
"BT2","0.5","1","source_row_index",16,0,0
"BT2","1","1","source_row_index",16,0,0
"BT2","0","24","source_row_index",16,0,0
"BT2","0.5","24","source_row_index",15,0,0
"BT2","1","24","source_row_index",12,0,0
"BT2","0","96","source_row_index",16,0,0
"BT2","0.5","96","source_row_index",16,0,0
"BT2","1","96","source_row_index",16,0,0
"BT2","0","1","wt",16,1,6.25
"BT2","0.5","1","wt",16,0,0
"BT2","1","1","wt",16,0,0
"BT2","0","24","wt",16,0,0
"BT2","0.5","24","wt",15,0,0
"BT2","1","24","wt",12,0,0
"BT2","0","96","wt",16,0,0
"BT2","0.5","96","wt",16,0,0
"BT2","1","96","wt",16,1,6.25
"BT2","0","1","lt",16,1,6.25
"BT2","0.5","1","lt",16,0,0
"BT2","1","1","lt",16,0,0
"BT2","0","24","lt",16,0,0
"BT2","0.5","24","lt",15,0,0
"BT2","1","24","lt",12,0,0
"BT2","0","96","lt",16,0,0
"BT2","0.5","96","lt",16,0,0
"BT2","1","96","lt",16,1,6.25
"BT2","0","1","ls",16,1,6.25
"BT2","0.5","1","ls",16,0,0
"BT2","1","1","ls",16,0,0
"BT2","0","24","ls",16,0,0
"BT2","0.5","24","ls",15,0,0
"BT2","1","24","ls",12,0,0
"BT2","0","96","ls",16,0,0
"BT2","0.5","96","ls",16,0,0
"BT2","1","96","ls",16,1,6.25
"BT2","0","1","conductivity",16,0,0
"BT2","0.5","1","conductivity",16,0,0
"BT2","1","1","conductivity",16,0,0
"BT2","0","24","conductivity",16,0,0
"BT2","0.5","24","conductivity",15,0,0
"BT2","1","24","conductivity",12,0,0
"BT2","0","96","conductivity",16,0,0
"BT2","0.5","96","conductivity",16,16,100
"BT2","1","96","conductivity",16,16,100
"BT2","0","1","pH",16,0,0
"BT2","0.5","1","pH",16,0,0
"BT2","1","1","pH",16,0,0
"BT2","0","24","pH",16,0,0
"BT2","0.5","24","pH",15,0,0
"BT2","1","24","pH",12,0,0
"BT2","0","96","pH",16,0,0
"BT2","0.5","96","pH",16,16,100
"BT2","1","96","pH",16,16,100
"BT2","0","1","mov_bottom",16,0,0
"BT2","0.5","1","mov_bottom",16,0,0
"BT2","1","1","mov_bottom",16,0,0
"BT2","0","24","mov_bottom",16,0,0
"BT2","0.5","24","mov_bottom",15,0,0
"BT2","1","24","mov_bottom",12,0,0
"BT2","0","96","mov_bottom",16,0,0
"BT2","0.5","96","mov_bottom",16,0,0
"BT2","1","96","mov_bottom",16,0,0
"BT2","0","1","mov_upper",16,0,0
"BT2","0.5","1","mov_upper",16,0,0
"BT2","1","1","mov_upper",16,0,0
"BT2","0","24","mov_upper",16,0,0
"BT2","0.5","24","mov_upper",15,0,0
"BT2","1","24","mov_upper",12,0,0
"BT2","0","96","mov_upper",16,0,0
"BT2","0.5","96","mov_upper",16,0,0
"BT2","1","96","mov_upper",16,0,0
"BT2","0","1","dist_bottom",16,0,0
"BT2","0.5","1","dist_bottom",16,0,0
"BT2","1","1","dist_bottom",16,0,0
"BT2","0","24","dist_bottom",16,0,0
"BT2","0.5","24","dist_bottom",15,0,0
"BT2","1","24","dist_bottom",12,0,0
"BT2","0","96","dist_bottom",16,0,0
"BT2","0.5","96","dist_bottom",16,0,0
"BT2","1","96","dist_bottom",16,0,0
"BT2","0","1","dist_upper",16,0,0
"BT2","0.5","1","dist_upper",16,0,0
"BT2","1","1","dist_upper",16,0,0
"BT2","0","24","dist_upper",16,0,0
"BT2","0.5","24","dist_upper",15,0,0
"BT2","1","24","dist_upper",12,0,0
"BT2","0","96","dist_upper",16,0,0
"BT2","0.5","96","dist_upper",16,0,0
"BT2","1","96","dist_upper",16,0,0
"BT2","0","1","vel_bottom",16,0,0
"BT2","0.5","1","vel_bottom",16,0,0
"BT2","1","1","vel_bottom",16,0,0
"BT2","0","24","vel_bottom",16,0,0
"BT2","0.5","24","vel_bottom",15,0,0
"BT2","1","24","vel_bottom",12,0,0
"BT2","0","96","vel_bottom",16,0,0
"BT2","0.5","96","vel_bottom",16,0,0
"BT2","1","96","vel_bottom",16,0,0
"BT2","0","1","vel_upper",16,0,0
"BT2","0.5","1","vel_upper",16,0,0
"BT2","1","1","vel_upper",16,0,0
"BT2","0","24","vel_upper",16,0,0
"BT2","0.5","24","vel_upper",15,0,0
"BT2","1","24","vel_upper",12,0,0
"BT2","0","96","vel_upper",16,0,0
"BT2","0.5","96","vel_upper",16,0,0
"BT2","1","96","vel_upper",16,0,0
"BT3","0","1","dist_total",16,16,100
"BT3","0.5","1","dist_total",16,16,100
"BT3","1","1","dist_total",15,15,100
"BT3","0","24","dist_total",15,15,100
"BT3","0.5","24","dist_total",14,14,100
"BT3","1","24","dist_total",12,12,100
"BT3","0","96","dist_total",16,16,100
"BT3","0.5","96","dist_total",16,16,100
"BT3","1","96","dist_total",15,15,100
"BT3","0","1","mov_total",16,16,100
"BT3","0.5","1","mov_total",16,16,100
"BT3","1","1","mov_total",15,15,100
"BT3","0","24","mov_total",15,15,100
"BT3","0.5","24","mov_total",14,14,100
"BT3","1","24","mov_total",12,12,100
"BT3","0","96","mov_total",16,16,100
"BT3","0.5","96","mov_total",16,16,100
"BT3","1","96","mov_total",15,15,100
"BT3","0","1","vel_mean",16,16,100
"BT3","0.5","1","vel_mean",16,16,100
"BT3","1","1","vel_mean",15,15,100
"BT3","0","24","vel_mean",15,15,100
"BT3","0.5","24","vel_mean",14,14,100
"BT3","1","24","vel_mean",12,12,100
"BT3","0","96","vel_mean",16,16,100
"BT3","0.5","96","vel_mean",16,16,100
"BT3","1","96","vel_mean",15,15,100
"BT3","0","1","stratum_pref",16,16,100
"BT3","0.5","1","stratum_pref",16,16,100
"BT3","1","1","stratum_pref",15,15,100
"BT3","0","24","stratum_pref",15,15,100
"BT3","0.5","24","stratum_pref",14,14,100
"BT3","1","24","stratum_pref",12,12,100
"BT3","0","96","stratum_pref",16,16,100
"BT3","0.5","96","stratum_pref",16,16,100
"BT3","1","96","stratum_pref",15,15,100
"BT3","0","1","time_bright",16,16,100
"BT3","0.5","1","time_bright",16,16,100
"BT3","1","1","time_bright",15,15,100
"BT3","0","24","time_bright",15,15,100
"BT3","0.5","24","time_bright",14,14,100
"BT3","1","24","time_bright",12,12,100
"BT3","0","96","time_bright",16,16,100
"BT3","0.5","96","time_bright",16,16,100
"BT3","1","96","time_bright",15,15,100
"BT3","0","1","first_choice_binary",16,16,100
"BT3","0.5","1","first_choice_binary",16,16,100
"BT3","1","1","first_choice_binary",15,15,100
"BT3","0","24","first_choice_binary",15,15,100
"BT3","0.5","24","first_choice_binary",14,14,100
"BT3","1","24","first_choice_binary",12,12,100
"BT3","0","96","first_choice_binary",16,16,100
"BT3","0.5","96","first_choice_binary",16,16,100
"BT3","1","96","first_choice_binary",15,15,100
"BT3","0","1","latency",16,16,100
"BT3","0.5","1","latency",16,16,100
"BT3","1","1","latency",15,15,100
"BT3","0","24","latency",15,15,100
"BT3","0.5","24","latency",14,14,100
"BT3","1","24","latency",12,12,100
"BT3","0","96","latency",16,16,100
"BT3","0.5","96","latency",16,16,100
"BT3","1","96","latency",15,15,100
"BT3","0","1","mtpc",16,16,100
"BT3","0.5","1","mtpc",16,16,100
"BT3","1","1","mtpc",15,15,100
"BT3","0","24","mtpc",15,15,100
"BT3","0.5","24","mtpc",14,14,100
"BT3","1","24","mtpc",12,12,100
"BT3","0","96","mtpc",16,16,100
"BT3","0.5","96","mtpc",16,16,100
"BT3","1","96","mtpc",15,15,100
"BT3","0","1","num_changes",16,16,100
"BT3","0.5","1","num_changes",16,16,100
"BT3","1","1","num_changes",15,15,100
"BT3","0","24","num_changes",15,15,100
"BT3","0.5","24","num_changes",14,14,100
"BT3","1","24","num_changes",12,12,100
"BT3","0","96","num_changes",16,16,100
"BT3","0.5","96","num_changes",16,16,100
"BT3","1","96","num_changes",15,15,100
"BT3","0","1","resistance_index",16,0,0
"BT3","0.5","1","resistance_index",16,0,0
"BT3","1","1","resistance_index",15,0,0
"BT3","0","24","resistance_index",15,0,0
"BT3","0.5","24","resistance_index",14,0,0
"BT3","1","24","resistance_index",12,0,0
"BT3","0","96","resistance_index",16,0,0
"BT3","0.5","96","resistance_index",16,0,0
"BT3","1","96","resistance_index",15,0,0
"BT3","0","1","attempts",16,0,0
"BT3","0.5","1","attempts",16,0,0
"BT3","1","1","attempts",15,0,0
"BT3","0","24","attempts",15,0,0
"BT3","0.5","24","attempts",14,0,0
"BT3","1","24","attempts",12,0,0
"BT3","0","96","attempts",16,0,0
"BT3","0.5","96","attempts",16,0,0
"BT3","1","96","attempts",15,0,0
"BT3","0","1","last_flux",16,0,0
"BT3","0.5","1","last_flux",16,0,0
"BT3","1","1","last_flux",15,0,0
"BT3","0","24","last_flux",15,0,0
"BT3","0.5","24","last_flux",14,0,0
"BT3","1","24","last_flux",12,0,0
"BT3","0","96","last_flux",16,0,0
"BT3","0.5","96","last_flux",16,0,0
"BT3","1","96","last_flux",15,0,0
"BT3","0","1","time_in_last_flux",16,0,0
"BT3","0.5","1","time_in_last_flux",16,0,0
"BT3","1","1","time_in_last_flux",15,0,0
"BT3","0","24","time_in_last_flux",15,0,0
"BT3","0.5","24","time_in_last_flux",14,0,0
"BT3","1","24","time_in_last_flux",12,0,0
"BT3","0","96","time_in_last_flux",16,0,0
"BT3","0.5","96","time_in_last_flux",16,0,0
"BT3","1","96","time_in_last_flux",15,0,0
"BT3","0","1","blood_sugar",16,8,50
"BT3","0.5","1","blood_sugar",16,9,56.25
"BT3","1","1","blood_sugar",15,3,20
"BT3","0","24","blood_sugar",15,8,53.33
"BT3","0.5","24","blood_sugar",14,4,28.57
"BT3","1","24","blood_sugar",12,2,16.67
"BT3","0","96","blood_sugar",16,9,56.25
"BT3","0.5","96","blood_sugar",16,11,68.75
"BT3","1","96","blood_sugar",15,8,53.33
"BT3","0","1","sex",16,2,12.5
"BT3","0.5","1","sex",16,1,6.25
"BT3","1","1","sex",15,2,13.33
"BT3","0","24","sex",15,0,0
"BT3","0.5","24","sex",14,0,0
"BT3","1","24","sex",12,0,0
"BT3","0","96","sex",16,2,12.5
"BT3","0.5","96","sex",16,0,0
"BT3","1","96","sex",15,0,0
"BT3","0","1","fish_id",16,0,0
"BT3","0.5","1","fish_id",16,0,0
"BT3","1","1","fish_id",15,0,0
"BT3","0","24","fish_id",15,0,0
"BT3","0.5","24","fish_id",14,0,0
"BT3","1","24","fish_id",12,0,0
"BT3","0","96","fish_id",16,0,0
"BT3","0.5","96","fish_id",16,0,0
"BT3","1","96","fish_id",15,0,0
"BT3","0","1","battery",16,0,0
"BT3","0.5","1","battery",16,0,0
"BT3","1","1","battery",15,0,0
"BT3","0","24","battery",15,0,0
"BT3","0.5","24","battery",14,0,0
"BT3","1","24","battery",12,0,0
"BT3","0","96","battery",16,0,0
"BT3","0.5","96","battery",16,0,0
"BT3","1","96","battery",15,0,0
"BT3","0","1","treatment",16,0,0
"BT3","0.5","1","treatment",16,0,0
"BT3","1","1","treatment",15,0,0
"BT3","0","24","treatment",15,0,0
"BT3","0.5","24","treatment",14,0,0
"BT3","1","24","treatment",12,0,0
"BT3","0","96","treatment",16,0,0
"BT3","0.5","96","treatment",16,0,0
"BT3","1","96","treatment",15,0,0
"BT3","0","1","exposure",16,0,0
"BT3","0.5","1","exposure",16,0,0
"BT3","1","1","exposure",15,0,0
"BT3","0","24","exposure",15,0,0
"BT3","0.5","24","exposure",14,0,0
"BT3","1","24","exposure",12,0,0
"BT3","0","96","exposure",16,0,0
"BT3","0.5","96","exposure",16,0,0
"BT3","1","96","exposure",15,0,0
"BT3","0","1","datetime",16,16,100
"BT3","0.5","1","datetime",16,16,100
"BT3","1","1","datetime",15,15,100
"BT3","0","24","datetime",15,15,100
"BT3","0.5","24","datetime",14,14,100
"BT3","1","24","datetime",12,12,100
"BT3","0","96","datetime",16,16,100
"BT3","0.5","96","datetime",16,16,100
"BT3","1","96","datetime",15,15,100
"BT3","0","1","Kc",16,0,0
"BT3","0.5","1","Kc",16,0,0
"BT3","1","1","Kc",15,0,0
"BT3","0","24","Kc",15,0,0
"BT3","0.5","24","Kc",14,0,0
"BT3","1","24","Kc",12,0,0
"BT3","0","96","Kc",16,0,0
"BT3","0.5","96","Kc",16,0,0
"BT3","1","96","Kc",15,0,0
"BT3","0","1","source_row_index",16,0,0
"BT3","0.5","1","source_row_index",16,0,0
"BT3","1","1","source_row_index",15,0,0
"BT3","0","24","source_row_index",15,0,0
"BT3","0.5","24","source_row_index",14,0,0
"BT3","1","24","source_row_index",12,0,0
"BT3","0","96","source_row_index",16,0,0
"BT3","0.5","96","source_row_index",16,0,0
"BT3","1","96","source_row_index",15,0,0
"BT3","0","1","wt",16,0,0
"BT3","0.5","1","wt",16,0,0
"BT3","1","1","wt",15,0,0
"BT3","0","24","wt",15,0,0
"BT3","0.5","24","wt",14,0,0
"BT3","1","24","wt",12,0,0
"BT3","0","96","wt",16,0,0
"BT3","0.5","96","wt",16,0,0
"BT3","1","96","wt",15,0,0
"BT3","0","1","lt",16,0,0
"BT3","0.5","1","lt",16,0,0
"BT3","1","1","lt",15,0,0
"BT3","0","24","lt",15,0,0
"BT3","0.5","24","lt",14,0,0
"BT3","1","24","lt",12,0,0
"BT3","0","96","lt",16,0,0
"BT3","0.5","96","lt",16,0,0
"BT3","1","96","lt",15,0,0
"BT3","0","1","ls",16,0,0
"BT3","0.5","1","ls",16,0,0
"BT3","1","1","ls",15,0,0
"BT3","0","24","ls",15,0,0
"BT3","0.5","24","ls",14,0,0
"BT3","1","24","ls",12,0,0
"BT3","0","96","ls",16,0,0
"BT3","0.5","96","ls",16,0,0
"BT3","1","96","ls",15,0,0
"BT3","0","1","conductivity",16,16,100
"BT3","0.5","1","conductivity",16,16,100
"BT3","1","1","conductivity",15,15,100
"BT3","0","24","conductivity",15,15,100
"BT3","0.5","24","conductivity",14,14,100
"BT3","1","24","conductivity",12,12,100
"BT3","0","96","conductivity",16,16,100
"BT3","0.5","96","conductivity",16,16,100
"BT3","1","96","conductivity",15,15,100
"BT3","0","1","pH",16,16,100
"BT3","0.5","1","pH",16,16,100
"BT3","1","1","pH",15,15,100
"BT3","0","24","pH",15,15,100
"BT3","0.5","24","pH",14,14,100
"BT3","1","24","pH",12,12,100
"BT3","0","96","pH",16,16,100
"BT3","0.5","96","pH",16,16,100
"BT3","1","96","pH",15,15,100
"BT3","0","1","mov_bottom",16,16,100
"BT3","0.5","1","mov_bottom",16,16,100
"BT3","1","1","mov_bottom",15,15,100
"BT3","0","24","mov_bottom",15,15,100
"BT3","0.5","24","mov_bottom",14,14,100
"BT3","1","24","mov_bottom",12,12,100
"BT3","0","96","mov_bottom",16,16,100
"BT3","0.5","96","mov_bottom",16,16,100
"BT3","1","96","mov_bottom",15,15,100
"BT3","0","1","mov_upper",16,16,100
"BT3","0.5","1","mov_upper",16,16,100
"BT3","1","1","mov_upper",15,15,100
"BT3","0","24","mov_upper",15,15,100
"BT3","0.5","24","mov_upper",14,14,100
"BT3","1","24","mov_upper",12,12,100
"BT3","0","96","mov_upper",16,16,100
"BT3","0.5","96","mov_upper",16,16,100
"BT3","1","96","mov_upper",15,15,100
"BT3","0","1","dist_bottom",16,16,100
"BT3","0.5","1","dist_bottom",16,16,100
"BT3","1","1","dist_bottom",15,15,100
"BT3","0","24","dist_bottom",15,15,100
"BT3","0.5","24","dist_bottom",14,14,100
"BT3","1","24","dist_bottom",12,12,100
"BT3","0","96","dist_bottom",16,16,100
"BT3","0.5","96","dist_bottom",16,16,100
"BT3","1","96","dist_bottom",15,15,100
"BT3","0","1","dist_upper",16,16,100
"BT3","0.5","1","dist_upper",16,16,100
"BT3","1","1","dist_upper",15,15,100
"BT3","0","24","dist_upper",15,15,100
"BT3","0.5","24","dist_upper",14,14,100
"BT3","1","24","dist_upper",12,12,100
"BT3","0","96","dist_upper",16,16,100
"BT3","0.5","96","dist_upper",16,16,100
"BT3","1","96","dist_upper",15,15,100
"BT3","0","1","vel_bottom",16,16,100
"BT3","0.5","1","vel_bottom",16,16,100
"BT3","1","1","vel_bottom",15,15,100
"BT3","0","24","vel_bottom",15,15,100
"BT3","0.5","24","vel_bottom",14,14,100
"BT3","1","24","vel_bottom",12,12,100
"BT3","0","96","vel_bottom",16,16,100
"BT3","0.5","96","vel_bottom",16,16,100
"BT3","1","96","vel_bottom",15,15,100
"BT3","0","1","vel_upper",16,16,100
"BT3","0.5","1","vel_upper",16,16,100
"BT3","1","1","vel_upper",15,15,100
"BT3","0","24","vel_upper",15,15,100
"BT3","0.5","24","vel_upper",14,14,100
"BT3","1","24","vel_upper",12,12,100
"BT3","0","96","vel_upper",16,16,100
"BT3","0.5","96","vel_upper",16,16,100
"BT3","1","96","vel_upper",15,15,100
