claim_type,allowed_source,allowed_wording_boundary,required_output_check
Data preparation and QC,00_data_wrangling.ipynb; 01_data_audit_and_qc.Rmd; QC logs,"Describe transformations, exclusions, derived variables, and data usability only.",09_expected_output_audit: BT1/BT2/BT3 audited datasets
Endpoint registry,00_project_setup.Rmd; 02_endpoint_hierarchy_and_assumptions.Rmd; endpoint registry CSV,Describe endpoint roles without primary/secondary hierarchy.,09_expected_output_audit: endpoint registry and model readiness
Endpoint ethanol effect,03_ethanol_factorial_models.Rmd; model result tables; effect-size/contrast tables,"Claim endpoint-level treatment, exposure, or treatment-by-exposure effects only when supported by endpoint models.",09_expected_output_audit: ethanol model results
Battery-context effect,04_battery_effect_analysis.Rmd; battery-comparison tables; Notebook 06 wording audit,Claim battery-context differences only where detected; otherwise use inconclusive unless formal equivalence was supported.,09_expected_output_audit: battery-context summary
PCA structure,05_multivariate_pca_structure.Rmd; PCA variance/loadings/scores; Notebook 06 PCA audit,Describe multivariate organization and loading-supported component structure; do not claim PCA proves ethanol effects.,"09_expected_output_audit: PCA variance, loadings, and scores"
Condition factor inclusion,Condition-factor audit from Notebook 05 or 06,"Report as condition factor (K) only if formula, units, range, and availability audit passed.",09_expected_output_audit: condition-factor audit where available
Robustness classification,06_sensitivity_and_robustness.Rmd; decision register; critical flags; stability tables,"Use robust, partially robust, fragile, descriptive, or unresolved according to Notebook 06 outputs.",09_expected_output_audit: decision register and critical flags
Reporting table or figure,07_reporting_tables_and_figures.Rmd; reporting manifest,Tables and figures summarize saved outputs only.,09_reporting_bundle_audit; 07_reporting_manifest
Methods text,08_statistical_methods_text.Rmd; methods source map,Methods text summarizes completed decisions only; no new analysis decisions.,09_methods_text_audit; 08_methods_source_map
